target_tps,sequence_number,asset_id,status,error_message,transaction_id,t1_proposal_sent_ms,t2_endorsement_received_ms,t3_submitted_to_orderer_ms,t4_committed_ms,endorsement_delay_ms,ordering_delay_ms,commit_delay_ms,total_latency_ms
100,9,bottleneck_100_9_1780391815827_341841,success,,27bb88e13408648421fa097a8c65c4bf41c45128424d68c713953406b7123519,1780391815827,1780391815833,1780391815835,1780391815869,6,2,34,42
100,5,bottleneck_100_5_1780391815787_93093,success,,8d3e71c459215b3bb8f45ebe4d04e26acfc11c0b2b9a0487e4c15dbe6e2a6ce8,1780391815787,1780391815793,1780391815795,1780391815870,6,2,75,83
100,4,bottleneck_100_4_1780391815778_191098,success,,7aa002793c320d02fc7c2d88b557b60440e0a7f3fdf71f111c0c3a7ff64e758e,1780391815778,1780391815786,1780391815789,1780391815870,8,3,81,92
100,2,bottleneck_100_2_1780391815757_742188,success,,5c639483ae481a2a61872397b441dc3b0bfb0f2bd67173ab4b7525b3d086e1a4,1780391815757,1780391815765,1780391815767,1780391815870,8,2,103,113
100,8,bottleneck_100_8_1780391815818_545270,success,,7f997fa8c4b5f342d5ee39ce4b33d77256c402148976a664a0fe7a0201c879d4,1780391815818,1780391815825,1780391815828,1780391815870,7,3,42,52
100,1,bottleneck_100_1_1780391815747_50060,success,,98a420fb36960b7f372f3532a9ab451d258add6d8c5845d97c12c41d102590dc,1780391815747,1780391815759,1780391815762,1780391815870,12,3,108,123
100,0,bottleneck_100_0_1780391815737_456287,success,,5fa251954c96181e1ddeb57c7c266248201b3f0e21c09558c1305203d6653426,1780391815737,1780391815756,1780391815760,1780391815871,19,4,111,134
100,3,bottleneck_100_3_1780391815768_463656,success,,dbd13f2f77bc07e887433cb890245a5bebf40c0635ed42cee41700bf642b10ea,1780391815768,1780391815776,1780391815779,1780391815871,8,3,92,103
100,6,bottleneck_100_6_1780391815798_580916,success,,64657cde650f7abf9b969679d65f626e824be1b90947ab488ae7ca2b0dccae7f,1780391815798,1780391815805,1780391815807,1780391815871,7,2,64,73
100,7,bottleneck_100_7_1780391815808_87642,success,,c451b6c91b4ce5517e028199a5bd98428db0952bd9cebd893d499eaef815ef34,1780391815808,1780391815814,1780391815816,1780391815871,6,2,55,63
100,19,bottleneck_100_19_1780391815928_898558,success,,58befab99d6be265e8f5a7a72638601aeafbf84dd33c3a5b91f133a3d06d2de6,1780391815928,1780391815933,1780391815935,1780391815967,5,2,32,39
100,10,bottleneck_100_10_1780391815837_998160,success,,fae17d76ddb2f9a62698846bae7caaac089d9e5b2f048eb0860bb009ef9feb6e,1780391815837,1780391815854,1780391815859,1780391815967,17,5,108,130
100,14,bottleneck_100_14_1780391815878_292302,success,,7928233cc426a720ef30a06089aab885b6f9b6f40d5c7561df6be015287418bc,1780391815878,1780391815884,1780391815888,1780391815967,6,4,79,89
100,11,bottleneck_100_11_1780391815848_712943,success,,ac4652ee3dc71f2a832a0b677bc5b38bfd1df1a7b113d9bf231e49429cf29524,1780391815848,1780391815864,1780391815866,1780391815968,16,2,102,120
100,13,bottleneck_100_13_1780391815867_313604,success,,2973b45652968e5dc9f7a7ddae3ab396797f1ae332c874b7da31255c926f3527,1780391815867,1780391815881,1780391815885,1780391815968,14,4,83,101
100,12,bottleneck_100_12_1780391815858_704211,success,,c4c0448cf49bf3ac9c7e2733e4000ae376d3c2edc0416ba14f3d2a37beaffbd3,1780391815858,1780391815882,1780391815886,1780391815968,24,4,82,110
100,16,bottleneck_100_16_1780391815897_706736,success,,44a90991ab20744f7e046e0fcdb6e5aaac3fe6eafbef50f68dc07cf6dbd74860,1780391815897,1780391815903,1780391815905,1780391815968,6,2,63,71
100,15,bottleneck_100_15_1780391815887_765580,success,,d3a8c1eb816caa217ad5364d1ea591fc467e62412c9fbb9aef62faaa2c468478,1780391815887,1780391815893,1780391815894,1780391815968,6,1,74,81
100,17,bottleneck_100_17_1780391815907_633572,success,,25d810e632e469ea8f62ac37c080a44a3708fbd40f9f791e9f4ce323c7a92f0b,1780391815907,1780391815912,1780391815914,1780391815969,5,2,55,62
100,18,bottleneck_100_18_1780391815917_387307,success,,6205c1bc32ddd7dcfcbe29fc57ed025023275e737914d20ce0b6b9f2c2a06c77,1780391815917,1780391815923,1780391815925,1780391815969,6,2,44,52
100,20,bottleneck_100_20_1780391815938_308356,success,,d8b41d3ddb9d553e4916b1c338f7c0bde392670bc96a640dbfeddc4e1556af2f,1780391815938,1780391815954,1780391815957,1780391816057,16,3,100,119
100,29,bottleneck_100_29_1780391816027_93007,success,,327e7ae9a75e6321ccbde76c7968e9137d9c0e53de9e2aae9c55515d36a562d2,1780391816027,1780391816032,1780391816034,1780391816057,5,2,23,30
100,24,bottleneck_100_24_1780391815978_404444,success,,a0d4efebcb87052bb792a1956df8ab4520e2cd88d4fb4f6d192bb37d775a220c,1780391815978,1780391815983,1780391815985,1780391816057,5,2,72,79
100,25,bottleneck_100_25_1780391815988_916097,success,,0b8aafbf5e22b09faabe40ad24eca3c34183f8610288683e2a2222fdef5c322f,1780391815988,1780391815995,1780391815999,1780391816057,7,4,58,69
100,21,bottleneck_100_21_1780391815947_564120,success,,296aedec9cf25d4769579428db121ebbdd1e18f9f336352460aa0bde25c4e2e7,1780391815947,1780391815968,1780391815973,1780391816057,21,5,84,110
100,26,bottleneck_100_26_1780391815998_631386,success,,9c6f72a7d06bb16c8c6ec3a5a0cb82385a8fd0ac78945a725b5816a8991430c1,1780391815998,1780391816005,1780391816007,1780391816057,7,2,50,59
100,27,bottleneck_100_27_1780391816007_772340,success,,3acd281a5d91d7e74507574be9301a129fc987960eeb37ca995ff5fc320608d0,1780391816007,1780391816012,1780391816014,1780391816057,5,2,43,50
100,22,bottleneck_100_22_1780391815958_629682,success,,d4a2792775613b056f7121f75e2c326715d99d921e727c6aebbb42793b72bc0b,1780391815958,1780391815972,1780391815974,1780391816057,14,2,83,99
100,23,bottleneck_100_23_1780391815969_790107,success,,00d343122a98d4104be45f5318b21606024ffbbde503ca707e5245103b4d6a90,1780391815969,1780391815975,1780391815977,1780391816057,6,2,80,88
100,28,bottleneck_100_28_1780391816018_387946,success,,41368511ea72117083be3823251af4ad9a99d945ba0675c489dcaad2c1673401,1780391816018,1780391816023,1780391816025,1780391816057,5,2,32,39
100,33,bottleneck_100_33_1780391816068_334641,success,,00a7f35fc64abc70fb112cd3ab106a57b9cd57f04544277e27199b335de132f9,1780391816068,1780391816073,1780391816076,1780391816156,5,3,80,88
100,39,bottleneck_100_39_1780391816127_798337,success,,fa8c68920b37b45d5582241bce63929324d0bca06ce4c0d951501e5bfe335925,1780391816127,1780391816133,1780391816135,1780391816156,6,2,21,29
100,34,bottleneck_100_34_1780391816078_51608,success,,44e2e4fdb01459dbe5cf0d03c313e67f463aa9a5e59ebd145c2f15a2ad680f9c,1780391816078,1780391816085,1780391816088,1780391816156,7,3,68,78
100,30,bottleneck_100_30_1780391816037_67834,success,,56f9a69fcab0c3ed3cea91a7a72158d746d2fbff6f0c4d186295d86e02a59ffb,1780391816037,1780391816050,1780391816052,1780391816156,13,2,104,119
100,32,bottleneck_100_32_1780391816058_783793,success,,94d8fe483fb7abfe52dd3ea676db4f0f820c4b4b236910143ddad39ee582288d,1780391816058,1780391816063,1780391816065,1780391816156,5,2,91,98
100,31,bottleneck_100_31_1780391816047_749151,success,,48d67f0b6a88c718b20200d0030fd32adcf70d3abe5c583ac9b0dd1c35402e97,1780391816047,1780391816060,1780391816062,1780391816156,13,2,94,109
100,36,bottleneck_100_36_1780391816097_497269,success,,edfe40017a8be3dcc836e7ae0a5572b4bad88b25a036281f3d554e089bd94a18,1780391816097,1780391816103,1780391816105,1780391816156,6,2,51,59
100,35,bottleneck_100_35_1780391816087_607089,success,,e3731a0fcb7c17f99ca2df041fcdddfa5d8ba3771aabf1ede4d611800e900b25,1780391816087,1780391816093,1780391816094,1780391816156,6,1,62,69
100,37,bottleneck_100_37_1780391816108_665590,success,,2db4c6cdda6c71ad59ff8bba08994f3eaa0e26e3c50735bf7b076d500fd8e009,1780391816108,1780391816113,1780391816114,1780391816156,5,1,42,48
100,38,bottleneck_100_38_1780391816118_536232,success,,31ab179ce9fdd2583e4f0163d8c266b352488927547fb1d41a77f4e352569692,1780391816118,1780391816124,1780391816126,1780391816156,6,2,30,38
100,49,bottleneck_100_49_1780391816227_577830,success,,9a28071322909b35e1e3ddad5bf136dcd402aeb8dad8324a1cc1b6184aa5d69c,1780391816227,1780391816232,1780391816234,1780391816259,5,2,25,32
100,40,bottleneck_100_40_1780391816137_146671,success,,f5711d4b1f554d16b7a25da07de76e5fa24bbfa2c65a8e71d19c2bd4ba696dd3,1780391816137,1780391816144,1780391816148,1780391816260,7,4,112,123
100,42,bottleneck_100_42_1780391816158_128402,success,,a84fb39c5b7e29206c0447ee4ff72dcbd44a977d51cd4c375a76d7b4b3e6ebbf,1780391816158,1780391816164,1780391816166,1780391816260,6,2,94,102
100,41,bottleneck_100_41_1780391816147_228717,success,,2dd517f81aa90c0dc8542746a1f43e18f2692358f099b051a1f205c3a8fcab7d,1780391816147,1780391816165,1780391816168,1780391816260,18,3,92,113
100,43,bottleneck_100_43_1780391816167_975,success,,409e7878233eccaece0491941df0d3efe5e7df74ab8156b9b58dc889f867bc9d,1780391816167,1780391816173,1780391816176,1780391816260,6,3,84,93
100,44,bottleneck_100_44_1780391816177_179816,success,,feb32abaaaa1c4af6ad7e9b2cafe35b3343aa33ab19349d76f761f068747a4d6,1780391816177,1780391816182,1780391816184,1780391816260,5,2,76,83
100,45,bottleneck_100_45_1780391816188_490739,success,,16fc64ab2d89ac5b9a5f2adc02b42d52d202c27a06a575854ec0544d55c6cff4,1780391816188,1780391816194,1780391816196,1780391816260,6,2,64,72
100,46,bottleneck_100_46_1780391816197_679302,success,,9b8e222657c78ea3d476de71c2fb8daa47a30980071c973430b7d3763f98b305,1780391816197,1780391816202,1780391816205,1780391816260,5,3,55,63
100,47,bottleneck_100_47_1780391816208_593184,success,,871cb0d9a9b01634e75a624fdde04e84c46cbe6e8617e227241ce4d09aaaac2b,1780391816208,1780391816213,1780391816215,1780391816260,5,2,45,52
100,48,bottleneck_100_48_1780391816217_707827,success,,3a73892cea5748f0c12099bb3830d5afd7fbc2d83af0fa31dd9ec81bd5de7cc9,1780391816217,1780391816224,1780391816226,1780391816260,7,2,34,43
100,59,bottleneck_100_59_1780391816327_992146,success,,5935be2d9aa9bbfa5d795228e23b0b9a5d433fb3407eefc61ae878999e3a85e5,1780391816327,1780391816332,1780391816335,1780391816359,5,3,24,32
100,53,bottleneck_100_53_1780391816269_253372,success,,66a0ee0b9a4cc4401479ae6fe4c5d8ceff2aa1c1d32f8a5e7d047206b5f893e0,1780391816269,1780391816275,1780391816277,1780391816359,6,2,82,90
100,50,bottleneck_100_50_1780391816238_877157,success,,c14bcb9e50fef3fd04425faf7cc065864018403c323fabfd6ee29864f19d71ae,1780391816238,1780391816260,1780391816268,1780391816359,22,8,91,121
100,51,bottleneck_100_51_1780391816248_623745,success,,d30b3eda440ccbfe11a8d551338edde5a00cc8b39293da3733b18b0cc6eecda2,1780391816248,1780391816264,1780391816270,1780391816359,16,6,89,111
100,52,bottleneck_100_52_1780391816258_761270,success,,ed57e2a32572b382b96a4068a1f4ec03c3045f64f82813c85d9ad191c5e3d53c,1780391816258,1780391816270,1780391816274,1780391816359,12,4,85,101
100,56,bottleneck_100_56_1780391816297_369105,success,,697ec6fc4c21d89c112c00a6d361d223ea85462d3364ebab77e700ba1f4f802a,1780391816297,1780391816302,1780391816305,1780391816359,5,3,54,62
100,54,bottleneck_100_54_1780391816278_758618,success,,5fe6340236cdd79ce3c1fd7e5c01869eac1d9ecad57c36963b81a50cdd639ed8,1780391816278,1780391816283,1780391816285,1780391816359,5,2,74,81
100,55,bottleneck_100_55_1780391816288_481911,success,,03066822884f304453489467593913bed57935d0ea18e69223309d064c6f44a4,1780391816288,1780391816294,1780391816296,1780391816359,6,2,63,71
100,57,bottleneck_100_57_1780391816307_500558,success,,5edd7b5abd669d6ee2f4cddcf824c86e3dfcbe7c278c55852db07b23ed951bae,1780391816307,1780391816312,1780391816314,1780391816359,5,2,45,52
100,58,bottleneck_100_58_1780391816317_174841,success,,d1661a0e96071fb4b0fe75f5e86439b256b2566f76092e0fa254b3a548ad41a6,1780391816317,1780391816324,1780391816326,1780391816359,7,2,33,42
100,69,bottleneck_100_69_1780391816429_417448,success,,61a0a7437ad2003aa85ab9f871cfb42cd22f3cae069051002e49804e3cc8fb14,1780391816429,1780391816435,1780391816437,1780391816473,6,2,36,44
100,60,bottleneck_100_60_1780391816337_494106,success,,bf5fbc3e60db08df7d57920e3f18836a503b28cb5ac402f6e801bfe83f2b2309,1780391816337,1780391816344,1780391816350,1780391816473,7,6,123,136
100,62,bottleneck_100_62_1780391816357_247492,success,,c45cbf546670acb44dbd24c06da9bf839602c07adb40c14358fcdb5ec2dbe6f9,1780391816357,1780391816364,1780391816366,1780391816473,7,2,107,116
100,61,bottleneck_100_61_1780391816348_32235,success,,869dcd2ad0349e341fec070ab98c2111ea8b35796fc6dbbea85da5b3601f6641,1780391816348,1780391816365,1780391816366,1780391816473,17,1,107,125
100,65,bottleneck_100_65_1780391816388_795673,success,,153cbaf812d3131085340662723437d9349492bb8266e740f03625f26daea4fb,1780391816388,1780391816395,1780391816397,1780391816473,7,2,76,85
100,63,bottleneck_100_63_1780391816367_398365,success,,8cdc50adfb5988007b0f2ad92530ac0887d706b60eaf3b18b8113f177c844af0,1780391816367,1780391816373,1780391816375,1780391816473,6,2,98,106
100,64,bottleneck_100_64_1780391816378_996614,success,,5de38b3dadf3a60bbf0c009f526acb42b6f96d41c84180e452427432ed5c7c0f,1780391816378,1780391816383,1780391816385,1780391816473,5,2,88,95
100,67,bottleneck_100_67_1780391816407_43183,success,,b8e581c95e26e953944433db246636451e1c33d681f62419247970b9d6d49263,1780391816407,1780391816414,1780391816416,1780391816473,7,2,57,66
100,66,bottleneck_100_66_1780391816398_191932,success,,6251b698f388a96b57bd448cc67dd0bd0cdc00f6c1ea8807742b4d83442e8685,1780391816398,1780391816403,1780391816406,1780391816473,5,3,67,75
100,68,bottleneck_100_68_1780391816417_918081,success,,929fc6aff8890ee3eda43f0d72628a196790277eac99fdda2d80f9d53a19162f,1780391816417,1780391816425,1780391816428,1780391816473,8,3,45,56
100,79,bottleneck_100_79_1780391816527_631057,success,,36d53196372ed663960a2f455d874d16e5778c15158ecbd1db911ab03ccf7dee,1780391816527,1780391816532,1780391816534,1780391816556,5,2,22,29
100,76,bottleneck_100_76_1780391816498_232496,success,,42e82e8a941f3bc376d94c5cfd0d87aae019d7502d2bb61330f2c3c5a90ea3d1,1780391816498,1780391816504,1780391816507,1780391816556,6,3,49,58
100,73,bottleneck_100_73_1780391816467_982362,success,,f28788aee051f3f4be1e40096edcbe6caed69c9795a46c4cc54af2422f984a00,1780391816467,1780391816478,1780391816484,1780391816556,11,6,72,89
100,74,bottleneck_100_74_1780391816477_103293,success,,fb68fc4972ca17687fe18f5d1875141f3f6725b12c67a2fda9ec4cf875763cb3,1780391816477,1780391816485,1780391816487,1780391816556,8,2,69,79
100,75,bottleneck_100_75_1780391816489_211828,success,,f044da5b223ac09a1124653e0df12b4f2f938459ab05b827531ffd74ab23c394,1780391816489,1780391816494,1780391816497,1780391816556,5,3,59,67
100,70,bottleneck_100_70_1780391816439_548764,success,,5e3f3287d9322589728c15535d8d017b92cc021bcfbcfece2007ba47faa67c48,1780391816439,1780391816449,1780391816459,1780391816556,10,10,97,117
100,77,bottleneck_100_77_1780391816507_520914,success,,13b2b1e03597501968259e1c8f1be07e4bc9d49ff91f3134c69908283d6ed60b,1780391816507,1780391816513,1780391816515,1780391816556,6,2,41,49
100,71,bottleneck_100_71_1780391816447_228680,success,,1125f616b20a15715ffece458e042aa4785b8eb37af35015e1b825444b645a20,1780391816447,1780391816473,1780391816476,1780391816556,26,3,80,109
100,72,bottleneck_100_72_1780391816457_41355,success,,3e3c44c56f2dc52e5eee98ab035b42575ff9f75aaeb706f2c13049ea53ac08d6,1780391816457,1780391816479,1780391816483,1780391816556,22,4,73,99
100,78,bottleneck_100_78_1780391816518_413803,success,,ad52b05608caafe1f895582a4b9bbee630fdbcfedc9ed7a5413e4f21c41c5461,1780391816518,1780391816524,1780391816526,1780391816556,6,2,30,38
100,89,bottleneck_100_89_1780391816628_277234,success,,cea248254a28d604d620c7d049e315891725ff2e8b283e0c570a0ed7215ebcc4,1780391816628,1780391816633,1780391816636,1780391816659,5,3,23,31
100,83,bottleneck_100_83_1780391816567_713260,success,,d01081661be730bd82e6d863376a352cb44644bbd21a0794be3842b7587b36c9,1780391816567,1780391816574,1780391816577,1780391816659,7,3,82,92
100,84,bottleneck_100_84_1780391816578_766396,success,,44a44e1c7b95b24245db570902803fe6bed8c1c08dd3df41328ec5ab62d19206,1780391816578,1780391816583,1780391816586,1780391816659,5,3,73,81
100,82,bottleneck_100_82_1780391816558_203650,success,,f348dee82bb01420196ff4f6e37e0007f7ad29dcfa991fe3d37bc4d5897de81b,1780391816558,1780391816564,1780391816566,1780391816659,6,2,93,101
100,81,bottleneck_100_81_1780391816548_908830,success,,0355759afbd7f0cb005a17c3b729b23b3d786dae37aa58f0ff96a96f6c3bc90a,1780391816548,1780391816560,1780391816562,1780391816659,12,2,97,111
100,85,bottleneck_100_85_1780391816588_758864,success,,86c6e83c2e56f63429e5142556d4a37718d6c8d325f2bbcea90c5f4fdd1d0e2d,1780391816588,1780391816595,1780391816597,1780391816659,7,2,62,71
100,80,bottleneck_100_80_1780391816537_613547,success,,181da1d0f7156fc9eaf6532a15f684dd49757d9e147b5eacbef654ade3084351,1780391816537,1780391816547,1780391816550,1780391816659,10,3,109,122
100,86,bottleneck_100_86_1780391816598_707725,success,,6d3ba6f94b0cc9cc3f4179e95e0216629e3f586e561cbf36c780f44c10062d3c,1780391816598,1780391816603,1780391816605,1780391816659,5,2,54,61
100,87,bottleneck_100_87_1780391816608_117311,success,,414635c49e33d4ff7746c51a0d9ebcce7a3b7c327409c685193d8e61f2f0a1ac,1780391816608,1780391816614,1780391816616,1780391816659,6,2,43,51
100,88,bottleneck_100_88_1780391816617_993660,success,,f8493dbb78b0678c0b4c12f9a039c8035aa299d312eec0bd0d5f9c97f46a9bb0,1780391816617,1780391816623,1780391816625,1780391816659,6,2,34,42
100,94,bottleneck_100_94_1780391816677_21912,success,,73becf1c94354dd5252df3e6e746cbe6d23bd4c140eebafa3cceb8349d7a63da,1780391816677,1780391816684,1780391816686,1780391816760,7,2,74,83
100,90,bottleneck_100_90_1780391816639_157423,success,,039d1b62bc10adb93b09c299421ad8cdad4cbc886bbd8dfcd7593100dde40256,1780391816639,1780391816659,1780391816662,1780391816760,20,3,98,121
100,96,bottleneck_100_96_1780391816697_654047,success,,9bd07d52951b9695e8e9518c361e61b6b6620676973c0d7f68630ef29946e3fd,1780391816697,1780391816704,1780391816707,1780391816760,7,3,53,63
100,99,bottleneck_100_99_1780391816729_734664,success,,b4eec7a25025e3c54af68250d975d79fd7a244fb7d3e9acc776fde10dbc773fa,1780391816729,1780391816734,1780391816736,1780391816761,5,2,25,32
100,97,bottleneck_100_97_1780391816707_779747,success,,e9f6c07cdd8a0f59d8c7110eb8a451ab5493abcc574daae582a71a73aedcdc1c,1780391816707,1780391816713,1780391816715,1780391816761,6,2,46,54
100,98,bottleneck_100_98_1780391816717_238903,success,,5956973a48ff2aa3c2752f1ee5449dd7ecc0e261252a42b80843197162b0da67,1780391816717,1780391816723,1780391816725,1780391816761,6,2,36,44
100,91,bottleneck_100_91_1780391816647_890086,success,,d64bea248b88e18b93d33081fece6e90156548c532399cdf84b7509cb4521022,1780391816647,1780391816663,1780391816665,1780391816761,16,2,96,114
100,92,bottleneck_100_92_1780391816658_326677,success,,81b00bb900188cbe3b8cb548f3dafe6bd450f277c355cd8f1e40121197b853ae,1780391816658,1780391816664,1780391816666,1780391816761,6,2,95,103
100,95,bottleneck_100_95_1780391816687_801566,success,,3e6831d263bcdd85a2bbb151a599d4fcef580dbd64ec494a2f37603c9fa67dc2,1780391816687,1780391816693,1780391816695,1780391816761,6,2,66,74
100,93,bottleneck_100_93_1780391816667_225517,success,,d3e18018649653cbbdf2a28c952f0df7b48f1b69d450b1ddc8344546c47dffc8,1780391816667,1780391816672,1780391816675,1780391816761,5,3,86,94
100,109,bottleneck_100_109_1780391816828_960682,success,,8bce49015be79b6cac9ebfe79e204dbd93f468504b116b88fe3f338f010826cd,1780391816828,1780391816834,1780391816837,1780391816860,6,3,23,32
100,100,bottleneck_100_100_1780391816738_455316,success,,3be1cef6d67e19db7e38edfbc9192d5caf4556927bfaf09073f544f7ac4cb0ef,1780391816738,1780391816746,1780391816749,1780391816860,8,3,111,122
100,101,bottleneck_100_101_1780391816748_968461,success,,b9b965f8503913ee4b94593ac3e08dae26350e7098bfb1c73d14c324d2a324df,1780391816748,1780391816758,1780391816762,1780391816860,10,4,98,112
100,105,bottleneck_100_105_1780391816788_428310,success,,e455c4d06c53bfec1ab8eec0eed866df279f6b2780cbd88f8f46a9bc2ac1027d,1780391816788,1780391816794,1780391816797,1780391816860,6,3,63,72
100,107,bottleneck_100_107_1780391816808_90674,success,,b4c51c147eec8ed189ef20bb7653470970391ac1269effe331a019c3d038fdb9,1780391816808,1780391816813,1780391816815,1780391816860,5,2,45,52
100,103,bottleneck_100_103_1780391816767_805618,success,,bdbb10b19330dd155f26fd903fd447cdef134b83eaf2525cc1874db0b40a7c87,1780391816767,1780391816773,1780391816775,1780391816860,6,2,85,93
100,106,bottleneck_100_106_1780391816798_608233,success,,a4c9595a487778c3825aab3a926d431446f5542c7764ca82e2a50b4470ca40de,1780391816798,1780391816803,1780391816807,1780391816860,5,4,53,62
100,104,bottleneck_100_104_1780391816778_945784,success,,eaf47c4e02055735527eee94b7327769cb9613437c435f24880a5d10ce6cfa61,1780391816778,1780391816785,1780391816787,1780391816860,7,2,73,82
100,108,bottleneck_100_108_1780391816817_581596,success,,cd8106cce06da682e92df838104190ca2b2a9930b0ef292984002a076a423018,1780391816818,1780391816823,1780391816825,1780391816860,5,2,35,42
100,102,bottleneck_100_102_1780391816757_95532,success,,b8baa44e0b04168f26a24db0bdd2be5c177cd5e6b2193522f3048c7dc171adea,1780391816757,1780391816765,1780391816767,1780391816860,8,2,93,103
100,110,bottleneck_100_110_1780391816838_746693,success,,d95b3bb9ab6a1b3f6029e48eb5122e7b08db209fb124f7df1fc1e858b7dc9005,1780391816838,1780391816844,1780391816846,1780391816953,6,2,107,115
100,119,bottleneck_100_119_1780391816927_1575,success,,3d6b3924162c00ffc328803023f95f01776c5d45f592c84adac96a75b79ebb91,1780391816927,1780391816932,1780391816934,1780391816953,5,2,19,26
100,117,bottleneck_100_117_1780391816908_951295,success,,36bc6e91b62eb49b82bf8338f9a29516f2998aeb7b8742fd8c8eb3a1d1641621,1780391816908,1780391816912,1780391816914,1780391816953,4,2,39,45
100,114,bottleneck_100_114_1780391816877_641077,success,,982699c5b85cd3fb7a12e48ec11e395ddea52b9838751ccdd12e23c9447f481e,1780391816877,1780391816882,1780391816884,1780391816953,5,2,69,76
100,112,bottleneck_100_112_1780391816857_689374,success,,accff842d60d68a763a152a824fafa7cba0807204b6a44cdc132b73c02c9ed55,1780391816857,1780391816865,1780391816867,1780391816953,8,2,86,96
100,113,bottleneck_100_113_1780391816868_867268,success,,3c7f303a453cd7e92685d136f02e0c27a164369abc47a32455e07939e567fdd4,1780391816868,1780391816874,1780391816876,1780391816953,6,2,77,85
100,116,bottleneck_100_116_1780391816897_455529,success,,bc18fb8cac4f22db7512c10e4fa6a4550b7e6d3285e44b105d9515ee0530e605,1780391816897,1780391816902,1780391816906,1780391816953,5,4,47,56
100,115,bottleneck_100_115_1780391816888_822901,success,,ee49dc1145a7ee5a9fd6d954d2608352982218ee3996f6258578dc234fdd7a75,1780391816888,1780391816893,1780391816895,1780391816954,5,2,59,66
100,118,bottleneck_100_118_1780391816918_685540,success,,bcbb41a3d5a79d24e4922e4aa1f9459e7a31213c20633da6f52400eb107fda29,1780391816918,1780391816926,1780391816928,1780391816954,8,2,26,36
100,111,bottleneck_100_111_1780391816847_65667,success,,2e675772bb84938bf5589879a849ea3bcc90af932650af05eafdfa3011360f0f,1780391816847,1780391816862,1780391816865,1780391816954,15,3,89,107
100,120,bottleneck_100_120_1780391816937_308147,success,,b82055b889bfb928ff8ca1190fe44d2e1bee8da15df586851024259c4313af37,1780391816937,1780391816946,1780391816950,1780391817061,9,4,111,124
100,123,bottleneck_100_123_1780391816967_20315,success,,ad1da5fedc9602db7c0ec28d08223d9c56952e5a24ba51e79a32ec28fbd89abe,1780391816967,1780391816973,1780391816976,1780391817061,6,3,85,94
100,129,bottleneck_100_129_1780391817028_414084,success,,8c07ea487082f0856677fd690ce63e904046af6170f2c7e39462f7aadff42a25,1780391817028,1780391817033,1780391817035,1780391817061,5,2,26,33
100,126,bottleneck_100_126_1780391816998_740141,success,,2770105493b65cd24aa98781b933ab96dc721ac71b1b20444906e7cb1c812bc0,1780391816998,1780391817004,1780391817008,1780391817061,6,4,53,63
100,125,bottleneck_100_125_1780391816988_426415,success,,c94e2650fc763397db6a13ad49bfdeea7a0af4ef2f36393122ef51ca27b30bf0,1780391816988,1780391816996,1780391817000,1780391817061,8,4,61,73
100,128,bottleneck_100_128_1780391817018_568024,success,,72d5b389e8e1e9bcfee99ceac14cc0962e7341a94a038d3eb8c74e349a12f653,1780391817018,1780391817024,1780391817026,1780391817061,6,2,35,43
100,127,bottleneck_100_127_1780391817007_493649,success,,b943ac580989f22503483e5036b446a5d58677b0cf87a35a038ab2e5280051f9,1780391817007,1780391817012,1780391817015,1780391817061,5,3,46,54
100,124,bottleneck_100_124_1780391816977_197878,success,,2d2bc1a75a34d21dccff107134e684b9170a9c663cd3c67e08d42a1006e3c712,1780391816977,1780391816982,1780391816984,1780391817062,5,2,78,85
100,121,bottleneck_100_121_1780391816947_42791,success,,10df51d1b004db359a4d9930940b2105f31083dabb131a218546ec71e604db42,1780391816947,1780391816960,1780391816962,1780391817062,13,2,100,115
100,122,bottleneck_100_122_1780391816958_69714,success,,b1d7823a94682511defea5d994019476f2227395adeb9e2d92922202629619ca,1780391816958,1780391816963,1780391816966,1780391817062,5,3,96,104
100,139,bottleneck_100_139_1780391817129_732263,success,,b144da521e7007c84acc29a4618fb7c50b04ce1509ebc33d873a4b8d318f2254,1780391817129,1780391817134,1780391817136,1780391817164,5,2,28,35
100,130,bottleneck_100_130_1780391817037_670593,success,,ad627313943c784cf083157bd8ea6d1b6337c25a45777a790c0c0d91b915f468,1780391817037,1780391817049,1780391817052,1780391817164,12,3,112,127
100,131,bottleneck_100_131_1780391817047_973196,success,,d103d6749f9238ff9398ee8b74b7bc75059c537aa571cee049af9830a3d4f5f9,1780391817047,1780391817062,1780391817066,1780391817164,15,4,98,117
100,132,bottleneck_100_132_1780391817057_72018,success,,62e18bde8c2f4fd4d91efa12a59ae5eba540e89f780c660396e0dc11820a5d47,1780391817057,1780391817065,1780391817067,1780391817164,8,2,97,107
100,133,bottleneck_100_133_1780391817068_408809,success,,41cc9ca2945bb37219d99de8a67cb9f70955c4157b4ba2eb897679b11730d487,1780391817068,1780391817074,1780391817077,1780391817164,6,3,87,96
100,134,bottleneck_100_134_1780391817077_673604,success,,20a9351d69253a915cf4663ba7deca924a21b2cb93f780b1cdd378c6029985f3,1780391817077,1780391817083,1780391817085,1780391817164,6,2,79,87
100,135,bottleneck_100_135_1780391817088_577768,success,,caec2f7f39c9509bbe7333870feee87eec1c1cfa83416f783399fe865777390e,1780391817088,1780391817096,1780391817098,1780391817164,8,2,66,76
100,136,bottleneck_100_136_1780391817098_43616,success,,5a32a5d7c93bf34f505a8d2a787b86e2ea8381d174217b89cc411337be248cb4,1780391817098,1780391817103,1780391817106,1780391817164,5,3,58,66
100,137,bottleneck_100_137_1780391817107_247025,success,,9008f8378d5c20f2db1dd2659085345ad857b79fe7a619162ccfc38a08a99000,1780391817107,1780391817113,1780391817115,1780391817164,6,2,49,57
100,138,bottleneck_100_138_1780391817117_599629,success,,f547383a665fa96a1f6f8f395618b1fa5bf6d062c11ed279de28bbf28104572f,1780391817117,1780391817125,1780391817127,1780391817164,8,2,37,47
100,140,bottleneck_100_140_1780391817138_185964,success,,17163c6cc5faf6ae26022b3c2261fc364d883c380f589e4f9078867cd4059dc4,1780391817138,1780391817146,1780391817150,1780391817257,8,4,107,119
100,141,bottleneck_100_141_1780391817148_348954,success,,ba94fce3abdcb263ff73c0b1757b1f53dd8aa54b5afb84bc65009b8150000063,1780391817148,1780391817163,1780391817166,1780391817257,15,3,91,109
100,142,bottleneck_100_142_1780391817158_481917,success,,901f3a9c589b9317edbbd46eaac1aa9f897a6fb6bc9ab8592c2459b061278340,1780391817158,1780391817168,1780391817176,1780391817257,10,8,81,99
100,146,bottleneck_100_146_1780391817197_81576,success,,21cddf69d336fe773d657054cb7c06698fa64d8938ab0ebeadf8b64c53d0c364,1780391817197,1780391817202,1780391817205,1780391817257,5,3,52,60
100,145,bottleneck_100_145_1780391817187_749787,success,,40054f494997146d3eadf91d17c52bfdaeaa60f30e481227c8167763cc46e11c,1780391817187,1780391817194,1780391817197,1780391817257,7,3,60,70
100,143,bottleneck_100_143_1780391817169_464407,success,,ba7323b63369426160acb0012f25fdea76d2e7c0b128fc5b066dc333eaa6b16e,1780391817169,1780391817181,1780391817183,1780391817257,12,2,74,88
100,147,bottleneck_100_147_1780391817208_458589,success,,a7baff4b6553e2dd6f939f95f3c9529f7bf276ec302af2835854751faa4c5c07,1780391817208,1780391817215,1780391817221,1780391817257,7,6,36,49
100,148,bottleneck_100_148_1780391817218_923800,success,,3bfa15dba1ba4e0136a3a387c2eb11b9bc0feef0ff7413a6440cb8d7716cbfce,1780391817218,1780391817228,1780391817230,1780391817257,10,2,27,39
100,144,bottleneck_100_144_1780391817177_261706,success,,775192f3f9b09d81700a8d5aa1fc9df125fbf118ae9e84148e36a055a4b6dfc2,1780391817177,1780391817182,1780391817184,1780391817257,5,2,73,80
100,149,bottleneck_100_149_1780391817229_36192,success,,a41b6982c8291541ce803b09bd888e88d2a21a6f59fade5af1f82ad3489c62eb,1780391817229,1780391817234,1780391817236,1780391817257,5,2,21,28
100,151,bottleneck_100_151_1780391817247_209675,success,,ccd92992969b3066edc173e57ac8d58b5dc9cc49d40650f0ac81ebeed91acb4e,1780391817247,1780391817260,1780391817262,1780391817360,13,2,98,113
100,150,bottleneck_100_150_1780391817237_944355,success,,539b3dec9923d0897689e463b22b66286708661b114aaecf4a0c80a372f8b711,1780391817237,1780391817246,1780391817249,1780391817360,9,3,111,123
100,155,bottleneck_100_155_1780391817287_933018,success,,9c48bc88239df91b77eacce6ff611474e8ec84af03596b9b40fec806c3c2f21d,1780391817287,1780391817293,1780391817295,1780391817361,6,2,66,74
100,156,bottleneck_100_156_1780391817297_477514,success,,fdafc52176a2bb3a9ef6ad39fdd1a6735caa3c4f56a6a08742fdbc65689e48bc,1780391817297,1780391817302,1780391817304,1780391817361,5,2,57,64
100,159,bottleneck_100_159_1780391817328_524027,success,,4b9528a58b66ca93158a94cc9952711083e297ef97dc161342e85d9a18c8be82,1780391817328,1780391817333,1780391817335,1780391817361,5,2,26,33
100,152,bottleneck_100_152_1780391817258_461923,success,,3741bb7098b7468076aceaef964dc7a413c3989ee522dc317ee0e4c30cbcaed2,1780391817258,1780391817263,1780391817265,1780391817361,5,2,96,103
100,157,bottleneck_100_157_1780391817309_873791,success,,a7515dae1f7ce8d889aaf88ca9493305e145842282b481e3e3daf4b6c78d2b8a,1780391817309,1780391817315,1780391817317,1780391817361,6,2,44,52
100,158,bottleneck_100_158_1780391817318_24141,success,,01f248d5e6bf59bbae15b1fe75f0dbbccb52d979f73486ea99c3f32113a6bed9,1780391817318,1780391817323,1780391817324,1780391817361,5,1,37,43
100,153,bottleneck_100_153_1780391817268_76725,success,,121fa3153ad063ca0b111f7d4020dc810bb602625dacd9bb8b7565e4f6fb7050,1780391817268,1780391817273,1780391817275,1780391817361,5,2,86,93
100,154,bottleneck_100_154_1780391817277_189107,success,,7ed32da60d1128cd7f0db187c52fdb260a67a9a705c2a07415592d0113a996c7,1780391817277,1780391817282,1780391817284,1780391817361,5,2,77,84
100,162,bottleneck_100_162_1780391817358_33407,success,,16747006f283fc4787524b209732e59db521f6a62aa03de366e5897541261945,1780391817358,1780391817364,1780391817366,1780391817457,6,2,91,99
100,163,bottleneck_100_163_1780391817368_965550,success,,c5bcb89ac176c27d3199114bd892fa17e09dd6ba21917c166b66215f7fe524fa,1780391817368,1780391817373,1780391817374,1780391817457,5,1,83,89
100,164,bottleneck_100_164_1780391817377_194744,success,,d84712dde7ce46f6a67175e9f2c11e42d8f31c7713f195e781d0cad13452de2c,1780391817377,1780391817381,1780391817383,1780391817457,4,2,74,80
100,160,bottleneck_100_160_1780391817337_102506,success,,5d0c8a05c3c16a79b83874fba065214578e26df909d4c38d28a11a12285727c9,1780391817337,1780391817344,1780391817348,1780391817457,7,4,109,120
100,165,bottleneck_100_165_1780391817388_270478,success,,0716ce9266d55717d1efdbf8b9421fad0fd9f4cbcf0bf102b93250f8c393ac0b,1780391817388,1780391817394,1780391817396,1780391817457,6,2,61,69
100,161,bottleneck_100_161_1780391817347_415327,success,,161450216257181b8bd781c63901e015c9ed78fb45719892f9bf6042d50a6e72,1780391817347,1780391817362,1780391817365,1780391817457,15,3,92,110
100,166,bottleneck_100_166_1780391817398_644755,success,,6cf4c9bd3d2b75f88ecee495785236c0393eef690a1bcf4d80c272769e79efdf,1780391817398,1780391817404,1780391817407,1780391817457,6,3,50,59
100,169,bottleneck_100_169_1780391817427_763326,success,,8ef740ccf0f3ea6cbf1f61ff25be19950e30361b05e358e0ee1e8bc08040b949,1780391817427,1780391817431,1780391817433,1780391817457,4,2,24,30
100,167,bottleneck_100_167_1780391817408_825851,success,,09d9a92462e062883e8e3b4b69130ed1f64f8fc5b2362fc38ddbd6e28c3c637a,1780391817408,1780391817412,1780391817413,1780391817457,4,1,44,49
100,168,bottleneck_100_168_1780391817418_664254,success,,a954ee369b430a6a6f1c8297dc13d44054d4108a9b1c25f8b2c351242bbff755,1780391817418,1780391817426,1780391817428,1780391817457,8,2,29,39
100,173,bottleneck_100_173_1780391817469_261263,success,,7cb3c6f68b8a7bb9e6e511b875ce7a96460068fcf88a68d248321639355bd27b,1780391817469,1780391817475,1780391817477,1780391817558,6,2,81,89
100,179,bottleneck_100_179_1780391817528_932566,success,,cd1a8b2d3d4b986f2972fce24aefd5ab67cc170c6841a88a96bdeef14033cab0,1780391817528,1780391817532,1780391817534,1780391817558,4,2,24,30
100,171,bottleneck_100_171_1780391817448_335754,success,,00bf6e6ed7208fd7f1b25dd1508b0642b74d953065f3dbb5a91f2b94e1bab4f4,1780391817449,1780391817461,1780391817463,1780391817558,12,2,95,109
100,170,bottleneck_100_170_1780391817437_388739,success,,a12aa8e7c19bb2f6f918191ba488e1eeb69c81e34f5c5fb6e46fd8c7d912f34a,1780391817437,1780391817447,1780391817450,1780391817558,10,3,108,121
100,172,bottleneck_100_172_1780391817457_361115,success,,b037145af4429f25ddabcb33858367f89493a6bbf6270951957352639f0acba2,1780391817457,1780391817462,1780391817463,1780391817558,5,1,95,101
100,174,bottleneck_100_174_1780391817477_554530,success,,f35806cad6752d9d005255750a6fe6df6dc43427a5d39b46395df0d559c49a05,1780391817477,1780391817482,1780391817484,1780391817558,5,2,74,81
100,176,bottleneck_100_176_1780391817498_85668,success,,9a34a0234e722c1d7b3c43599b6e23b8921a4796255d67e7060285a05298b4d0,1780391817498,1780391817503,1780391817506,1780391817558,5,3,52,60
100,177,bottleneck_100_177_1780391817508_653958,success,,8718adfddd62d6c71803740bcde25c5cbe2109a4f6c640f38f1923f80120fd57,1780391817508,1780391817512,1780391817514,1780391817558,4,2,44,50
100,175,bottleneck_100_175_1780391817487_460692,success,,d32ddf462401f9798f23c784b269ff0407e9f57c53da9db654dfdc6f3bb1a588,1780391817487,1780391817492,1780391817493,1780391817558,5,1,65,71
100,178,bottleneck_100_178_1780391817518_665970,success,,bd741529ef279eeb291fbc569eec48161cdb2f3c1fa6efd5c4e93c30cdca5011,1780391817518,1780391817524,1780391817525,1780391817558,6,1,33,40
100,189,bottleneck_100_189_1780391817627_800686,success,,990865477dbae5b071f75dcc5e584bc00ac7fb3807ee0f90fc00c9c062da77d9,1780391817627,1780391817631,1780391817634,1780391817651,4,3,17,24
100,180,bottleneck_100_180_1780391817539_485230,success,,a52d0c7110ff949a861cd869fec5d0a5046aa8bc3c99742f75ae11a85dbe5e8a,1780391817539,1780391817551,1780391817553,1780391817651,12,2,98,112
100,181,bottleneck_100_181_1780391817548_221079,success,,76218e4fd42705012d48c5dd60ffec5c0f435f61575840997fbe465de27c00e6,1780391817548,1780391817561,1780391817562,1780391817651,13,1,89,103
100,182,bottleneck_100_182_1780391817557_412988,success,,60c0b655ca14bc22fb4dc9ad4b1d897e6c8199e14068a1916e85000bb77bc945,1780391817557,1780391817562,1780391817564,1780391817651,5,2,87,94
100,185,bottleneck_100_185_1780391817588_88761,success,,10e2652535868d8fbecaac0de96ec91c04c69d6c5ed73a615ace28d93f71c4aa,1780391817588,1780391817594,1780391817596,1780391817651,6,2,55,63
100,183,bottleneck_100_183_1780391817568_767754,success,,2b31f4862daf5a9ed21f9a19b24d0c095ccf7a3d0537225a7b8629888902ce33,1780391817568,1780391817574,1780391817576,1780391817652,6,2,76,84
100,184,bottleneck_100_184_1780391817577_847752,success,,61a57b19116e5564d583e2ab3107488b92a79cc03c9ca51fefa663497d7bebd4,1780391817577,1780391817581,1780391817583,1780391817652,4,2,69,75
100,187,bottleneck_100_187_1780391817608_325457,success,,63320965fe4f3fb4f307ce992b61de829e5f9084cf2b0da74774d6b6cfe2ddbe,1780391817608,1780391817613,1780391817615,1780391817652,5,2,37,44
100,186,bottleneck_100_186_1780391817597_65702,success,,3d7f4fb895d6b5869dfad979cefd2c86e551ab0ec69836b607fdf7df8a54e97b,1780391817597,1780391817603,1780391817606,1780391817652,6,3,46,55
100,188,bottleneck_100_188_1780391817618_747423,success,,09eebb060ab847f2e20c5859d0a7c3197f86a5d88eb5e0547755e4d38968872b,1780391817618,1780391817623,1780391817626,1780391817652,5,3,26,34
100,199,bottleneck_100_199_1780391817727_863069,success,,7a5616ba8bac03d9948cbd0b872a4d52b5c564a1c28e07165d565368fac4d3d6,1780391817727,1780391817737,1780391817740,1780391817759,10,3,19,32
100,190,bottleneck_100_190_1780391817637_348419,success,,b690c2695db9e789a12b25331bd427dd3a33c522dcbc405489ef7ede3156eb7d,1780391817637,1780391817654,1780391817660,1780391817759,17,6,99,122
100,191,bottleneck_100_191_1780391817648_693376,success,,b2701b1e4b6355ba3b8439409c5547e65a0043d04242d45bc172c8459e38b675,1780391817648,1780391817656,1780391817661,1780391817759,8,5,98,111
100,192,bottleneck_100_192_1780391817658_15794,success,,abc7ec3fbe6dd3f3fc5969d6363da06993b1c3b5ddae57dcde22275211ab76e1,1780391817658,1780391817663,1780391817664,1780391817759,5,1,95,101
100,193,bottleneck_100_193_1780391817668_91392,success,,eeea3f0ab62cd348a3f18598144713c555bc90248b4ccb94cf7aa033bb025866,1780391817668,1780391817673,1780391817675,1780391817759,5,2,84,91
100,194,bottleneck_100_194_1780391817678_767925,success,,fb033b7537d4d8b908b75a64b3986cd380c86e7518e7949a456c256500e5e4bb,1780391817678,1780391817682,1780391817684,1780391817759,4,2,75,81
100,195,bottleneck_100_195_1780391817687_519221,success,,e4113cbbaa77f634a5dc2935648d68418e3f7d3dc1ff710e432efa1d2dd2a16c,1780391817687,1780391817693,1780391817696,1780391817759,6,3,63,72
100,196,bottleneck_100_196_1780391817697_55563,success,,08cce6053714f2ecdf011ae53c4bf79ef776b6f9801b67f97951c402406602c8,1780391817697,1780391817704,1780391817706,1780391817759,7,2,53,62
100,197,bottleneck_100_197_1780391817707_780426,success,,1b5534fef1788b1f9dfafad49132b3f76d6b230c5b4c88c2c06c504b4c2054e7,1780391817707,1780391817729,1780391817732,1780391817759,22,3,27,52
100,198,bottleneck_100_198_1780391817718_992353,success,,4d7bf1c13370104a6a24deb4e45f90defbe02000caa67c39d7cf1112a5df05dd,1780391817718,1780391817733,1780391817736,1780391817759,15,3,23,41
100,209,bottleneck_100_209_1780391817827_203411,success,,14f770201459c73456d3249c30464a38c8df65abceb7c00c9bbe8c6c3c096439,1780391817827,1780391817833,1780391817836,1780391817867,6,3,31,40
100,204,bottleneck_100_204_1780391817777_619427,success,,cb52f98bbb5123307a17d7ada68448c0664f5a6542ef5faaad401c16d1d6c476,1780391817777,1780391817781,1780391817783,1780391817869,4,2,86,92
100,205,bottleneck_100_205_1780391817788_359946,success,,24a76402b2bbb788eda595959c222ec39cffb2daf892afe93d8f50954643e7ef,1780391817788,1780391817794,1780391817796,1780391817869,6,2,73,81
100,200,bottleneck_100_200_1780391817739_696763,success,,0b9a067d29cc2e3d1d804c5fab0a356b67b8a9b2a67608bc9bcddfa3d8900e8d,1780391817739,1780391817750,1780391817752,1780391817870,11,2,118,131
100,206,bottleneck_100_206_1780391817798_686085,success,,98816137e3318b0390e93e45b71a7a9f34b2a7d0125e77af81238a30a4c75363,1780391817798,1780391817803,1780391817805,1780391817870,5,2,65,72
100,207,bottleneck_100_207_1780391817807_902625,success,,f98d86603fafc69dda51357a2eebaf37569a4d8ba3a8d7a667fef92e4d09e0f8,1780391817807,1780391817812,1780391817814,1780391817870,5,2,56,63
100,201,bottleneck_100_201_1780391817747_403983,success,,fa5446c382c0d8c3cc6697399b302d4a43508c128c4101ca3e6cc11b401c8dc2,1780391817747,1780391817762,1780391817765,1780391817870,15,3,105,123
100,208,bottleneck_100_208_1780391817817_377801,success,,2dc66754a0293c8865212f502b16fae9d8552ece0922627f908b895abdd4a35c,1780391817817,1780391817823,1780391817825,1780391817870,6,2,45,53
100,202,bottleneck_100_202_1780391817758_908461,success,,d7a42c1bdb64828d01caafdaf7f248107e79341ae1760bd1a4da078ff1e9e651,1780391817758,1780391817764,1780391817766,1780391817870,6,2,104,112
100,203,bottleneck_100_203_1780391817767_727109,success,,d69e0ef51a9b0f0a356559d25aeede38ed415f017ed3cd4b6f83e80eb0e174cd,1780391817767,1780391817774,1780391817776,1780391817870,7,2,94,103
100,214,bottleneck_100_214_1780391817877_50701,success,,fb82e340cea2a7bf9a0135af0dece818012f672eb70995c477ed13a453fcd941,1780391817877,1780391817882,1780391817883,1780391817956,5,1,73,79
100,219,bottleneck_100_219_1780391817927_771318,success,,6e3ba1fa148d2e5ca0f829532b63074828824f7d96763648fa7d6f2d1828af63,1780391817927,1780391817932,1780391817934,1780391817956,5,2,22,29
100,215,bottleneck_100_215_1780391817889_697305,success,,57e9df35364357d27d6b4c9b873ba55c95a8e6f4117ae4e68d67067a695012e8,1780391817889,1780391817893,1780391817896,1780391817956,4,3,60,67
100,210,bottleneck_100_210_1780391817838_276322,success,,58f9e2f32483553d3036aecb42daf48404a0687862d511774c04b948099a57e9,1780391817838,1780391817850,1780391817854,1780391817956,12,4,102,118
100,211,bottleneck_100_211_1780391817847_243805,success,,f41d112643c1313cb32837995502256ba21ec02844bd50091e55db19676181e8,1780391817847,1780391817872,1780391817875,1780391817956,25,3,81,109
100,217,bottleneck_100_217_1780391817907_620929,success,,920c67c5d3cf82547fa3b9ce121ee0988e35f81ac56e221997b9603229384e68,1780391817907,1780391817912,1780391817914,1780391817956,5,2,42,49
100,212,bottleneck_100_212_1780391817857_888112,success,,1d39fcb5bb49f40629e6efb8d31cff6b9cced0a558f980e1ec6d80b78284f5d1,1780391817857,1780391817873,1780391817876,1780391817956,16,3,80,99
100,216,bottleneck_100_216_1780391817898_836396,success,,468b54afe0a6f24add74697a3875b34b7f7b6dead5a0da357670357872ddedfd,1780391817898,1780391817904,1780391817906,1780391817956,6,2,50,58
100,213,bottleneck_100_213_1780391817867_44712,success,,6830164695dc55843653158fd4df196d9e39fe1c5ad451f65105078806c06f81,1780391817867,1780391817874,1780391817877,1780391817956,7,3,79,89
100,218,bottleneck_100_218_1780391817917_757956,success,,d603a37fbf3d0871cd2807f35fa4f83880f7ed05bd93fa15f763be857acaaf9b,1780391817917,1780391817923,1780391817926,1780391817956,6,3,30,39
100,229,bottleneck_100_229_1780391818028_791393,success,,577c1718c5a51d78866de2cadcd474c48a328d7d2d9196e249233c6c693a6cff,1780391818028,1780391818033,1780391818035,1780391818060,5,2,25,32
100,226,bottleneck_100_226_1780391817997_865526,success,,bc6f5925d708fe05d0888d3b716916c82561a7b8f74d46e7420a8ce3c5553e94,1780391817997,1780391818005,1780391818008,1780391818060,8,3,52,63
100,224,bottleneck_100_224_1780391817978_344086,success,,ae15d567cbdadc3f5f0c4cc9efcc9dc00fbfe8f9ad70e30617e6382584119ced,1780391817978,1780391817984,1780391817986,1780391818060,6,2,74,82
100,225,bottleneck_100_225_1780391817987_246078,success,,ebc65434bf1fbedde9a686577dca055bfbe49ccfd65d2983f0ea0bcd94948951,1780391817987,1780391817992,1780391817994,1780391818060,5,2,66,73
100,227,bottleneck_100_227_1780391818007_961420,success,,6eea203d4ca04a351aec27040473ddfe223fac760617e582e8630f745743f3df,1780391818007,1780391818014,1780391818016,1780391818060,7,2,44,53
100,222,bottleneck_100_222_1780391817957_44144,success,,283295cac17957d2b5b2a91b4463e5b21354bf31fc7f794f29968ba4180174c0,1780391817957,1780391817961,1780391817965,1780391818060,4,4,95,103
100,221,bottleneck_100_221_1780391817948_67789,success,,c6ac96b9259ec50992b3cf57dbd5f9b974f686de610491959e837f52cb9b507d,1780391817948,1780391817959,1780391817960,1780391818060,11,1,100,112
100,228,bottleneck_100_228_1780391818018_276000,success,,b27ec501f161a4114aee5fa304e23cf9d5de1b4a0fd21f80817b1da16e6c782e,1780391818018,1780391818024,1780391818025,1780391818060,6,1,35,42
100,223,bottleneck_100_223_1780391817967_360720,success,,32cfae22e0be25c453a240821c0e16cb0dea3b8b89134f2fd9b24863b8d866c8,1780391817967,1780391817974,1780391817976,1780391818060,7,2,84,93
100,220,bottleneck_100_220_1780391817938_546557,success,,cda117a582c4cae927d93adfe3c6a31fd735c962cc24b80a073d54bf13238032,1780391817938,1780391817946,1780391817951,1780391818060,8,5,109,122
100,239,bottleneck_100_239_1780391818127_471681,success,,f2a2d92bbf66bbe252e87031850cf61507b36692428b3294c53483373d1c47cf,1780391818127,1780391818132,1780391818134,1780391818153,5,2,19,26
100,230,bottleneck_100_230_1780391818037_848045,success,,b9ecc66f3102d79a49bcd04e88aa1673b272eabad89144f22eca0995395c91b9,1780391818037,1780391818046,1780391818052,1780391818153,9,6,101,116
100,234,bottleneck_100_234_1780391818078_552899,success,,21665c419d511d67ed56faaf941d3967a107469b8663a4925f0ff2dbd1e396a4,1780391818078,1780391818083,1780391818085,1780391818154,5,2,69,76
100,236,bottleneck_100_236_1780391818098_393727,success,,f3132aacbdc6f81345a80c6d320f9dfe823c819d0c31b54e54a14a3bd5275eaa,1780391818098,1780391818103,1780391818106,1780391818154,5,3,48,56
100,231,bottleneck_100_231_1780391818048_125593,success,,7f96d384985929d064a2ac87e1ba76b5a6e57cf6bf993bfdde9cdc4568193dc2,1780391818048,1780391818067,1780391818071,1780391818154,19,4,83,106
100,235,bottleneck_100_235_1780391818088_701946,success,,fa7de97b0cb843c48e2bf3cdf9b13d506a043d30173d2863ea0bfa00569a94df,1780391818088,1780391818094,1780391818097,1780391818154,6,3,57,66
100,232,bottleneck_100_232_1780391818057_441880,success,,f2ee3128d7bccb2f5ac6b76c1d0617e475e49fc9067b5c617efcc05c3baad102,1780391818057,1780391818068,1780391818072,1780391818154,11,4,82,97
100,237,bottleneck_100_237_1780391818108_583247,success,,938167a6fced54f3a9cbee9d7e4e8591747a05957c3d241b40b9b35fa011905f,1780391818108,1780391818114,1780391818117,1780391818154,6,3,37,46
100,233,bottleneck_100_233_1780391818069_923639,success,,b1b2bf9c13698b90f8d70b5ec6a710b17cefb82171500ea9059d97e63f16e242,1780391818069,1780391818075,1780391818077,1780391818154,6,2,77,85
100,238,bottleneck_100_238_1780391818118_36450,success,,05979d59c56e4e00b32131f87a4a5a8b2e4036f78ac130bf4d7173d76cb7b5ef,1780391818118,1780391818123,1780391818125,1780391818154,5,2,29,36
100,249,bottleneck_100_249_1780391818227_520083,success,,2f2523e25f9417a7762aec1765a3ec1e3e1c0f3a9977a6ab3e32d376b41f9d4f,1780391818227,1780391818232,1780391818234,1780391818257,5,2,23,30
100,240,bottleneck_100_240_1780391818137_516440,success,,25139ff0c3ba980d78af1a1d706e7ac1c2bc5c5b10156c7cc01547f4c90bd0f9,1780391818137,1780391818144,1780391818146,1780391818257,7,2,111,120
100,241,bottleneck_100_241_1780391818147_909349,success,,dd1822b72e1ccb159e8226471c8f44bbdf7e061c485eca96d826fd5d638baba3,1780391818147,1780391818157,1780391818161,1780391818258,10,4,97,111
100,242,bottleneck_100_242_1780391818158_253464,success,,a097daaa8f828ff913e6ae1949cb2ff22d0612e93cd0a2e560dc33438f0e84c6,1780391818158,1780391818163,1780391818165,1780391818258,5,2,93,100
100,243,bottleneck_100_243_1780391818168_973261,success,,d1dca60395c3347f4be725790f332918b24bf88860137f3250f746b2e7afc475,1780391818168,1780391818174,1780391818176,1780391818258,6,2,82,90
100,244,bottleneck_100_244_1780391818177_28568,success,,e281833846dcd6bb099ff30b16b38ad08c9d7986de7ffce41ae8f8d8702b4ad0,1780391818177,1780391818181,1780391818183,1780391818258,4,2,75,81
100,245,bottleneck_100_245_1780391818188_246434,success,,430eb3e4952b17bec7a5713472825367a7cee247626fda167671b2b4d3775f8b,1780391818188,1780391818196,1780391818199,1780391818258,8,3,59,70
100,246,bottleneck_100_246_1780391818198_830439,success,,57c18f895918f7a3fd3719199e1298364149a896a6c53dc89e80af7337911f5a,1780391818198,1780391818203,1780391818206,1780391818258,5,3,52,60
100,247,bottleneck_100_247_1780391818208_24248,success,,db0d0f73628e1c0cf06f3d2623335f7fdba073b489abceb2e0a0406cbae20741,1780391818208,1780391818213,1780391818214,1780391818258,5,1,44,50
100,248,bottleneck_100_248_1780391818218_123075,success,,81528d64d32498403f486e0eea3238ccd8abfe37e382a5e8c9e468f80f98ad9a,1780391818218,1780391818225,1780391818228,1780391818258,7,3,30,40
100,259,bottleneck_100_259_1780391818327_718909,success,,ff3067394fc4c8f8e262359a4b8b7f68ee939f007c84229297d4c259056fb323,1780391818327,1780391818332,1780391818335,1780391818350,5,3,15,23
100,250,bottleneck_100_250_1780391818237_40898,success,,d7e164f0b40dfcdad1b331ac04e8025fbd9f6c8edf53d5a7832ec94ff360b101,1780391818237,1780391818247,1780391818249,1780391818350,10,2,101,113
100,251,bottleneck_100_251_1780391818247_180914,success,,f55709097af58460ecf3f6448fe863e379baf4713136e809900c93904a45f812,1780391818247,1780391818263,1780391818265,1780391818350,16,2,85,103
100,252,bottleneck_100_252_1780391818258_786968,success,,21a150a01482acd263c6c59c242be08813ee80bd137f91ee0987a38b00486d1e,1780391818258,1780391818264,1780391818266,1780391818350,6,2,84,92
100,253,bottleneck_100_253_1780391818267_107432,success,,461db2d24256c25ebcf83d56d0089b95f7ef160fbab7271eb2dfde732c22e6cb,1780391818267,1780391818272,1780391818274,1780391818350,5,2,76,83
100,254,bottleneck_100_254_1780391818277_458971,success,,966d58060774a47778db551e4bf60ebbf89c908b26144045cc637f42d0454b11,1780391818277,1780391818282,1780391818284,1780391818350,5,2,66,73
100,255,bottleneck_100_255_1780391818288_260199,success,,c2257c81742c398ec72891ee4f13359ee73135ebe7a5d669ece60de22f048f6a,1780391818288,1780391818294,1780391818296,1780391818350,6,2,54,62
100,256,bottleneck_100_256_1780391818298_737280,success,,b587f4cf6a47e6cce8ee5295303693d614fcd92b9e4d7c7ffcab487cd68b7ebb,1780391818298,1780391818305,1780391818307,1780391818350,7,2,43,52
100,257,bottleneck_100_257_1780391818308_424012,success,,04832d6b7a37ce59106d5c0ba2f3e65c4c4a389e58fec24a609af2aa22cc1096,1780391818308,1780391818315,1780391818317,1780391818350,7,2,33,42
100,258,bottleneck_100_258_1780391818318_98625,success,,754631292b49667733677f6676c99d1d91674c7c87a645bbc8e523d9ced0bf33,1780391818318,1780391818324,1780391818326,1780391818350,6,2,24,32
100,269,bottleneck_100_269_1780391818428_471557,success,,0d3196d5194ec11dab46d2b789f7fd9d860802a6d98ae00f1653f8bfcc359cf8,1780391818428,1780391818434,1780391818438,1780391818459,6,4,21,31
100,261,bottleneck_100_261_1780391818347_401507,success,,866943dd519fadde6ed5757f19216437b1e534268e8ceaddc3157afa1139003f,1780391818347,1780391818357,1780391818360,1780391818460,10,3,100,113
100,262,bottleneck_100_262_1780391818358_492843,success,,bdffa9174527ae097f52570e18cd7af65bc54dc9b4dd5779285ecda14a451907,1780391818358,1780391818365,1780391818367,1780391818460,7,2,93,102
100,264,bottleneck_100_264_1780391818377_366165,success,,03eb62359effbb7bb890c802d82a416ff333b58c62b88ae9cb304e64b59c3d0c,1780391818377,1780391818387,1780391818390,1780391818462,10,3,72,85
100,265,bottleneck_100_265_1780391818388_826885,success,,017781207189e9ff242812cba3fb103afda593604da9f8f5a605815fcd256041,1780391818388,1780391818395,1780391818398,1780391818462,7,3,64,74
100,266,bottleneck_100_266_1780391818397_661065,success,,759ec5cacede5e3b4a4764101a079436f05d2680ff8c89ce9ad3ed8b9d87c309,1780391818397,1780391818403,1780391818405,1780391818462,6,2,57,65
100,267,bottleneck_100_267_1780391818408_824219,success,,b50d32409aae2d5695474656256cc628cccadf39e6b7dd0d68d24fd9c26e63e7,1780391818408,1780391818414,1780391818416,1780391818462,6,2,46,54
100,268,bottleneck_100_268_1780391818417_866178,success,,385970bf5b988d42c9b5ae06c9926b0efcddd7e54e9272dcc275fccac57b02a9,1780391818417,1780391818425,1780391818427,1780391818462,8,2,35,45
100,263,bottleneck_100_263_1780391818368_628734,success,,eb390730de6250544841d209c2491056cb666750ce0866c9a35bd7f27309a1e0,1780391818368,1780391818374,1780391818377,1780391818462,6,3,85,94
100,260,bottleneck_100_260_1780391818337_349750,success,,5b6fb0693325d2402d59b8c6c7bd6529c6e751ad7db1f1910ee48ac0bbf525ff,1780391818337,1780391818348,1780391818353,1780391818462,11,5,109,125
100,279,bottleneck_100_279_1780391818527_436824,success,,383e021b63b5d39a87574c9f72b33018c1f34595ba28371a48922a0c79864a6f,1780391818527,1780391818532,1780391818535,1780391818560,5,3,25,33
100,272,bottleneck_100_272_1780391818457_147818,success,,61e50fa3489ad996a191f827f1c8515cc58c2049daf6cce04cafc3c34811f1a4,1780391818457,1780391818465,1780391818468,1780391818560,8,3,92,103
100,270,bottleneck_100_270_1780391818437_154733,success,,34c031921e1c7c7ced53a899c0d8081b9dbadac4b2f61b33dbfa95ec35847d8c,1780391818437,1780391818444,1780391818450,1780391818560,7,6,110,123
100,275,bottleneck_100_275_1780391818488_529586,success,,7978476295a3bce6066b8b678d95c03cf132e248db422234bbf40485c27b0570,1780391818488,1780391818493,1780391818495,1780391818560,5,2,65,72
100,277,bottleneck_100_277_1780391818509_884924,success,,d721ee226346eca9311f82250f80c1677d0a6499be1b93f386cb1935d529d0c5,1780391818509,1780391818515,1780391818517,1780391818560,6,2,43,51
100,273,bottleneck_100_273_1780391818467_216867,success,,89773775ab186db49a78fa2b477ad58f2e4b08af68ba1abc7e7fcd44910edcad,1780391818467,1780391818473,1780391818475,1780391818560,6,2,85,93
100,271,bottleneck_100_271_1780391818447_409119,success,,b22b87b4bda20f7c443f606e22a8193f6fe29dfcc7ef92b0fac319c46ac797b4,1780391818447,1780391818467,1780391818470,1780391818560,20,3,90,113
100,276,bottleneck_100_276_1780391818497_840566,success,,64a4437cd85cbec3056106d280036af797d3f5eeee84bd491b1cb8e2d8ad8827,1780391818497,1780391818503,1780391818505,1780391818560,6,2,55,63
100,278,bottleneck_100_278_1780391818518_448413,success,,491600ef7ad2cc3acae2b4c414bf2abb51839df75202eefeddbb5c277d070ab8,1780391818518,1780391818524,1780391818526,1780391818560,6,2,34,42
100,274,bottleneck_100_274_1780391818478_228117,success,,9394b85f83f1e5510848525dc61a4fec747c5713193c783eab9d721b6c1f1024,1780391818478,1780391818484,1780391818487,1780391818560,6,3,73,82
100,284,bottleneck_100_284_1780391818577_884023,success,,3d1c5f96e56d0499e16bece2d284265273d06c4ed13d6389f04c8df8777fc241,1780391818577,1780391818582,1780391818584,1780391818658,5,2,74,81
100,280,bottleneck_100_280_1780391818537_399147,success,,2463905f4002960bb33b49a114d020b7c17ae3fabe440ad1e1741eac62ab80d4,1780391818537,1780391818547,1780391818549,1780391818658,10,2,109,121
100,287,bottleneck_100_287_1780391818609_473507,success,,838b3d50c25a52841ef4a0be4861a7bed55a439bb880ee2fce51380c4282642f,1780391818609,1780391818615,1780391818618,1780391818658,6,3,40,49
100,281,bottleneck_100_281_1780391818548_900691,success,,eb73f75e700d15914382c93ddc31c08a85facf4aced77997cce2054d9fd3b5d6,1780391818548,1780391818555,1780391818558,1780391818658,7,3,100,110
100,286,bottleneck_100_286_1780391818599_955312,success,,cd4d3045fc855ff4ba7205c3fd8ce708f4b7493042a2b8d11aaf48c6bfaad315,1780391818599,1780391818605,1780391818608,1780391818658,6,3,50,59
100,282,bottleneck_100_282_1780391818557_247499,success,,a26a5cc8fc9de07da09f1026d9b8565a13288c6d28a92cbb32da9dab86f9f70c,1780391818557,1780391818564,1780391818566,1780391818658,7,2,92,101
100,283,bottleneck_100_283_1780391818567_185740,success,,b3336437e2fcbe48d4a63e93d2cb4e25ab7acb9ac0264d90d7150141aae82a4e,1780391818567,1780391818574,1780391818576,1780391818658,7,2,82,91
100,289,bottleneck_100_289_1780391818628_190126,success,,e1e9a154a02547be73adc1a6e308e0071469a20caaf626f61c4fd7da385b1a44,1780391818628,1780391818633,1780391818636,1780391818658,5,3,22,30
100,288,bottleneck_100_288_1780391818618_699577,success,,b9acaf4a8440080e13e080c7a359117d3f9532a4a0861f1651c900846712a5f5,1780391818618,1780391818627,1780391818629,1780391818658,9,2,29,40
100,285,bottleneck_100_285_1780391818587_745611,success,,2724278b308b35d7d62dccd5249e598406c48f273446ad5b72086c5fd84d1896,1780391818587,1780391818594,1780391818596,1780391818658,7,2,62,71
100,299,bottleneck_100_299_1780391818727_910283,success,,f3e5a9016d0833cbd85bdbb3cd0e37a67bd04a9eba2cf7f9624d98d0badb1ea7,1780391818727,1780391818735,1780391818737,1780391818845,8,2,108,118
100,290,bottleneck_100_290_1780391818638_55666,success,,a63069cec0324c87f9cf513f950cc69e883d099a7619bc009136d97e66afdff8,1780391818638,1780391818649,1780391818651,1780391818848,11,2,197,210
100,294,bottleneck_100_294_1780391818677_348333,success,,b3aa8d4925912ee81e15b5221f06690e94038c032377b924f1550754b351a43f,1780391818677,1780391818683,1780391818685,1780391818848,6,2,163,171
100,291,bottleneck_100_291_1780391818648_516234,success,,7c482871ceb2a81cb5783d8ddd46d9535bb61f6ceb5d3cb528b9ac756546b262,1780391818648,1780391818663,1780391818665,1780391818848,15,2,183,200
100,292,bottleneck_100_292_1780391818658_879063,success,,53b48c2afaa815b6b1065bbc47e6248ea7efabf0f9b1d4651c34271197ca8dd4,1780391818658,1780391818666,1780391818669,1780391818848,8,3,179,190
100,293,bottleneck_100_293_1780391818668_706126,success,,33784eded637dd71705958ace57ee10428daf3cade722983f14b4b5abacb6e77,1780391818668,1780391818676,1780391818678,1780391818848,8,2,170,180
100,297,bottleneck_100_297_1780391818708_810773,success,,d24996b2722d58f58574d58622dd14b348e09e48116da76cf4998cede0532416,1780391818708,1780391818717,1780391818720,1780391818848,9,3,128,140
100,296,bottleneck_100_296_1780391818698_754599,success,,12a35e9bf77b844002242077a698367a9dee4fc1757b2fa80331da609e57f5b6,1780391818698,1780391818704,1780391818707,1780391818848,6,3,141,150
100,298,bottleneck_100_298_1780391818718_483206,success,,da44eb7be12f692e232d1d9cd0cb4dae84e97cfe144e2cc12513f28c928ff3c9,1780391818718,1780391818729,1780391818736,1780391818848,11,7,112,130
100,295,bottleneck_100_295_1780391818688_25889,success,,a4b2dcea577880262edf9ac6d5d1b0950ae549200537e92a974dba86fbc9ac30,1780391818688,1780391818699,1780391818702,1780391818849,11,3,147,161
100,309,bottleneck_100_309_1780391818827_113389,success,,48dd2c1f3594d404470af76e1b884f48db2a466158b2a432474d12069578fc41,1780391818827,1780391818892,1780391818905,1780391818946,65,13,41,119
100,306,bottleneck_100_306_1780391818797_885256,success,,2ec943381e1ab886a0943adf1ab13c94df1b79017ea1e6d1fc5e3a5db511b404,1780391818797,1780391818888,1780391818900,1780391818946,91,12,46,149
100,311,bottleneck_100_311_1780391818847_706063,success,,a16f1e301cbf0531fb227e59ad114ae70fcf4d3cbffd711a5cd55350d5f0e6ac,1780391818847,1780391818891,1780391818901,1780391818946,44,10,45,99
100,307,bottleneck_100_307_1780391818808_285863,success,,189ca43d9b46c064830365ee1285698c6adf54c4c232bc109adaba97a0b3e764,1780391818808,1780391818894,1780391818903,1780391818946,86,9,43,138
100,312,bottleneck_100_312_1780391818858_920582,success,,7c6f79732fdd03fac85376f91d863551143c15563df03f16a980eb5e476e901f,1780391818858,1780391818896,1780391818903,1780391818946,38,7,43,88
100,304,bottleneck_100_304_1780391818777_321370,success,,b4e5bba48daa46e7bfe0707306a9cce19ddbc16decbf4afa2a897a7b63583765,1780391818777,1780391818883,1780391818886,1780391818946,106,3,60,169
100,300,bottleneck_100_300_1780391818738_162392,success,,c6b627cd43c6defdad7b1176323b20423c0d5708098b5d6c7b8a21d0ba6ab0c4,1780391818738,1780391818745,1780391818747,1780391818946,7,2,199,208
100,301,bottleneck_100_301_1780391818747_30019,success,,e406b4ddeb93cf01049c7a16b44149884c24b68f13c951bbade53b1348d94228,1780391818747,1780391818753,1780391818761,1780391818946,6,8,185,199
100,302,bottleneck_100_302_1780391818757_620882,success,,d52cbcd7f079a5031bfa07bd928dc2577520d39a4e7db8f81ad67b1b387de96a,1780391818757,1780391818766,1780391818772,1780391818946,9,6,174,189
100,303,bottleneck_100_303_1780391818767_170384,success,,560e3ce2491d5e49d7971a527f342e6ea5a861f3885dfc842477c306ea309dc2,1780391818767,1780391818793,1780391818800,1780391818946,26,7,146,179
100,319,bottleneck_100_319_1780391818928_5133,success,,68a27a96f4448b7aea9e755d24dafee29943894f224927eff94c7fe99b8a2881,1780391818928,1780391818953,1780391818957,1780391818986,25,4,29,58
100,308,bottleneck_100_308_1780391818817_978859,success,,ab9581655f20d97e170721179b8c9be1d1dbf1a8f58e7ed929dc775cd0261df8,1780391818817,1780391818895,1780391818906,1780391818986,78,11,80,169
100,310,bottleneck_100_310_1780391818838_616309,success,,afe53f5255dc4c3587f9a53bd5159792c8aa1476fd03d71c16b4a2bbb5d3587f,1780391818838,1780391818893,1780391818909,1780391818986,55,16,77,148
100,315,bottleneck_100_315_1780391818887_428540,success,,59ded59e843e56c5e9efdc7ef743dc5fd38e29f12fcbdd08ecc4cb4e8ffd7da0,1780391818887,1780391818902,1780391818911,1780391818986,15,9,75,99
100,314,bottleneck_100_314_1780391818878_362486,success,,95b658e74689816ccbd0f92d176d6cca4ca31f80ea9d364e635f0cdf8f4bd982,1780391818878,1780391818899,1780391818910,1780391818986,21,11,76,108
100,316,bottleneck_100_316_1780391818897_611485,success,,2ed538b6f646b505a6ef7c1d0e3523a696d8f1be2a97b6af82e78540c37253dd,1780391818897,1780391818912,1780391818922,1780391818986,15,10,64,89
100,317,bottleneck_100_317_1780391818908_705543,success,,e481af375a6f13263077004b38c81f2d3b27893d8f19dcbdc2c76ec5d2b6bcb5,1780391818908,1780391818923,1780391818926,1780391818986,15,3,60,78
100,318,bottleneck_100_318_1780391818918_448398,success,,0d4f593c84254567322f189c0e936307b4084ad5d9667d666ab345329dac86ad,1780391818918,1780391818933,1780391818936,1780391818986,15,3,50,68
100,305,bottleneck_100_305_1780391818787_303423,success,,fab58518d7dfbbd325a63d8581cfb2f8c93c2be6cc480b6d9b1a26d56936f356,1780391818787,1780391818892,1780391818907,1780391818986,105,15,79,199
100,313,bottleneck_100_313_1780391818867_28839,success,,e76bb1ad30c3c48c4afad1abc60fcef7a2dad34964058f388d7eb16ae412aac8,1780391818867,1780391818898,1780391818908,1780391818986,31,10,78,119
100,324,bottleneck_100_324_1780391818978_685326,success,,c264a81014f5a006e924848fc373e36590a2846f12c38bd780964abd0e916e28,1780391818978,1780391818991,1780391818995,1780391819060,13,4,65,82
100,326,bottleneck_100_326_1780391818997_366752,success,,b0ec7b38953723f2ffc8b8c0bcd41c9a11ed77470bf15c56fc7a7f630d88831b,1780391818997,1780391819006,1780391819008,1780391819060,9,2,52,63
100,320,bottleneck_100_320_1780391818937_408494,success,,bbbbc890c61eae627303973cced6dd63cbaf507b9bd61fb39b751867a70f31f9,1780391818937,1780391818955,1780391818958,1780391819060,18,3,102,123
100,325,bottleneck_100_325_1780391818987_996898,success,,f3dc2e2d73c958f0ed001b6301de84e13db34c4ed2eea08fa0a95cf9b1cc9b53,1780391818987,1780391818998,1780391819001,1780391819060,11,3,59,73
100,322,bottleneck_100_322_1780391818959_746782,success,,679a8082ff59e8eff9b837c3ad3297d2a73f5bc16d130b3785ea009a49184d02,1780391818959,1780391818972,1780391818975,1780391819060,13,3,85,101
100,321,bottleneck_100_321_1780391818948_231540,success,,79cb1ca279b8d236cd9d3afcded72161cd9183a7e12de959e76b5dbf11a014e5,1780391818948,1780391818960,1780391818964,1780391819060,12,4,96,112
100,323,bottleneck_100_323_1780391818967_598697,success,,1a6bf62cc44aa453c32f0fc87dab6a5764914e260102e2d9b97cccbd239bb787,1780391818967,1780391818983,1780391818986,1780391819060,16,3,74,93
100,327,bottleneck_100_327_1780391819007_560032,success,,304d3207d9ee265f078bbf7402be6121228fec0cfd52a38717d0e7986a93fb45,1780391819007,1780391819013,1780391819015,1780391819060,6,2,45,53
100,329,bottleneck_100_329_1780391819028_809691,success,,214fa4a68c8d0f88f0a7d9b4aa29853489b21f8e79c39d6776159644edf679a1,1780391819028,1780391819034,1780391819037,1780391819061,6,3,24,33
100,328,bottleneck_100_328_1780391819018_965222,success,,15cd25da01c5bf464887ff0df1d3b6c6e825b97e5ae194aa5685e4a468604e13,1780391819018,1780391819026,1780391819029,1780391819061,8,3,32,43
100,339,bottleneck_100_339_1780391819128_435388,success,,cfd870ea16d634f2538901bea33184fe2ada5f7ef4ab1478bfc555787a0df616,1780391819128,1780391819133,1780391819135,1780391819186,5,2,51,58
100,330,bottleneck_100_330_1780391819038_598509,success,,b2f5af4876d23b8f88e49e11980bec82c23af18014256c18ab092842f682aa90,1780391819038,1780391819049,1780391819052,1780391819189,11,3,137,151
100,334,bottleneck_100_334_1780391819077_688524,success,,d27435e162cc5b7a95a04a7f903c5c9727b2a67574380a32ca3d1e0e026b6b47,1780391819077,1780391819082,1780391819084,1780391819189,5,2,105,112
100,332,bottleneck_100_332_1780391819057_498556,success,,79cc4c2ef3161ea0d6b97caad15e223997f4cbd872aa004d05484801c844f26a,1780391819057,1780391819064,1780391819066,1780391819190,7,2,124,133
100,331,bottleneck_100_331_1780391819048_400857,success,,033aad723233b7bb119360087a0d887d36920b08f704a8d3c708ce8637a4042a,1780391819048,1780391819065,1780391819067,1780391819190,17,2,123,142
100,333,bottleneck_100_333_1780391819068_497190,success,,e038a1fa920d8158d435c54df2a368e95039bbec7644476a5b85da77e8958bc7,1780391819068,1780391819073,1780391819075,1780391819190,5,2,115,122
100,336,bottleneck_100_336_1780391819098_502653,success,,7ed5a173d833fb3f83503fffd934593a00614d9893e241f9912ae3082ea54354,1780391819098,1780391819104,1780391819106,1780391819190,6,2,84,92
100,335,bottleneck_100_335_1780391819088_695605,success,,50b9daa121c0f269da41653f4ec8f82375fb2b887775c17825c0dcc96882771b,1780391819088,1780391819094,1780391819096,1780391819190,6,2,94,102
100,337,bottleneck_100_337_1780391819108_626711,success,,9152835667a17011f309c7ddb17f65d6a4714996478e1eb65031e1120b4fe49c,1780391819108,1780391819113,1780391819115,1780391819190,5,2,75,82
100,338,bottleneck_100_338_1780391819117_802344,success,,63405c00297f7e92a2704fc8b56ff4d0f6d2d8d5e45f5ba7d05d0c019677bc24,1780391819117,1780391819122,1780391819124,1780391819190,5,2,66,73
100,349,bottleneck_100_349_1780391819228_254774,success,,728468b1b5eb0188231c610fbe38dd2afdda89622a192bc34cad276db2cb2847,1780391819228,1780391819235,1780391819241,1780391819271,7,6,30,43
100,342,bottleneck_100_342_1780391819157_730755,success,,4bc1e0ac4012fdf0ddff4381bf5f9051172bc5643b8297af04481fd68875db81,1780391819157,1780391819212,1780391819218,1780391819271,55,6,53,114
100,340,bottleneck_100_340_1780391819138_558600,success,,b2d92f22ecb9a3982d2efecb6e3a069872f2296559bf5d541166d013e8e3247c,1780391819138,1780391819152,1780391819155,1780391819271,14,3,116,133
100,341,bottleneck_100_341_1780391819148_821336,success,,60b666a632581c2ca11a7101e995a77a7757689d32120e6abd3fd7df5792b039,1780391819148,1780391819210,1780391819214,1780391819271,62,4,57,123
100,343,bottleneck_100_343_1780391819168_618374,success,,e3c42b71b93b40fd3ed5d72e711bda3bbd0279864f6f62bdef5c5dd6eac77e66,1780391819168,1780391819211,1780391819216,1780391819271,43,5,55,103
100,346,bottleneck_100_346_1780391819198_411939,success,,4b05b3b2d337fc4c7dd71202ff881c8e07b5a764f9913e3a811e030e8df600e0,1780391819198,1780391819217,1780391819224,1780391819272,19,7,48,74
100,345,bottleneck_100_345_1780391819187_864910,success,,15fa567683f6d865713b80e8d5434e35183bb827579aa260eda9fee91f836755,1780391819187,1780391819213,1780391819219,1780391819272,26,6,53,85
100,344,bottleneck_100_344_1780391819178_798789,success,,09b75099904412a04d4fbdaa17d0e4267a89fb5747b9bbe3685ce2fb8908a81c,1780391819178,1780391819213,1780391819220,1780391819272,35,7,52,94
100,347,bottleneck_100_347_1780391819208_765989,success,,94f5c7beb4d5f43ef140c2afa1812b035d22964ae802b56a4393954ea0b0fa70,1780391819208,1780391819222,1780391819227,1780391819272,14,5,45,64
100,348,bottleneck_100_348_1780391819217_40553,success,,7e23e803bc7f49b25488d18990b684538b95ca30530c1a88c308abbc480d3650,1780391819217,1780391819230,1780391819232,1780391819272,13,2,40,55
100,353,bottleneck_100_353_1780391819267_795379,success,,156e070317c2244d09df3cc1679f2badbe14918559cff3e863ac85cd63dbf967,1780391819268,1780391819297,1780391819303,1780391819406,29,6,103,138
100,359,bottleneck_100_359_1780391819327_781506,success,,4ae110a39a9b1c506b9d3319f98845840786deb90f7572bede5b9b676e25bacc,1780391819327,1780391819333,1780391819336,1780391819406,6,3,70,79
100,350,bottleneck_100_350_1780391819237_291627,success,,c8fea52edf893f5c274900e3ee78e2ec18ebcd04af2f204453dbbc28d6cca61a,1780391819237,1780391819299,1780391819306,1780391819406,62,7,100,169
100,351,bottleneck_100_351_1780391819248_431063,success,,4e87d5135ca754c1a8c3116d7b7bf6de7b7cf3403aa9ee16aec159d5065e7ab9,1780391819248,1780391819296,1780391819302,1780391819406,48,6,104,158
100,352,bottleneck_100_352_1780391819258_949679,success,,34d434a8e8f44b183bc712fb4384d487cb6c55d4e7e3e5126bd8a4ff59154b18,1780391819258,1780391819300,1780391819307,1780391819406,42,7,99,148
100,354,bottleneck_100_354_1780391819277_936050,success,,cdd6d089a976dfc0cec4540731accc2be3fad4487d8db2c131fe88f0db9ba60e,1780391819277,1780391819301,1780391819309,1780391819406,24,8,97,129
100,357,bottleneck_100_357_1780391819307_808624,success,,c1f34a6ad6665e848867288a160dc3aa97c446f561b95409f651ab4f047381f4,1780391819307,1780391819320,1780391819323,1780391819406,13,3,83,99
100,356,bottleneck_100_356_1780391819298_156470,success,,267366d9526ec48028389ea27907b76c181754b212c7e55d794aca8e34e101ed,1780391819298,1780391819322,1780391819324,1780391819406,24,2,82,108
100,358,bottleneck_100_358_1780391819317_921433,success,,412868356ed5389d5aef69d0c4099a446b8b26250bd68ca642d51679b6e3539d,1780391819317,1780391819328,1780391819330,1780391819406,11,2,76,89
100,355,bottleneck_100_355_1780391819287_144304,success,,f9469dd5ba87cb1f8e97d2da6d8b4ec21857ee242f5bda99668d21aec5882bda,1780391819287,1780391819323,1780391819325,1780391819406,36,2,81,119
100,369,bottleneck_100_369_1780391819427_537603,success,,63e862eb6b5eaa4480235e94a6fa646f30a62998f2b5b34407c2baf997f0b5ad,1780391819427,1780391819434,1780391819438,1780391819467,7,4,29,40
100,364,bottleneck_100_364_1780391819378_775321,success,,72269fd7acb87386b31d5c383570ca4efd3b5cb92379cce126da7f3fb68c16bc,1780391819378,1780391819384,1780391819387,1780391819467,6,3,80,89
100,363,bottleneck_100_363_1780391819367_974889,success,,a39d8b2c2acc65103cdd7c229f594fa3cf7ca105bb02d65100a47bb84249f9cb,1780391819367,1780391819382,1780391819386,1780391819467,15,4,81,100
100,365,bottleneck_100_365_1780391819388_429591,success,,77c089bd0da234582a4aa327e78170cf8cc786e09284a3099a7954221bf3fd81,1780391819388,1780391819411,1780391819413,1780391819467,23,2,54,79
100,366,bottleneck_100_366_1780391819397_175897,success,,61d66d2ba4d9f702135d9fedba64a5fc163e10f0b0a67716eae8c7e2cf6ebfc7,1780391819397,1780391819412,1780391819414,1780391819467,15,2,53,70
100,367,bottleneck_100_367_1780391819408_245594,success,,945a03cc63e0fb5ea17da33331db570da484e387ab39dc0f517553981a8d493f,1780391819408,1780391819413,1780391819415,1780391819467,5,2,52,59
100,368,bottleneck_100_368_1780391819417_312954,success,,40b270211fa5160fdf54a74b114229dfa84728d13d63418522a0446945c9f961,1780391819417,1780391819424,1780391819426,1780391819467,7,2,41,50
100,362,bottleneck_100_362_1780391819357_68021,success,,bcfa2b0c2f6b77e01ba7eb3403a71bb3e7bb115fb59a69d6fef6eb6357212f91,1780391819357,1780391819363,1780391819366,1780391819467,6,3,101,110
100,360,bottleneck_100_360_1780391819338_944832,success,,b257cadd25a4525a008eda384e87a40f8a26079e82ea4a90ff0467817ff4babb,1780391819338,1780391819343,1780391819345,1780391819467,5,2,122,129
100,361,bottleneck_100_361_1780391819348_366031,success,,191e048a4cf3f59e01edfe6eb36ddda9ce0dd08e2942ea31a38384c963dca8d8,1780391819348,1780391819353,1780391819362,1780391819467,5,9,105,119
100,379,bottleneck_100_379_1780391819528_744005,success,,3e2dcf2267260b48851b4b9dcbcdea516971eb408bee98edfc3e3548681d676a,1780391819528,1780391819534,1780391819544,1780391819629,6,10,85,101
100,374,bottleneck_100_374_1780391819477_133322,success,,d9e82a5167266bdc27e8bedea634a92da8ed16f65e75802bdcd01e8ea8721435,1780391819477,1780391819486,1780391819489,1780391819629,9,3,140,152
100,375,bottleneck_100_375_1780391819488_75501,success,,47e7334f28ab52e0e476ccd2f9db0c44bc5bfe7ffd00e33cec3c6f41585725b5,1780391819488,1780391819493,1780391819496,1780391819629,5,3,133,141
100,376,bottleneck_100_376_1780391819497_106797,success,,932021ed7659d416b5b2ef63fa7bd5c45d9aa84b9f1d185cb846ba48fb1ba404,1780391819497,1780391819505,1780391819514,1780391819629,8,9,115,132
100,370,bottleneck_100_370_1780391819437_183583,success,,dd25bdf6b3d3492340a9c6a8caf99ee06f377637544bdf48bcb5bd3d1fd20811,1780391819437,1780391819444,1780391819449,1780391819629,7,5,180,192
100,377,bottleneck_100_377_1780391819508_712221,success,,ace6b03acaeb0b3a3b03b7f346cc619bb7dd614701690bfa5df73f51b675b142,1780391819508,1780391819519,1780391819522,1780391819629,11,3,107,121
100,371,bottleneck_100_371_1780391819447_610516,success,,993f083c6d27e8c24a5682a0a523d5fb258d75e6fdee7d094834b017a268d8b9,1780391819447,1780391819475,1780391819480,1780391819629,28,5,149,182
100,373,bottleneck_100_373_1780391819467_461588,success,,ae808b1775c9991af57aeea967f8588e7bc925c750d5588783dfb26a74764ad9,1780391819467,1780391819478,1780391819483,1780391819629,11,5,146,162
100,372,bottleneck_100_372_1780391819458_601513,success,,ffe08d7db9599036d24ed6311f8a3a9c9a7b8ba588276a2b0a9aff4a8c6cd9df,1780391819458,1780391819476,1780391819481,1780391819629,18,5,148,171
100,378,bottleneck_100_378_1780391819517_178151,success,,bfae8333527cfdfb45e63de4ec7958b6ebd2fd75c26d39635d3f04aad9915038,1780391819517,1780391819524,1780391819527,1780391819629,7,3,102,112
100,387,bottleneck_100_387_1780391819608_812340,success,,87b2909d12549b7c37d794cb91352601a21fb0ea2c57a6d221449750b4e18d41,1780391819608,1780391819641,1780391819647,1780391819699,33,6,52,91
100,380,bottleneck_100_380_1780391819538_917325,success,,b61b73cef9b938d4a3447bb1baca194d231f9c47036d51b272377959517988f7,1780391819538,1780391819545,1780391819549,1780391819699,7,4,150,161
100,381,bottleneck_100_381_1780391819548_842847,success,,c293c1731162a86f638d67f9af7acb6d6f6571dbc9d2467afdaad9a6880485fb,1780391819548,1780391819554,1780391819556,1780391819700,6,2,144,152
100,382,bottleneck_100_382_1780391819558_406325,success,,cc2ad0cf18f783df30bcf323b2ff63ba67b5efcf89617444058d6966a320a27c,1780391819558,1780391819570,1780391819575,1780391819700,12,5,125,142
100,383,bottleneck_100_383_1780391819567_366384,success,,50fd2b74d043002704cbfe8b73bbaaca319c5208ff56c828541b0831951d8058,1780391819567,1780391819578,1780391819592,1780391819700,11,14,108,133
100,389,bottleneck_100_389_1780391819627_467616,success,,9f95519336908cd7cd2b716781a16855262304af38a98f7870e63fbf5dbf7852,1780391819627,1780391819636,1780391819643,1780391819700,9,7,57,73
100,388,bottleneck_100_388_1780391819617_578898,success,,d7710c73933603b2e0287ba4af13500542a489f8e95a9d4cc0c2556807e30337,1780391819617,1780391819637,1780391819644,1780391819700,20,7,56,83
100,385,bottleneck_100_385_1780391819587_390778,success,,190d4fd714a361e4715e538851ca93aae7da84a3de9a7db6b05d3ab54ffdd47c,1780391819587,1780391819639,1780391819645,1780391819700,52,6,55,113
100,384,bottleneck_100_384_1780391819577_925387,success,,60b0e35ee79fe18e10428e49ea5e3c3c36328c65fa7bcb7923bf2ac7e2c363d6,1780391819577,1780391819642,1780391819646,1780391819700,65,4,54,123
100,386,bottleneck_100_386_1780391819598_761579,success,,4e7082a603d95064ccb321e68a9fdf71917f5a807793016680e837f5f5170be9,1780391819598,1780391819640,1780391819648,1780391819700,42,8,52,102
100,399,bottleneck_100_399_1780391819728_510921,success,,5cada62381b36c91f548315b5edf6b27e3ba14ffae9c7fe0c5259a6fc335147e,1780391819728,1780391819734,1780391819737,1780391819801,6,3,64,73
100,391,bottleneck_100_391_1780391819648_935887,success,,35318b6fc966d8c0b675a37645511bcc3af0f0a1860540117980dddaadbf86c3,1780391819648,1780391819654,1780391819659,1780391819802,6,5,143,154
100,397,bottleneck_100_397_1780391819707_201705,success,,4d5b24b1d489209706e0441074fc7516509659365a2b07267184914a2cdc4bc1,1780391819707,1780391819719,1780391819731,1780391819802,12,12,71,95
100,394,bottleneck_100_394_1780391819678_430918,success,,408c50af9d3ee320fec6c9fb0bda08ced6864abbdafa2b3163a4d7c9173908e2,1780391819678,1780391819717,1780391819730,1780391819802,39,13,72,124
100,395,bottleneck_100_395_1780391819688_942370,success,,cbb4387e38a8d2ead87e2a1ef1bc92804dea11760e853e6fde3df842c403844e,1780391819688,1780391819716,1780391819727,1780391819802,28,11,75,114
100,392,bottleneck_100_392_1780391819658_776644,success,,eb91bbc4eb83a4c3963f92f4790d1a1d1435d394dbe91a182323132e60cf43a3,1780391819658,1780391819669,1780391819673,1780391819802,11,4,129,144
100,390,bottleneck_100_390_1780391819638_977885,success,,81cf5b14f30b1506554cffe642bb743dd0482552d4270c5476efbc438ca2d115,1780391819638,1780391819645,1780391819649,1780391819802,7,4,153,164
100,396,bottleneck_100_396_1780391819697_649460,success,,f218b06f817a6c03a489700ac75b65068d80b5012ab49527bbf3d8086db82fd1,1780391819697,1780391819719,1780391819726,1780391819802,22,7,76,105
100,393,bottleneck_100_393_1780391819667_343395,success,,0d738b0fcaa443b0086bb86a4b2aebeeae1fedc2d7ca72a6ecc4feb35ef8af3a,1780391819667,1780391819718,1780391819729,1780391819802,51,11,73,135
100,398,bottleneck_100_398_1780391819720_953216,success,,85984280e0b922e4ba6e19541f5b44f366ce0533d900cd8a3b5703f359f1e4ee,1780391819720,1780391819731,1780391819733,1780391819802,11,2,69,82
100,410,bottleneck_100_410_1780391819838_693406,success,,8bd573eea81f8edb5615e757d80595461c0158431ed6b0922c525f03082b5131,1780391819838,1780391819846,1780391819849,1780391819914,8,3,65,76
100,407,bottleneck_100_407_1780391819808_570098,success,,479cc6230bb319de7dfecf4a62b9c347a812dc0102a6f05185771b55502e4e29,1780391819808,1780391819832,1780391819841,1780391819915,24,9,74,107
100,401,bottleneck_100_401_1780391819749_62361,success,,7349a4c213c5101a2c1642c66930eef49903df5630b2c4026800a7f2fe451a29,1780391819749,1780391819763,1780391819766,1780391819915,14,3,149,166
100,400,bottleneck_100_400_1780391819738_79,success,,431db6fdd83b527294165259bb6d5312bfda0369f9c9c41c6a9f6060f477d491,1780391819738,1780391819746,1780391819748,1780391819915,8,2,167,177
100,402,bottleneck_100_402_1780391819757_482091,success,,8128c9a9a52a17cf7f670b6cfc2c3b274948ac8e59a3fafa0a6895a75e5d03c3,1780391819757,1780391819784,1780391819787,1780391819915,27,3,128,158
100,404,bottleneck_100_404_1780391819777_741698,success,,78c9051da53beab14e37106c6233286ebd063d7f8d81f53ccb65f97a3b56d571,1780391819777,1780391819837,1780391819843,1780391819915,60,6,72,138
100,406,bottleneck_100_406_1780391819797_430856,success,,b1416f773258f97b53a597ee14879f04cd8d1578e3227905b1e016c53abb9925,1780391819797,1780391819833,1780391819840,1780391819915,36,7,75,118
100,403,bottleneck_100_403_1780391819768_930871,success,,51ad360c0a3f0bf3ab2a19c36c3627c054294d56ee9166b35b369b622c41e8e4,1780391819768,1780391819802,1780391819811,1780391819915,34,9,104,147
100,408,bottleneck_100_408_1780391819818_579019,success,,bb97d54fe529f56764c2db36849ffa431e668c943f31fab2e88344c907ec21a0,1780391819818,1780391819842,1780391819847,1780391819915,24,5,68,97
100,405,bottleneck_100_405_1780391819788_57234,success,,7e366a7854a8d7e082756e61579ef7c6d6f4002e82d60a46913ae67578e987d6,1780391819788,1780391819839,1780391819845,1780391819915,51,6,70,127
100,419,bottleneck_100_419_1780391819929_963879,success,,4d4edee48a58ec8f3e3ad6fa6ff03a48e0532f8bbbb7394e99077327b0aa7d86,1780391819929,1780391819935,1780391819940,1780391819979,6,5,39,50
100,412,bottleneck_100_412_1780391819858_461779,success,,efe9d2ca6ad3d36bf4ef196ba76f8b876eb48f1ad6c772f3615641c2a5f34877,1780391819858,1780391819865,1780391819870,1780391819979,7,5,109,121
100,413,bottleneck_100_413_1780391819868_207659,success,,d8b36f7732a0311a3f7bd11c3ad72945ab390fec52fc902f2fa46b60c03fb6bb,1780391819868,1780391819875,1780391819877,1780391819979,7,2,102,111
100,414,bottleneck_100_414_1780391819878_777185,success,,fc9eae3d97f8c1933cf8d3a7a93453a9c214d27dddae521ef7064af584562117,1780391819878,1780391819899,1780391819907,1780391819979,21,8,72,101
100,418,bottleneck_100_418_1780391819918_563036,success,,37d82a90b64e191c21e09070b075f212bd178021149d3a0fe7834649b5ed0a50,1780391819918,1780391819928,1780391819930,1780391819979,10,2,49,61
100,416,bottleneck_100_416_1780391819898_236971,success,,a2bdf4c5dd34a4e976770b43ce70ea3020cd93399268427ee9f92f30928882af,1780391819898,1780391819926,1780391819928,1780391819979,28,2,51,81
100,409,bottleneck_100_409_1780391819828_865947,success,,1bb78616d74cef13a9a701912e257b3680e7009a3ea0af661f2854c1bc14ce5a,1780391819828,1780391819847,1780391819855,1780391819979,19,8,124,151
100,415,bottleneck_100_415_1780391819888_267013,success,,da0a06694fd78bbd7da5f873485f754c887a8f61d1cd7078abdd2c82bebfb4e9,1780391819888,1780391819917,1780391819921,1780391819979,29,4,58,91
100,417,bottleneck_100_417_1780391819908_157500,success,,be320bf2b2f45a8d0b72a3c9be0be77acf9c620e8024f2613cf6524d60aa423e,1780391819908,1780391819925,1780391819927,1780391819979,17,2,52,71
100,411,bottleneck_100_411_1780391819848_65451,success,,548c14c5b0097ecee60778de4857da0f2bdd4e50da250caab0dcbbc442548106,1780391819848,1780391819857,1780391819863,1780391819979,9,6,116,131
100,429,bottleneck_100_429_1780391820028_539993,success,,3185629451532ac6996f850500da4a88fa41db2299de67e18d828b52d5ad4f71,1780391820028,1780391820033,1780391820035,1780391820069,5,2,34,41
100,423,bottleneck_100_423_1780391819968_750597,success,,d82c54ad5c9781b47c4e2c230e9b7e62cbdb8b9f7da94ef97c3f7d6bdbcdb502,1780391819968,1780391819983,1780391819985,1780391820069,15,2,84,101
100,424,bottleneck_100_424_1780391819977_132607,success,,336edf2fb4f9cc1c1887801dc375e69c59e06313d3e8d140cd08d2320ac0b340,1780391819977,1780391819984,1780391819986,1780391820069,7,2,83,92
100,420,bottleneck_100_420_1780391819937_587281,success,,8bb375486f0579624a3282156b886b62975bd32b1a46da7adf28e8e04db3cb61,1780391819937,1780391819944,1780391819946,1780391820069,7,2,123,132
100,426,bottleneck_100_426_1780391819997_35943,success,,ef19d636b03029c296c5449f31993c8d9fc40371391fa49419ff8a3453971371,1780391819997,1780391820003,1780391820006,1780391820069,6,3,63,72
100,425,bottleneck_100_425_1780391819988_697409,success,,8cd51d2c02f72af1c3d67f2657123048bd7b6eac836b70ffc3437c426ee7fe3e,1780391819988,1780391819993,1780391819996,1780391820069,5,3,73,81
100,421,bottleneck_100_421_1780391819948_511100,success,,f0231dc11e2ecf89f7408f7cc8489f659a641440cc0bb247cd098d1965e22367,1780391819948,1780391819954,1780391819956,1780391820069,6,2,113,121
100,422,bottleneck_100_422_1780391819958_131120,success,,7a2478528e74e651af1490319d5cd14453a7675228a214d225cefa2e3574124b,1780391819958,1780391819964,1780391819971,1780391820069,6,7,98,111
100,428,bottleneck_100_428_1780391820018_975278,success,,a5ec403d95ae3a481bf0298c4df59d08cd2cdd6de3c73c5a323675703eac01fe,1780391820018,1780391820024,1780391820026,1780391820069,6,2,43,51
100,427,bottleneck_100_427_1780391820008_879327,success,,5ea49a1e2b3a9aaedb6520721595fcb00048085bd101e22f39d9d86c76924eca,1780391820008,1780391820017,1780391820020,1780391820069,9,3,49,61
100,439,bottleneck_100_439_1780391820127_917454,success,,d478b6be37b3cf3b8d96b42689776e64915d7fb08bbe2471d966fe729550bee1,1780391820127,1780391820137,1780391820141,1780391820175,10,4,34,48
100,430,bottleneck_100_430_1780391820037_427598,success,,fc16c60b4c3eced370a1237d4a4f4cd7c018e93f070b0064c11749dd87b7fc34,1780391820037,1780391820042,1780391820044,1780391820175,5,2,131,138
100,431,bottleneck_100_431_1780391820047_352124,success,,6feccac11e2f333140b09b898d2f5cf9bf2e5c0ed30c6fe628e8a19fcab56ec2,1780391820047,1780391820061,1780391820063,1780391820175,14,2,112,128
100,432,bottleneck_100_432_1780391820058_627413,success,,5d1a9d1c1056f66d1f9d8cd068dbf7e6a7c8fffb288c9bf389bdd5e9d4b1bbf8,1780391820058,1780391820073,1780391820075,1780391820175,15,2,100,117
100,433,bottleneck_100_433_1780391820068_343834,success,,827255a1731abff48cdafdf1805e0048717cb3f33f15b0ea005ad2c8a63eabb3,1780391820068,1780391820074,1780391820076,1780391820175,6,2,99,107
100,434,bottleneck_100_434_1780391820078_678826,success,,2326d6538345b48bd8284344be01582bb1957ca8d7c7a11eaaa3c5b90e7b8c79,1780391820078,1780391820083,1780391820085,1780391820175,5,2,90,97
100,435,bottleneck_100_435_1780391820088_264699,success,,925c92e9b5d3d0ac687f5185ebc15f566151799d62b93eebc5374503a4bda141,1780391820088,1780391820093,1780391820095,1780391820175,5,2,80,87
100,436,bottleneck_100_436_1780391820098_722157,success,,71926b8acb5b8424b47040636b101125ba054a4c64d79f9fe89d0a433fef9cbe,1780391820098,1780391820109,1780391820111,1780391820175,11,2,64,77
100,437,bottleneck_100_437_1780391820108_806176,success,,b694d18de2e13c96bb599aa1c120ca908cf502edf8edeb48694d7ecac15c9d5a,1780391820108,1780391820113,1780391820115,1780391820175,5,2,60,67
100,438,bottleneck_100_438_1780391820118_663600,success,,afcdf0b2fb37ae9c7b16efdacf79815b793e1639e34e7fc8b41abb09bfb09fc6,1780391820118,1780391820123,1780391820125,1780391820175,5,2,50,57
100,449,bottleneck_100_449_1780391820229_690198,success,,c7ee6c9fb86d806214c7c944a1ab9c5e49b3dfd1be438f0d076af4024c58470b,1780391820229,1780391820235,1780391820237,1780391820256,6,2,19,27
100,441,bottleneck_100_441_1780391820147_919384,success,,b7cf43244c4b397b57e46dc033f18d56db5aa5d63ad72901898577cb5bb09593,1780391820147,1780391820159,1780391820163,1780391820256,12,4,93,109
100,442,bottleneck_100_442_1780391820157_843153,success,,306fa607ef6c41cd1d1f733999dbf8603096b9f45ff719a2a588867861ec9d89,1780391820157,1780391820189,1780391820192,1780391820256,32,3,64,99
100,443,bottleneck_100_443_1780391820167_173000,success,,3cb8e341edca242f28c33d4024fed462a68f7b34e5980b5a239a651072691607,1780391820167,1780391820190,1780391820194,1780391820256,23,4,62,89
100,440,bottleneck_100_440_1780391820138_130142,success,,57f56183a977e62de67f6f90e3ec7182ef25a6caf051a375ae257115885bb47e,1780391820138,1780391820145,1780391820148,1780391820256,7,3,108,118
100,444,bottleneck_100_444_1780391820178_576265,success,,ec026dd6f16a1b4e67cb10f051d3f6c26ed8147d4a02681a91ffbdd44cb89615,1780391820178,1780391820191,1780391820195,1780391820256,13,4,61,78
100,445,bottleneck_100_445_1780391820187_284243,success,,20496e65f11ad2d1c1ea54168bbc561242d109bd34a5758a7daf68c1b4b5c0a0,1780391820187,1780391820195,1780391820197,1780391820256,8,2,59,69
100,446,bottleneck_100_446_1780391820198_811804,success,,7dd458b98abb09a8443bf00cf617a176065fb0bc003bb5d8e7aaea31d048ffd6,1780391820198,1780391820203,1780391820207,1780391820256,5,4,49,58
100,447,bottleneck_100_447_1780391820207_246892,success,,2280781f95a8651c9693772c2fb410f70aa9cb8b42c8e4f66b430c8697a47a0a,1780391820207,1780391820213,1780391820215,1780391820256,6,2,41,49
100,448,bottleneck_100_448_1780391820217_317624,success,,217bea6f14d4f472ddd74a93af85eca8f34887989c7507fb910b207f5ecff109,1780391820217,1780391820227,1780391820230,1780391820256,10,3,26,39
100,459,bottleneck_100_459_1780391820328_808977,success,,8c7a2d77db1f2d4f1d54980a2992ec59e9c73b6851d5c4e3116002b891a714a9,1780391820328,1780391820334,1780391820336,1780391820365,6,2,29,37
100,453,bottleneck_100_453_1780391820267_813776,success,,ff3f299205145d1e10a937ac37e0a73407b0d5a74ed3b957fe41625e69dc6065,1780391820267,1780391820274,1780391820276,1780391820365,7,2,89,98
100,456,bottleneck_100_456_1780391820297_282540,success,,4e84f0307e77939ac2eb33f38b3a0539a6cf7fb0b2bb4a14fcd58d212451069e,1780391820297,1780391820303,1780391820306,1780391820365,6,3,59,68
100,454,bottleneck_100_454_1780391820278_505340,success,,38145089aa78355a6b02124e3c123e2fd22ba8def163b5ebd17433a4d4acba84,1780391820278,1780391820283,1780391820286,1780391820365,5,3,79,87
100,450,bottleneck_100_450_1780391820239_401345,success,,6bf01128ec4f36378576b860bdd181d517dbd17e12345343b779650e9e73cb69,1780391820239,1780391820247,1780391820250,1780391820365,8,3,115,126
100,455,bottleneck_100_455_1780391820287_573549,success,,73f75a5a7b076bc9d601f4cf528cd3558deebc226064e33fa3ba8f00ecf65d14,1780391820287,1780391820300,1780391820302,1780391820365,13,2,63,78
100,451,bottleneck_100_451_1780391820248_406060,success,,ed54918148cc361a2a3b31c7d4862c3df680119af92c964e7fb2df74c03810ff,1780391820248,1780391820271,1780391820275,1780391820365,23,4,90,117
100,457,bottleneck_100_457_1780391820307_413936,success,,b1911efc2cbe22190589fea3f10f901f49c4bc0455f1a8a4a47426af2b8bbf01,1780391820307,1780391820312,1780391820314,1780391820365,5,2,51,58
100,452,bottleneck_100_452_1780391820257_533032,success,,73ff4e93ff29c2562964406a98aa540b470d58a80c538d4e94c6c04e1a3a3ee8,1780391820257,1780391820273,1780391820275,1780391820365,16,2,90,108
100,458,bottleneck_100_458_1780391820317_597398,success,,5b3fa423e1912dd0f7c74a4a2219c7fa0000440eaa3983738e6980f183b0ec1d,1780391820317,1780391820323,1780391820325,1780391820365,6,2,40,48
100,469,bottleneck_100_469_1780391820427_928402,success,,26131c8f8beeacd55b4bb25a0fd3cb709024b6db4e46f33002b237958671ef13,1780391820427,1780391820434,1780391820437,1780391820469,7,3,32,42
100,466,bottleneck_100_466_1780391820398_762690,success,,c346c9aeefd1a55d2c6d078ba21b8dc99c6b8ed1ebf9376a3d221ba69c92913d,1780391820398,1780391820409,1780391820411,1780391820469,11,2,58,71
100,464,bottleneck_100_464_1780391820378_927378,success,,3088b04f9ec9b4ad47de56c82f8173f9b3ca98ccfee60145cf7766c33475ec8b,1780391820378,1780391820388,1780391820390,1780391820469,10,2,79,91
100,467,bottleneck_100_467_1780391820408_111529,success,,2055f9c1c3d2fdf6722e1685308b991dc07af9734f1f338072f4fd6c48a6f2c4,1780391820408,1780391820413,1780391820415,1780391820469,5,2,54,61
100,468,bottleneck_100_468_1780391820418_775544,success,,65c8043d9f48744d19ce8e690ec44efc997d795c5b35a786fcc8d5cad1ab5c38,1780391820418,1780391820424,1780391820428,1780391820470,6,4,42,52
100,462,bottleneck_100_462_1780391820358_173768,success,,df42a9034d63e385c63ac93fd6cbf2a7c97c1039586f265870eb0069ef7f2ebb,1780391820358,1780391820373,1780391820377,1780391820470,15,4,93,112
100,463,bottleneck_100_463_1780391820368_395718,success,,de8cb3afa6cb90f785973f9e98dcb9bd5ffb56f501dd8b317dae93f084ef229e,1780391820368,1780391820380,1780391820382,1780391820470,12,2,88,102
100,461,bottleneck_100_461_1780391820347_290304,success,,a401c3acace75c62e067a01dee784e9ac46abe2f2a3c0678adab7a35116f9a8d,1780391820347,1780391820353,1780391820357,1780391820470,6,4,113,123
100,460,bottleneck_100_460_1780391820338_61170,success,,f2ba75ffae8fd0071c78e67958e7ebbf9f4ee4046c3a52c5b46a9981cdf150e9,1780391820338,1780391820343,1780391820348,1780391820470,5,5,122,132
100,465,bottleneck_100_465_1780391820389_847281,success,,7fc771192e77757d42c542d5833fe1b9c87c18dd2d78afed4a5c28011f39495a,1780391820389,1780391820397,1780391820399,1780391820470,8,2,71,81
100,479,bottleneck_100_479_1780391820527_23946,success,,cf50359aaf9e29abba10dbbdfb7b79d75d6c03eb094ca666ee6cb64710a4a3b0,1780391820527,1780391820533,1780391820535,1780391820576,6,2,41,49
100,474,bottleneck_100_474_1780391820478_756438,success,,3289ab8f316506bca8f243ac3a3a34488004204ccd237a37e46f3e5bcb30d27f,1780391820478,1780391820504,1780391820511,1780391820576,26,7,65,98
100,475,bottleneck_100_475_1780391820487_299267,success,,c42692cdf597f82a6a6f53df8eccb01b81cffa0d0931e94be580481c37afc082,1780391820487,1780391820506,1780391820510,1780391820576,19,4,66,89
100,476,bottleneck_100_476_1780391820498_196402,success,,e06d08c27e12ead5ca632f8695300d873e9191ea3a78769562b6982c4520b202,1780391820498,1780391820512,1780391820514,1780391820576,14,2,62,78
100,478,bottleneck_100_478_1780391820517_865939,success,,7fcc404112ae896e3c4ef27beae7c1bb43c26672d42bd7b7d7ec107ea13d9f78,1780391820517,1780391820523,1780391820525,1780391820576,6,2,51,59
100,470,bottleneck_100_470_1780391820438_835654,success,,29242a74b500f4d5939875c8207d757439092e977581d8c6f2608e956a22369e,1780391820438,1780391820449,1780391820454,1780391820576,11,5,122,138
100,477,bottleneck_100_477_1780391820508_259084,success,,743c96522dee82bd7983b6528c8f5db6e39b74980543998bbf1d010ff887a5ac,1780391820508,1780391820518,1780391820520,1780391820576,10,2,56,68
100,471,bottleneck_100_471_1780391820447_49497,success,,5ee971b061450a024f166beeb94aac581738172956e6b5df6de9f56bd4ccd3d8,1780391820447,1780391820472,1780391820474,1780391820576,25,2,102,129
100,473,bottleneck_100_473_1780391820468_828630,success,,c6caf96091e645d3c38dff035e6011d231208e0a173fec69f525bbca17094046,1780391820468,1780391820501,1780391820507,1780391820576,33,6,69,108
100,472,bottleneck_100_472_1780391820457_337958,success,,a5842742d47f52b443440419fe9b8afb99ec913491a74ae765c1d8a31fb5abf3,1780391820457,1780391820502,1780391820509,1780391820576,45,7,67,119
100,489,bottleneck_100_489_1780391820628_487231,success,,c63367be1f705e325056cb72c43d0827153039663d880a45755e9f4629234d2b,1780391820628,1780391820633,1780391820635,1780391820656,5,2,21,28
100,480,bottleneck_100_480_1780391820539_783207,success,,174fb493ba26a05b8c5826d8132b55044284066341b2b3b93c609be282207d80,1780391820539,1780391820549,1780391820553,1780391820657,10,4,104,118
100,486,bottleneck_100_486_1780391820598_264623,success,,ba7efc2c1d09f7d5a2e55867fd24a059d3e62c4689f8d5eaa20954ff552e6771,1780391820598,1780391820605,1780391820608,1780391820657,7,3,49,59
100,484,bottleneck_100_484_1780391820577_386450,success,,f55f889688efcd3d71de618d457daa9c5a23dd70135c033a6ac1e3f91f5bdd18,1780391820577,1780391820584,1780391820586,1780391820657,7,2,71,80
100,485,bottleneck_100_485_1780391820587_612991,success,,c629c712c447f58e475ef2afbb3fc09716438f43212544080f5cda2c85e38754,1780391820587,1780391820593,1780391820595,1780391820657,6,2,62,70
100,487,bottleneck_100_487_1780391820607_541968,success,,91cd874f43691104fcc77ea97fb8f4abe41364be4444cf6b19a3ffcef00efd40,1780391820607,1780391820614,1780391820616,1780391820657,7,2,41,50
100,483,bottleneck_100_483_1780391820567_348203,success,,56ecd2f1d5e3b2c0756fb5cdcf7a89864f44ebf901df20d1de3825618212674d,1780391820567,1780391820581,1780391820583,1780391820657,14,2,74,90
100,481,bottleneck_100_481_1780391820548_597307,success,,c172b5d5df497a7ba28ae3655cd232b66d91292535c12475ddb840c03632902a,1780391820548,1780391820565,1780391820568,1780391820657,17,3,89,109
100,488,bottleneck_100_488_1780391820618_763604,success,,ec600354066683ea1dc26bd7369daf2650385cb1204a983a9b35b94c058b371b,1780391820618,1780391820625,1780391820627,1780391820657,7,2,30,39
100,482,bottleneck_100_482_1780391820558_490094,success,,002339a33b81d9fdbfea292b1f5c25b5a59366e38f4bf2cca1396c7e66189957,1780391820558,1780391820580,1780391820582,1780391820657,22,2,75,99
100,499,bottleneck_100_499_1780391820728_548049,success,,6319f9c70f33e0f87da809d18a86d51c367f96657e9e4091a40a50aa9b8e59d5,1780391820728,1780391820733,1780391820735,1780391820766,5,2,31,38
100,490,bottleneck_100_490_1780391820637_134526,success,,baacba56ff4de0c96aca7dcafe6c9ceea9159aef3cd36cd48532bc8b48ee7ccb,1780391820637,1780391820649,1780391820651,1780391820766,12,2,115,129
100,491,bottleneck_100_491_1780391820647_746820,success,,4f45331ba39197ee790dd7af35d48a236fcad75e8800e1a31ef4ffd53e2c3d84,1780391820647,1780391820660,1780391820663,1780391820766,13,3,103,119
100,492,bottleneck_100_492_1780391820657_215728,success,,e265c0c02328197a9dfa314b95bc09f0f39f784b65b0fab92930b19ae570e4fa,1780391820657,1780391820662,1780391820663,1780391820766,5,1,103,109
100,493,bottleneck_100_493_1780391820669_668424,success,,f8c3a86ae17fd7921a504d1f0aa735d7c8c92b94b85f9d8ae5e72499cb7511d1,1780391820669,1780391820675,1780391820678,1780391820766,6,3,88,97
100,494,bottleneck_100_494_1780391820677_732124,success,,d3b26d97ad7ae1aa0e0cbe7fd23bb78033fddf44017d9db3fe288e111ff8423f,1780391820677,1780391820682,1780391820684,1780391820766,5,2,82,89
100,495,bottleneck_100_495_1780391820688_871325,success,,3cb79ef6f64e40b032fb507453ddbc5ecde6202d3b387b0b3da3ca844b256c79,1780391820688,1780391820695,1780391820697,1780391820766,7,2,69,78
100,496,bottleneck_100_496_1780391820698_128706,success,,30283874658e8565e5e47677ec9277424c04ee5079fdfc99dae923e3fcc66c56,1780391820698,1780391820703,1780391820706,1780391820766,5,3,60,68
100,497,bottleneck_100_497_1780391820707_62215,success,,e387e35e2622c6df98355ee5a8c9282d06f47594c5f2c70a11b13b6a265e63d3,1780391820707,1780391820712,1780391820714,1780391820766,5,2,52,59
100,498,bottleneck_100_498_1780391820717_661696,success,,90792b3ff05c2ba5d2b199bc179869459fd6eaaf4fde05d06ad4ad7cc3e6c563,1780391820717,1780391820723,1780391820725,1780391820766,6,2,41,49
100,509,bottleneck_100_509_1780391820828_641996,success,,f51a435d0b5332176f18e416a6818dfe22927710c88c0e60aa51bb196730f4a4,1780391820828,1780391820833,1780391820837,1780391820866,5,4,29,38
100,500,bottleneck_100_500_1780391820738_771968,success,,cb14dbcb2c3eb4d32bd9c59c95016b703debf2911664e915515db29702755dbd,1780391820738,1780391820757,1780391820762,1780391820866,19,5,104,128
100,501,bottleneck_100_501_1780391820747_661238,success,,951057fcae16989d78dfb4157d80b156bbf320f9e0f9fdb9b35cc9777cc3e633,1780391820747,1780391820771,1780391820774,1780391820867,24,3,93,120
100,506,bottleneck_100_506_1780391820798_2473,success,,120cc43dfa1c0371c32c8aa8ebb92d500860e8934ee97178878962a3a1847e98,1780391820798,1780391820805,1780391820807,1780391820867,7,2,60,69
100,507,bottleneck_100_507_1780391820808_221931,success,,cc5bd46ebb3dba327105e48a608133b57c4ce97feb0945ac5342853c39157d14,1780391820808,1780391820813,1780391820815,1780391820867,5,2,52,59
100,503,bottleneck_100_503_1780391820767_355415,success,,bb875408274f3ec6a4e63ce73dd4da2f01fd85f6802e901819b923d137903468,1780391820767,1780391820773,1780391820776,1780391820867,6,3,91,100
100,508,bottleneck_100_508_1780391820817_111143,success,,2d0b911afead02e92c6a459fa98c642d04c51387fa2c339c8c79bfe3f180d1bb,1780391820817,1780391820823,1780391820825,1780391820867,6,2,42,50
100,502,bottleneck_100_502_1780391820758_464036,success,,52177faaef4db19e8d6a73df932e7df3eef36b3728ff6ab1b5d0175cc896d841,1780391820758,1780391820772,1780391820775,1780391820867,14,3,92,109
100,504,bottleneck_100_504_1780391820778_347670,success,,d7aed1d2678cb73738fdefa07e80d1371280353ec5a4625471b33bb05dece1ed,1780391820778,1780391820783,1780391820784,1780391820867,5,1,83,89
100,505,bottleneck_100_505_1780391820788_285637,success,,2062c331868e9a946512d40710053b2420bfdeed9c160f9fd6ea30ddfdff1516,1780391820788,1780391820795,1780391820797,1780391820867,7,2,70,79
100,519,bottleneck_100_519_1780391820928_479960,success,,4ae522b462a3765f64ea891b050d03b80325230167aa88a1d5c59b95988f990a,1780391820928,1780391820932,1780391820934,1780391820957,4,2,23,29
100,510,bottleneck_100_510_1780391820838_906616,success,,82ab4b21a51c44cb8335c5a076a158426fce5099352b2488e0807ba846cae3a4,1780391820838,1780391820846,1780391820851,1780391820957,8,5,106,119
100,511,bottleneck_100_511_1780391820847_635809,success,,73c27ba8054b0fe210194015eff697c880443c5622e7a03cf88189ee341553e5,1780391820847,1780391820869,1780391820872,1780391820958,22,3,86,111
100,512,bottleneck_100_512_1780391820857_800392,success,,ffc553e6c1aeadbfa5975fe53212a98339e13e6e27d3745580f185f73f5e9e31,1780391820857,1780391820870,1780391820873,1780391820958,13,3,85,101
100,513,bottleneck_100_513_1780391820867_647903,success,,d573a6d1cf390046d621947d66fb0da1cf33d4ac4e39db581cbc2b6b4f7df6a7,1780391820867,1780391820874,1780391820876,1780391820958,7,2,82,91
100,514,bottleneck_100_514_1780391820878_604900,success,,da9b0abf2674f374f372bf7cce3de7f6f9cf3c95ecdbcf75059aa37c57f66f86,1780391820879,1780391820884,1780391820886,1780391820958,5,2,72,79
100,515,bottleneck_100_515_1780391820888_181421,success,,19587ca4a64d150f54f2a8020f0291eeb15947e02bf3d03fe69d9bd5eb7153ed,1780391820888,1780391820895,1780391820898,1780391820958,7,3,60,70
100,516,bottleneck_100_516_1780391820897_505173,success,,2abc63e2174b601fb38665ac779a3d875e44f53224f0a0392683315baa4ad529,1780391820897,1780391820902,1780391820905,1780391820958,5,3,53,61
100,517,bottleneck_100_517_1780391820907_68746,success,,5ab1a03526a4660e024fbf0e2cd663e6262b5e01ddca410e92752aad826ff2bd,1780391820907,1780391820914,1780391820916,1780391820958,7,2,42,51
100,518,bottleneck_100_518_1780391820918_727019,success,,63b82d2856ab663c93d21f0c496bf8eeeb55cf5300d4191d63303d4e4a529932,1780391820918,1780391820924,1780391820926,1780391820958,6,2,32,40
100,529,bottleneck_100_529_1780391821028_157734,success,,2de9816e43ee0b064b72905cd3e24a898fca8a25c30c8fe848002b39022c249d,1780391821028,1780391821033,1780391821036,1780391821061,5,3,25,33
100,524,bottleneck_100_524_1780391820978_404719,success,,28cf2269d77b8fccb24e64e8877bafa402a94a15317607ed4a176a18b215c64d,1780391820978,1780391820983,1780391820985,1780391821061,5,2,76,83
100,520,bottleneck_100_520_1780391820937_104888,success,,2d23bde1f160e9e2109ed9e66a27744826a8dfb4c12e215dacaca41b83b5c396,1780391820938,1780391820948,1780391820951,1780391821061,10,3,110,123
100,525,bottleneck_100_525_1780391820988_787553,success,,52c18190e5d9bd897f015cd7c6b4899c94d3b5d6fb7d43e1f6413491c61ef8f7,1780391820988,1780391820993,1780391820995,1780391821061,5,2,66,73
100,526,bottleneck_100_526_1780391820998_10437,success,,2c9d43abf42406da21907916c6f717f9e495bd92c2a736faad39599ced51709a,1780391820998,1780391821004,1780391821007,1780391821061,6,3,54,63
100,521,bottleneck_100_521_1780391820950_555237,success,,532cabae351baa908a09d653d5c25376ab76f7ace6fc4b1a563ee4138338659f,1780391820950,1780391820961,1780391820963,1780391821061,11,2,98,111
100,527,bottleneck_100_527_1780391821008_901506,success,,02bd1d5dcb5200d4df5f738283886b22d3014e00f32e108c63b237d3df77b3a4,1780391821008,1780391821013,1780391821015,1780391821061,5,2,46,53
100,523,bottleneck_100_523_1780391820968_864290,success,,aa53da1e29fe813b60177d4afe690cb9a4bcdf65de240e01b0585b0e1f2c6672,1780391820968,1780391820979,1780391820981,1780391821061,11,2,80,93
100,522,bottleneck_100_522_1780391820958_810574,success,,99cf3d93c1104ecbad275f5585defa840901c7de378af95841dfb8889f825451,1780391820958,1780391820962,1780391820964,1780391821061,4,2,97,103
100,528,bottleneck_100_528_1780391821017_741501,success,,9fa7d927ffc10123edabde4cbf5bd420b2340a32ba531209b6e804e452a601f4,1780391821017,1780391821023,1780391821025,1780391821061,6,2,36,44
100,539,bottleneck_100_539_1780391821127_199272,success,,4f13e2e8912b12edac22068c8417ca09273fcbffba856ea696eda86f55638d91,1780391821127,1780391821132,1780391821135,1780391821156,5,3,21,29
100,533,bottleneck_100_533_1780391821068_434850,success,,3157b1ead573c78e5608cd854fdb6e02e3556f4365a6a6865adfa9ffbd2454e6,1780391821068,1780391821076,1780391821078,1780391821158,8,2,80,90
100,530,bottleneck_100_530_1780391821037_764619,success,,9c1b8a249a34546b42c5fc770f7dfe0024928c3c47d963542ea8ab90ac0763e4,1780391821037,1780391821051,1780391821053,1780391821158,14,2,105,121
100,534,bottleneck_100_534_1780391821077_931553,success,,c3bb8a3258305b6a0ed21bc019045b171bec7b18f5af1c3a7482ae9bb2f132cd,1780391821077,1780391821085,1780391821087,1780391821158,8,2,71,81
100,535,bottleneck_100_535_1780391821088_853009,success,,62a13b139d851a0b51c08758c47cb8f43e85d753d6e116c226d86d1d87e2cf2b,1780391821088,1780391821093,1780391821095,1780391821158,5,2,63,70
100,532,bottleneck_100_532_1780391821057_159320,success,,6b97da541faf5bc8f73049cf485ef864d4fbb7326789311a36a77b4c29ccf3f2,1780391821057,1780391821069,1780391821072,1780391821158,12,3,86,101
100,536,bottleneck_100_536_1780391821097_340671,success,,8da8cfaa9eae18c2914901103e8f6885b7af8776dc98838e05d87cdaa3e625dc,1780391821097,1780391821103,1780391821106,1780391821158,6,3,52,61
100,531,bottleneck_100_531_1780391821048_227671,success,,a803df92c7c99baf2d725bc695c5690aa7b049c6d23ef62c5be82629602d5884,1780391821048,1780391821070,1780391821073,1780391821158,22,3,85,110
100,537,bottleneck_100_537_1780391821107_219248,success,,1e9f72cfc7d63e367313a1282d8d1ec3503e432ccafea743edde71996031e226,1780391821107,1780391821112,1780391821114,1780391821158,5,2,44,51
100,538,bottleneck_100_538_1780391821117_557359,success,,f93f0bf377edeaee7ce846f515a1909dead3011321bf3d572694c167ee14eca5,1780391821117,1780391821123,1780391821126,1780391821158,6,3,32,41
100,544,bottleneck_100_544_1780391821178_29188,success,,de055f0c66e084a5dc31b6bf9b9f7f5ce24a0b8f3e0660b8ac89553cf2e48d68,1780391821178,1780391821190,1780391821191,1780391821261,12,1,70,83
100,549,bottleneck_100_549_1780391821227_105620,success,,bf58163eaf1bdbed5ee64fb012fa58d0aac8fab60e42196e6ce3d4255fb8469f,1780391821227,1780391821232,1780391821234,1780391821261,5,2,27,34
100,540,bottleneck_100_540_1780391821137_795610,success,,5b7b64be05c3a6d5592b0c523b3c10693e60eb0ca8a73703bf1772809fe50d1d,1780391821137,1780391821157,1780391821159,1780391821261,20,2,102,124
100,541,bottleneck_100_541_1780391821148_344797,success,,751faecfc8a5f4cb8a727215dd4edaa2a03242f0271ea26c074d0ee8deaea4fb,1780391821148,1780391821161,1780391821163,1780391821261,13,2,98,113
100,545,bottleneck_100_545_1780391821188_388022,success,,6e4ac66f97942447606442e03a5b25e65e813abe0d036955b69702950a0edc51,1780391821188,1780391821197,1780391821199,1780391821261,9,2,62,73
100,542,bottleneck_100_542_1780391821158_723203,success,,66e7feacca06c6ce29571200b3bfd11b39b33dd6682cedab4b94c95fe4b6fec2,1780391821158,1780391821166,1780391821168,1780391821261,8,2,93,103
100,543,bottleneck_100_543_1780391821167_119553,success,,511127d03f6d14f3031f0ed6135e9adf2da533abd248c183b5efe4d0fa9959d7,1780391821167,1780391821176,1780391821179,1780391821261,9,3,82,94
100,547,bottleneck_100_547_1780391821209_737268,success,,8e7acdbfeeddd3c4c70a1dc0993d26a268e1822877199f22f55b66c1765c4942,1780391821209,1780391821214,1780391821216,1780391821261,5,2,45,52
100,546,bottleneck_100_546_1780391821198_308522,success,,0b68da35e54b987860a330813959a3de01de059f94a78a76f58746859d7977aa,1780391821198,1780391821203,1780391821205,1780391821261,5,2,56,63
100,548,bottleneck_100_548_1780391821218_710522,success,,e5610b2177dcbefb91b20f39850958bd2df910d3846468de094df4e99fd28e45,1780391821218,1780391821226,1780391821229,1780391821261,8,3,32,43
100,554,bottleneck_100_554_1780391821278_242002,success,,fcd2deaf80f0cf9a352aa86d2788577be2a0aeb7f88aae9897fd7e5b2c3fcf2d,1780391821278,1780391821283,1780391821285,1780391821351,5,2,66,73
100,551,bottleneck_100_551_1780391821248_625616,success,,7356f8c4cb7ad1c31ad021d17c107e4b97a6c84671d86997952297ee38e1c203,1780391821248,1780391821266,1780391821272,1780391821351,18,6,79,103
100,559,bottleneck_100_559_1780391821328_414447,success,,445396036fabc4844e6bf1bcdbaf4b2bb6cb545125f37c3ee781042f6184892e,1780391821328,1780391821333,1780391821335,1780391821351,5,2,16,23
100,555,bottleneck_100_555_1780391821289_499374,success,,8c0f1e93fd4981deb4a353f009d001abf55ac732db7080bcc744f3eb134605db,1780391821289,1780391821293,1780391821295,1780391821351,4,2,56,62
100,556,bottleneck_100_556_1780391821298_527524,success,,4bf9ae1ff4b7345db8cf3945133e6f07529d13cd245363af4d5a5717e772a335,1780391821298,1780391821303,1780391821306,1780391821351,5,3,45,53
100,557,bottleneck_100_557_1780391821307_670260,success,,7ec0f4eea3a7259390c35cb3d0d50376970222cb447841327c05b62e7d52fd3e,1780391821307,1780391821312,1780391821314,1780391821352,5,2,38,45
100,558,bottleneck_100_558_1780391821318_227848,success,,a39d5bd45d1dbae9c8aa525bea4679aa1bc0e67ce4086654977510b6a197e040,1780391821318,1780391821325,1780391821327,1780391821352,7,2,25,34
100,552,bottleneck_100_552_1780391821257_905675,success,,7b8150aeb2de55c4d22e57f0489c5b781885831e99e75d6b021a5a2d2355ad24,1780391821257,1780391821268,1780391821273,1780391821352,11,5,79,95
100,550,bottleneck_100_550_1780391821238_425277,success,,914f2f3e55f6a5b86d2a488d1dc8aad33e91de65842ea160cabe4e671208b6ac,1780391821238,1780391821244,1780391821246,1780391821352,6,2,106,114
100,553,bottleneck_100_553_1780391821269_618739,success,,51151c440eaaae4f8d032ba5f4a49c4534d4e2f541ec7a5bba86ff18783e701c,1780391821269,1780391821276,1780391821278,1780391821352,7,2,74,83
100,569,bottleneck_100_569_1780391821429_180860,success,,845afb9d9efd2739f6830be3c778573f1de341fa87c41119ff84181fbb836da9,1780391821429,1780391821435,1780391821437,1780391821455,6,2,18,26
100,560,bottleneck_100_560_1780391821338_58074,success,,3fc13018aa6fcfc53b43c81693e87b84a9ba539a38405ed27a0ffcefc569587f,1780391821339,1780391821353,1780391821355,1780391821455,14,2,100,116
100,562,bottleneck_100_562_1780391821358_319918,success,,cf418ba42616a07dc7bafae3ef49a288c577a01cd9123768208579fe80d64ffb,1780391821358,1780391821363,1780391821366,1780391821455,5,3,89,97
100,561,bottleneck_100_561_1780391821347_196358,success,,9d2f5dbeb3a64a855640a396d1ccbd7b6bd7d2cf3d25cfd9acdf0503d1331925,1780391821347,1780391821356,1780391821357,1780391821455,9,1,98,108
100,563,bottleneck_100_563_1780391821368_410143,success,,8d97e688de146064b71b11fc4c06b8e289ddde2dc248ebbe4034837b266f531b,1780391821368,1780391821373,1780391821375,1780391821455,5,2,80,87
100,566,bottleneck_100_566_1780391821399_470987,success,,fd0fcced75a7db8e591c7b338ff869e04b907b06b08b7d754fcaa89ebc8426a0,1780391821399,1780391821404,1780391821407,1780391821455,5,3,48,56
100,567,bottleneck_100_567_1780391821408_993082,success,,ff95952ede87a77afeec0ec0997ad0df0cd95344232e21303b25c2b14bf92c30,1780391821408,1780391821414,1780391821417,1780391821455,6,3,38,47
100,564,bottleneck_100_564_1780391821378_615433,success,,16d042dd48a7e64e2931ceae060b828db3bf8d3d72c64812f7be90ab38c6b0e7,1780391821378,1780391821384,1780391821387,1780391821455,6,3,68,77
100,565,bottleneck_100_565_1780391821389_632403,success,,0a683fd5c8d37f5dcf83a7077772781d8b3a30ebab49656f3721aa84df33e94f,1780391821389,1780391821393,1780391821396,1780391821455,4,3,59,66
100,568,bottleneck_100_568_1780391821418_937890,success,,b73bd58952ccdcf24c490aa37aa23b845c7b6593d5593c31fa873f6c68f453d5,1780391821418,1780391821425,1780391821428,1780391821455,7,3,27,37
100,571,bottleneck_100_571_1780391821447_944166,success,,4f15def468391b4c8d1d203842cf933b943f4ae7839b3ac54820bfde85809062,1780391821447,1780391821459,1780391821460,1780391821556,12,1,96,109
100,572,bottleneck_100_572_1780391821458_114415,success,,82d9a6eab6ee1f84ce7c60db0e0b4613624b0bf8e4988ad5c6b88c41ce8e93a6,1780391821458,1780391821462,1780391821464,1780391821556,4,2,92,98
100,570,bottleneck_100_570_1780391821438_683995,success,,fb5e246ee5c1a667230f260aeac0c2a14959fde4ae7d50a74d5cc94013a84c3d,1780391821438,1780391821445,1780391821449,1780391821556,7,4,107,118
100,576,bottleneck_100_576_1780391821499_6998,success,,225848b4567007cde66296ddb1d51e5845392eed0d577c8d5a61e2ccd9e0c52d,1780391821499,1780391821504,1780391821506,1780391821556,5,2,50,57
100,574,bottleneck_100_574_1780391821477_997892,success,,5224acb09792500a45f071302aa08e2093582fe8e2692b88d571e0519c3b5d02,1780391821477,1780391821481,1780391821484,1780391821556,4,3,72,79
100,578,bottleneck_100_578_1780391821518_801021,success,,fcc53a485de75e9b9020cbd4c1f9b1b5df90478a716553435af7d7adb87ff419,1780391821518,1780391821524,1780391821526,1780391821556,6,2,30,38
100,575,bottleneck_100_575_1780391821488_322626,success,,a59cfd94b0b4c9ecbc4e10d890064c1cf1123ece46b6c42d1f3f6c6737e60957,1780391821488,1780391821494,1780391821496,1780391821556,6,2,60,68
100,573,bottleneck_100_573_1780391821467_357865,success,,ca2ca6043eead068c09f8a4a4f33a11b24ca390936e4202f417fb86f075ef8b1,1780391821467,1780391821473,1780391821475,1780391821556,6,2,81,89
100,577,bottleneck_100_577_1780391821507_802478,success,,9da9d5f4cda5add3cbdf32a7ebe50ab1d689e71c625b83ffbd789bcc2ec9ddc4,1780391821507,1780391821513,1780391821514,1780391821556,6,1,42,49
100,579,bottleneck_100_579_1780391821527_659234,success,,82bc97ee99d7dab3741ac445a8e14158916e10a587a20dc5e3ef8f0a1ca7a858,1780391821527,1780391821534,1780391821537,1780391821556,7,3,19,29
100,584,bottleneck_100_584_1780391821579_839983,success,,423f87a2bf67df0ff81dd5130d86c6c4937090a9b791a0509566d7cac6f70ffa,1780391821579,1780391821583,1780391821584,1780391821653,4,1,69,74
100,589,bottleneck_100_589_1780391821627_265038,success,,945358eb0ce3a20095abdc67b5a2ab332891be12f44fd161491d257322400195,1780391821627,1780391821631,1780391821633,1780391821653,4,2,20,26
100,580,bottleneck_100_580_1780391821539_935170,success,,8f04654750b5458c33938730f5d32edd079902558414721d90bd47869d925835,1780391821539,1780391821551,1780391821553,1780391821653,12,2,100,114
100,582,bottleneck_100_582_1780391821557_530512,success,,03a50262ff65b0e4f5bb675afedea8242a10194e581ec5df61c904dde488b42b,1780391821557,1780391821562,1780391821564,1780391821653,5,2,89,96
100,585,bottleneck_100_585_1780391821588_687123,success,,ad72fd2a87c4593123cd19a57bec776ceb07fd9ad6d89438eb967bfccc2c1cc9,1780391821588,1780391821594,1780391821597,1780391821653,6,3,56,65
100,587,bottleneck_100_587_1780391821607_302366,success,,9407580e5011644dd17e63a67a6b049fb1d366b6fd9b649e87fd60bb0c76b743,1780391821607,1780391821612,1780391821615,1780391821653,5,3,38,46
100,586,bottleneck_100_586_1780391821598_389792,success,,58eeaf181183cb6ec9c95b5079c6dbfa1d89f4592f08bee3eeddcc57ecd73991,1780391821598,1780391821603,1780391821606,1780391821653,5,3,47,55
100,581,bottleneck_100_581_1780391821548_891559,success,,a4f281cc1d88480718332b6473238e5f036cd6e80201f8c70e26d714c7050cfb,1780391821548,1780391821561,1780391821563,1780391821653,13,2,90,105
100,588,bottleneck_100_588_1780391821617_475375,success,,613c42ed9243f0316e1a4d62e757efebc29c046af5f4f18eeebcb3255bbb2b1f,1780391821617,1780391821624,1780391821626,1780391821653,7,2,27,36
100,583,bottleneck_100_583_1780391821568_359396,success,,3cc9b54c4b0a14d9ae99e1fbf45dd48564c8d971ead54db2183b5570e7b54820,1780391821568,1780391821576,1780391821578,1780391821653,8,2,75,85
100,599,bottleneck_100_599_1780391821727_451735,success,,4c32990e0a88c19cc0e6086f28a5ecff6628f105737e13e108427de2e93db680,1780391821727,1780391821732,1780391821734,1780391821752,5,2,18,25
100,594,bottleneck_100_594_1780391821677_828190,success,,a91e28e9ec0e23a4d967ca94b3fad6aec85bce20cd6e76213e2a53d59e3bff94,1780391821677,1780391821681,1780391821684,1780391821752,4,3,68,75
100,595,bottleneck_100_595_1780391821687_456710,success,,3991f87553dc4380f48d49d1489bcc6870ab0b329642771b40ef19f6c1eef12e,1780391821687,1780391821692,1780391821695,1780391821752,5,3,57,65
100,590,bottleneck_100_590_1780391821637_700892,success,,ad4ac300a3035906d51593007c9879586844f323e02a70e26100e4f6902650db,1780391821637,1780391821644,1780391821649,1780391821752,7,5,103,115
100,596,bottleneck_100_596_1780391821698_249803,success,,27ef7eea4694cf72d570ff7f62b10021cdccdf665ce7976a310067fa59272baf,1780391821698,1780391821704,1780391821707,1780391821752,6,3,45,54
100,591,bottleneck_100_591_1780391821647_347578,success,,cf2299c668d48044fc92b44139435bd9ae9c5d133da9f055073cb262ad909df7,1780391821647,1780391821659,1780391821661,1780391821752,12,2,91,105
100,597,bottleneck_100_597_1780391821708_77530,success,,095954ffbd614391f91bc6a67ba9b86e3d196b0870e99a7520a5c61d8f4c9668,1780391821708,1780391821713,1780391821714,1780391821752,5,1,38,44
100,592,bottleneck_100_592_1780391821658_502413,success,,aafc7b5ff21f7cf6d9f32f5e9f903a6800698adab92c71044e3a9058e08525fa,1780391821658,1780391821662,1780391821664,1780391821752,4,2,88,94
100,598,bottleneck_100_598_1780391821718_77343,success,,2b4f88b9a00215b4298801363422dbce0b7900a92cc95cc6fae5499026ac0717,1780391821718,1780391821725,1780391821728,1780391821752,7,3,24,34
100,593,bottleneck_100_593_1780391821667_161944,success,,5e0eeafa70690c0455d311bb0b50684043fa2bebd30ad8b438432bd8b24ab978,1780391821667,1780391821673,1780391821675,1780391821752,6,2,77,85
100,609,bottleneck_100_609_1780391821827_468863,success,,a9611092b9d5404f69fc0988b1bfc47e29d1d37a6a0f1ae95875b7a296a4582c,1780391821827,1780391821832,1780391821835,1780391821852,5,3,17,25
100,600,bottleneck_100_600_1780391821738_360648,success,,76bd83abb084e820ab2b948a46e24b28ec3c4ff4e993db669f619782fe5c347d,1780391821738,1780391821747,1780391821751,1780391821852,9,4,101,114
100,601,bottleneck_100_601_1780391821748_869860,success,,ec27dc92246066bd459569b785636b3fc6ec2f45e8413c6768e7eef656b551d0,1780391821748,1780391821756,1780391821759,1780391821852,8,3,93,104
100,602,bottleneck_100_602_1780391821757_578693,success,,4a5d31a7543ab4b7f44ec2fb355212221c2356cc6bcb7b70482a819ddc6495ab,1780391821757,1780391821764,1780391821767,1780391821852,7,3,85,95
100,603,bottleneck_100_603_1780391821768_673010,success,,083200efb3a48f55d5d81b2cc47e92e7017711b28a507bbe7781a7ac032ddd2a,1780391821768,1780391821773,1780391821775,1780391821852,5,2,77,84
100,604,bottleneck_100_604_1780391821777_139750,success,,12dc83276173218af3a452ce759a53cda0e68dd02eedde5dcdaaf88ae6f28d6b,1780391821777,1780391821782,1780391821784,1780391821852,5,2,68,75
100,605,bottleneck_100_605_1780391821788_810355,success,,0170e9519fd21252e1ad8297a9cb663b4f2a78917e7869f2ed163b2e54d712bf,1780391821788,1780391821793,1780391821796,1780391821852,5,3,56,64
100,606,bottleneck_100_606_1780391821798_5596,success,,4babcdc5f7227be48d5fcb218be8134043bce039eb583c7e12d16d2a047438b3,1780391821798,1780391821803,1780391821806,1780391821852,5,3,46,54
100,607,bottleneck_100_607_1780391821807_118298,success,,c9fff2fa0884fd9c2b0df1da3ef58cd73f6022907b7b738fbaa6c3deb335662f,1780391821807,1780391821812,1780391821815,1780391821852,5,3,37,45
100,608,bottleneck_100_608_1780391821818_732659,success,,18599e185d529b12a9efadc36c192f1ed30b84cffc907bc78aabde0b2d816c01,1780391821818,1780391821824,1780391821826,1780391821852,6,2,26,34
100,614,bottleneck_100_614_1780391821878_381148,success,,34f68ff8d8a5c5c348a7b390f4fcf85a0f534381a15b92c62e077707650797a2,1780391821878,1780391821886,1780391821889,1780391821953,8,3,64,75
100,612,bottleneck_100_612_1780391821859_460768,success,,24cd2791b82aa8a9274fcd4db9d330d8e916b797ff042fbc398ba2551b602d65,1780391821859,1780391821865,1780391821870,1780391821953,6,5,83,94
100,613,bottleneck_100_613_1780391821867_622195,success,,b6c1931f3dc188efd3b00d46de05335574be41d3fe9067b1ef10096aebe68886,1780391821867,1780391821875,1780391821877,1780391821953,8,2,76,86
100,610,bottleneck_100_610_1780391821838_886888,success,,2e3127de466b457119c92ec6a63b6614abbe4e720a7f8ee22445a9ca094cc3c4,1780391821838,1780391821857,1780391821860,1780391821953,19,3,93,115
100,616,bottleneck_100_616_1780391821897_850364,success,,db64a469f88521123c944b050624df8f4748d6721d6828c4bf03c726f36b78ef,1780391821897,1780391821902,1780391821904,1780391821953,5,2,49,56
100,619,bottleneck_100_619_1780391821927_868090,success,,9002d62e09dea1b4f9ce31a9cf50c30f9777eecd7ecf6df938533670441164cf,1780391821927,1780391821932,1780391821934,1780391821954,5,2,20,27
100,615,bottleneck_100_615_1780391821887_284798,success,,3d73a0fd9626d6d15b4b8b7944c5af48f2636174fbddfe3dfcc1296633c5492e,1780391821887,1780391821892,1780391821894,1780391821954,5,2,60,67
100,617,bottleneck_100_617_1780391821908_966205,success,,f84df19b2760b0c7af592856708ba0c8de3c0105d6a40a5dd766647f348e4e0f,1780391821908,1780391821913,1780391821915,1780391821954,5,2,39,46
100,611,bottleneck_100_611_1780391821847_550639,success,,c125c63dba4dd56969f968091e9b411d06797079b4514adbf055854cdc228231,1780391821847,1780391821858,1780391821862,1780391821954,11,4,92,107
100,618,bottleneck_100_618_1780391821917_917106,success,,3f0f637b9d44f5d3d5d2984aff03e03e9b5d99c79e5daf8086fec100e6c17032,1780391821917,1780391821923,1780391821925,1780391821954,6,2,29,37
100,622,bottleneck_100_622_1780391821957_603146,success,,c9eb418c45be1fd53eef742c114710a4eba5f7efae47df0e970615084b273487,1780391821957,1780391821965,1780391821967,1780391822065,8,2,98,108
100,623,bottleneck_100_623_1780391821967_984238,success,,ae7a99f5d1f91bc815926c640b98bfe6f4f82cc3dd2aefa4c8a1b154dff4e695,1780391821967,1780391821972,1780391821974,1780391822065,5,2,91,98
100,624,bottleneck_100_624_1780391821978_365973,success,,7ba8b7feb1c77cac24ec9e412b8bf8fec3643f6c1a96bb021e9f9130c70661bc,1780391821978,1780391821982,1780391821985,1780391822065,4,3,80,87
100,621,bottleneck_100_621_1780391821947_167718,success,,14ab658945f6e8a516a4808ed4f8908f80777b43fbd3f8d068d6c3d5c9ff4fdf,1780391821947,1780391821958,1780391821960,1780391822065,11,2,105,118
100,620,bottleneck_100_620_1780391821938_895599,success,,73c275a947b46e8e78b3ab60b427381969157fee847e4d4015e4b481d427851b,1780391821938,1780391821955,1780391821956,1780391822065,17,1,109,127
100,629,bottleneck_100_629_1780391822027_456874,success,,10361f625b1f66a2d0ad8833b1251c656df700ccbb86782e7117269197873d6b,1780391822027,1780391822032,1780391822034,1780391822065,5,2,31,38
100,625,bottleneck_100_625_1780391821988_509328,success,,732f827b24d15eec2bc15a448b93c8dce05e8cabb1bc7facf7bbbcca726f6eeb,1780391821988,1780391821995,1780391821998,1780391822065,7,3,67,77
100,626,bottleneck_100_626_1780391821999_687514,success,,7d0ba6de9c6f8465ef4a0eb436eeb3bf1ec495743cf6b151e98c7bfa24eadf3c,1780391821999,1780391822004,1780391822006,1780391822065,5,2,59,66
100,627,bottleneck_100_627_1780391822008_273952,success,,417b0e98fe47a0baa0d7b2eaac56bc3125efb859e086a9a16e75169caf48cb6d,1780391822008,1780391822013,1780391822015,1780391822065,5,2,50,57
100,628,bottleneck_100_628_1780391822018_628691,success,,3f7b7fb444b360cc4a4179e0f1665ff69f18bbbe53a346506f5004d94107bb48,1780391822018,1780391822023,1780391822026,1780391822065,5,3,39,47
100,639,bottleneck_100_639_1780391822127_732390,success,,53f527191a1b2b911ac9846d57cc6a3c0536aa5a7ab65c63c24e3a2c832bfecd,1780391822127,1780391822132,1780391822135,1780391822150,5,3,15,23
100,630,bottleneck_100_630_1780391822038_785295,success,,357f049679f09ee9b26d96f35be84f61666d1ae1ac96790e8bd54f29b2cdee8c,1780391822038,1780391822046,1780391822048,1780391822150,8,2,102,112
100,634,bottleneck_100_634_1780391822078_269470,success,,e1e5f3b36ac71a8cb485cef8623098be63dd7447458526122c6a2b5c65bfcee7,1780391822078,1780391822082,1780391822084,1780391822150,4,2,66,72
100,632,bottleneck_100_632_1780391822060_370365,success,,48693f5f2baed551f1cb802b74c675987eb79bdefeff77228a5eeff6cc1a9c09,1780391822060,1780391822069,1780391822072,1780391822150,9,3,78,90
100,631,bottleneck_100_631_1780391822047_748426,success,,626d642284ae9ca498233b9effc2d612e662c40c02902bee1a3b2579763ed8f3,1780391822047,1780391822058,1780391822062,1780391822150,11,4,88,103
100,636,bottleneck_100_636_1780391822097_51479,success,,6a72a205a7160cf6c52d15d733241a88caf3d77e7b2583a1d51e691699230083,1780391822097,1780391822103,1780391822105,1780391822150,6,2,45,53
100,633,bottleneck_100_633_1780391822068_917864,success,,6d75ededebf040dd08d5a794e41410b7fd366d38fb36da64979ab13aa1f40e06,1780391822068,1780391822074,1780391822076,1780391822150,6,2,74,82
100,635,bottleneck_100_635_1780391822088_586107,success,,27e5dc03444fd25afd00c782fddc2c431763bfa374271370d184384f9d7984bb,1780391822088,1780391822093,1780391822096,1780391822150,5,3,54,62
100,638,bottleneck_100_638_1780391822117_59219,success,,e3e7d7190ce8b267a32c5ee1f6c6c5e35ab8234c8fef2b08ff3c65cd0e674cfa,1780391822117,1780391822123,1780391822125,1780391822150,6,2,25,33
100,637,bottleneck_100_637_1780391822107_308628,success,,686d0fe71be3bfce90b2836c6c6098f4af7914760858bec8de237238de3ac5d5,1780391822107,1780391822112,1780391822114,1780391822150,5,2,36,43
100,649,bottleneck_100_649_1780391822227_84469,success,,d988e9224e3fc13532cf7f71da94a92de02189a58412e40743db707d6d7c2a8f,1780391822227,1780391822232,1780391822234,1780391822252,5,2,18,25
100,643,bottleneck_100_643_1780391822167_212133,success,,1656deca7c515e4c2e3a48447a2efee507b9acc22a7b574fcdf090b23df51a95,1780391822167,1780391822174,1780391822176,1780391822252,7,2,76,85
100,645,bottleneck_100_645_1780391822187_417962,success,,c7b2e8d54e8de7457f5f4a11fcca93caef34330d242c523fc951d8eb148f8538,1780391822187,1780391822193,1780391822195,1780391822253,6,2,58,66
100,640,bottleneck_100_640_1780391822138_158313,success,,4503d700bbb1223a3212fb7904abdb15635d9647b03c0749961bac48bc0d7060,1780391822138,1780391822146,1780391822150,1780391822253,8,4,103,115
100,641,bottleneck_100_641_1780391822148_564229,success,,0aafa98419f25ecc26e532d22ad930a6e8a4c40e743d5d330a29b7854c2a7d6b,1780391822148,1780391822156,1780391822159,1780391822253,8,3,94,105
100,642,bottleneck_100_642_1780391822158_286758,success,,976a55347c387dfa8c50dd7733907513e42f014e6a1f3bf0512b15278d502cf7,1780391822158,1780391822162,1780391822165,1780391822253,4,3,88,95
100,644,bottleneck_100_644_1780391822177_38775,success,,247b64a633700872047855f3bf8df1b3678a9963d58272e2544e39e55cb7d13f,1780391822177,1780391822182,1780391822184,1780391822253,5,2,69,76
100,646,bottleneck_100_646_1780391822197_607090,success,,d4131cb730d2494d40ea45d22c6e300c5750dbc36a723bf2d61fbcfbaa54b788,1780391822197,1780391822202,1780391822204,1780391822253,5,2,49,56
100,648,bottleneck_100_648_1780391822218_190059,success,,073e7e7a7926bd23069316ef916c10478a6e3d616e756c67054f6517d4cd5157,1780391822218,1780391822223,1780391822226,1780391822253,5,3,27,35
100,647,bottleneck_100_647_1780391822208_664699,success,,3cd5ed29ebb3213f3671ba571c21b8ca8e1005a0d4486c0a6fc82f3833200ccb,1780391822208,1780391822213,1780391822215,1780391822253,5,2,38,45
100,651,bottleneck_100_651_1780391822248_870793,success,,b5a8159c5e7133c0b89db80d15232314e3a9d2f310c9b9c1b3aa34f8adf9c8dd,1780391822248,1780391822255,1780391822257,1780391822356,7,2,99,108
100,655,bottleneck_100_655_1780391822288_819486,success,,839018fa196e4bd1a346be657a8d4a44ab2ef94f3a689a8f5c167fae072d891f,1780391822288,1780391822293,1780391822295,1780391822356,5,2,61,68
100,656,bottleneck_100_656_1780391822297_467521,success,,0763ba419ae8b1d9f07a73f3edb524131c104ca09486112fa915194d0c81b9f8,1780391822297,1780391822303,1780391822306,1780391822356,6,3,50,59
100,652,bottleneck_100_652_1780391822258_46318,success,,5263db6dff1e09da76da21ee8f561703c5545142038d9d4667c5cc6d22b449ee,1780391822258,1780391822262,1780391822264,1780391822356,4,2,92,98
100,653,bottleneck_100_653_1780391822269_640611,success,,f59d4a3c7658c8f9a4e5f6c0b6fa0a8c97f419e35c023786ca90b3125e065473,1780391822269,1780391822277,1780391822280,1780391822356,8,3,76,87
100,659,bottleneck_100_659_1780391822327_499880,success,,8cc0f8ec5d051e646dbb4a6754cc79cc96d8e6e4da9c794fccb8dd9fd67bc7da,1780391822327,1780391822333,1780391822336,1780391822356,6,3,20,29
100,650,bottleneck_100_650_1780391822238_336523,success,,eb6d982d72cef8065f434169948a250b646dae820d86651646ea73a238dd3b1b,1780391822238,1780391822245,1780391822247,1780391822356,7,2,109,118
100,657,bottleneck_100_657_1780391822307_343815,success,,3954c362e6ef74061c660c9ba72308d45f8fa27b9b72f95198bee946c0bfef3a,1780391822307,1780391822311,1780391822315,1780391822356,4,4,41,49
100,654,bottleneck_100_654_1780391822278_420830,success,,f0f6619874c1ffc82242cdaeb912b967aaa5156ff07b15378f8ba546811f9183,1780391822278,1780391822285,1780391822287,1780391822356,7,2,69,78
100,658,bottleneck_100_658_1780391822317_324035,success,,f2d237cce4c58a9737cf1c53b65077dbb57527a6df1d9bd620067b45ad806631,1780391822317,1780391822324,1780391822327,1780391822356,7,3,29,39
100,669,bottleneck_100_669_1780391822428_777239,success,,c35ab2b85cdf07144f41289ce971affa1aaa95db8ac9455f6496e75a9f5f0df8,1780391822428,1780391822434,1780391822435,1780391822459,6,1,24,31
100,660,bottleneck_100_660_1780391822337_131379,success,,6a4d0ecdd4bf3814f64c7ec24a97428b2210c1f499fa9956c0bed48e1793ee47,1780391822337,1780391822344,1780391822346,1780391822460,7,2,114,123
100,661,bottleneck_100_661_1780391822348_98494,success,,8e406dfce925df4e97ef8524fda7df97411dc896878e0028bcfea48ff266c9ff,1780391822348,1780391822360,1780391822363,1780391822460,12,3,97,112
100,662,bottleneck_100_662_1780391822357_934949,success,,b5d29f9c65cfb9dbb61aad81a46a9367b80795d81c71acb5d798744e0b885002,1780391822357,1780391822362,1780391822363,1780391822460,5,1,97,103
100,663,bottleneck_100_663_1780391822368_984130,success,,a09a46a67a7a4d34187a2ec1cc4897dc07e6488470e78ca4bad222580897b045,1780391822368,1780391822373,1780391822376,1780391822460,5,3,84,92
100,664,bottleneck_100_664_1780391822378_740075,success,,725db3c932cb05f034083c60bb79c2afd8222eeb9715f396b81911ba660afd92,1780391822378,1780391822382,1780391822385,1780391822460,4,3,75,82
100,665,bottleneck_100_665_1780391822388_862077,success,,ec04baf320bcb7fe6cfbe4a2dcd8a867642e6eeaf07d1fa4ff93a36e1c97792f,1780391822388,1780391822393,1780391822394,1780391822460,5,1,66,72
100,666,bottleneck_100_666_1780391822398_194245,success,,1c4ab76a9bd9f79ef48be13c4bcfd091d5ff1e2b2d3afc141e1b0d8fdca346c2,1780391822398,1780391822403,1780391822405,1780391822460,5,2,55,62
100,667,bottleneck_100_667_1780391822408_875934,success,,8e8ea83cf80d75aadef5849d4f88a0e97954f88d767056b513d54ed4b11e506f,1780391822408,1780391822413,1780391822414,1780391822460,5,1,46,52
100,668,bottleneck_100_668_1780391822418_989552,success,,0922fb2e2d7d5b059d831c0e962438f7eb860fc64e5981ffc86506e4790913f1,1780391822418,1780391822424,1780391822427,1780391822460,6,3,33,42
100,670,bottleneck_100_670_1780391822438_464574,success,,63336d9ccc46487d1a89e73c372f2a4b9d6733fa15490156bdb46c6ccdde8c47,1780391822438,1780391822448,1780391822450,1780391822549,10,2,99,111
100,679,bottleneck_100_679_1780391822527_457797,success,,d3a60424ad1a59b77d9c0caf14a22c302e7475dd68ec28f0055c10ef898c103b,1780391822527,1780391822532,1780391822534,1780391822549,5,2,15,22
100,674,bottleneck_100_674_1780391822477_291606,success,,ba8edb9763f89ecdd278e7c45e13d7500fa8e59bf347d2c4d59f9aa0bc5add7e,1780391822477,1780391822483,1780391822484,1780391822549,6,1,65,72
100,672,bottleneck_100_672_1780391822458_600796,success,,e3141f6a70a82c5d70d4af21f25bd98c7072d93a3bd8debb158d89561c5f5d0e,1780391822458,1780391822463,1780391822465,1780391822549,5,2,84,91
100,675,bottleneck_100_675_1780391822488_156969,success,,6f1315fa256b0a965a6b36f0f21b9bb51c56c6861d171aa96c8f0b19c40101f5,1780391822488,1780391822494,1780391822496,1780391822549,6,2,53,61
100,671,bottleneck_100_671_1780391822447_514665,success,,5accc839249691e5a27aac2690acb7c0497ce945b0eeacdacb0c6738b9c67c9d,1780391822447,1780391822462,1780391822463,1780391822550,15,1,87,103
100,676,bottleneck_100_676_1780391822498_593486,success,,81e8cc60e2f0b0a03840ca1b877f3d2fccd62996c125f8bafe3c818b6abf7949,1780391822498,1780391822504,1780391822506,1780391822550,6,2,44,52
100,673,bottleneck_100_673_1780391822467_443744,success,,0bc8aa1247a8b3ccbb260589502be4f4ccaa18a0b40a87da45b2cc5f97c957af,1780391822467,1780391822472,1780391822474,1780391822550,5,2,76,83
100,677,bottleneck_100_677_1780391822508_387291,success,,c4dd7408b3a7f5a0b1722d98fdb61ce3c8e9ed44b60aee75f9fb477c601be405,1780391822508,1780391822513,1780391822515,1780391822550,5,2,35,42
100,678,bottleneck_100_678_1780391822518_163792,success,,91323e10148536fc4e7e2496198d8d14d4631a839313b4e408af0a47697e6888,1780391822518,1780391822525,1780391822528,1780391822550,7,3,22,32
100,689,bottleneck_100_689_1780391822627_217428,success,,eebb65e53be0d9570a15427f8acced685a56c0a86e4196d721724d698cabaf72,1780391822627,1780391822632,1780391822634,1780391822658,5,2,24,31
100,682,bottleneck_100_682_1780391822557_196224,success,,1258344dcefc717f6a185b474ce1234afe0b772e3bf988f990be6dcd2511f32d,1780391822557,1780391822562,1780391822564,1780391822658,5,2,94,101
100,683,bottleneck_100_683_1780391822568_794642,success,,4e636b1d5b83536978037cd25597d009b7a9694424f388c8237c38aebdd5209f,1780391822568,1780391822573,1780391822576,1780391822658,5,3,82,90
100,681,bottleneck_100_681_1780391822547_956716,success,,4ab48b898b89669f99a6dc57fed99e2a53b372d69e8252c62fbd5a2701408cef,1780391822547,1780391822553,1780391822555,1780391822658,6,2,103,111
100,684,bottleneck_100_684_1780391822577_845286,success,,b07978866b9c8e0ca8304739568177b251e88aa43e211c61296c0449dc6ddb25,1780391822577,1780391822582,1780391822584,1780391822658,5,2,74,81
100,680,bottleneck_100_680_1780391822538_848622,success,,f717fea8449b2437dd36b9b6932551a31a9fc9aa40e731673d638c2dfcd3c1fd,1780391822538,1780391822552,1780391822554,1780391822658,14,2,104,120
100,685,bottleneck_100_685_1780391822588_488887,success,,080a9c33e2576bd612eef7f692217242f36cdd3ccb6d8486bfbf5841aff8b222,1780391822588,1780391822593,1780391822595,1780391822658,5,2,63,70
100,686,bottleneck_100_686_1780391822598_61818,success,,f855d462442e1a29746a69c4836752032add9c8c33967563531c1e8165d36247,1780391822598,1780391822604,1780391822609,1780391822658,6,5,49,60
100,687,bottleneck_100_687_1780391822607_527966,success,,27cbefed3cd58489e720b1ef77b592177ff5a44bfe11bb2a2960e7058a1349ed,1780391822607,1780391822613,1780391822615,1780391822658,6,2,43,51
100,688,bottleneck_100_688_1780391822618_418048,success,,ba76796efbd8f1b6951dd08c4d11217138b16de1d03333235abf5258e5e16789,1780391822618,1780391822624,1780391822627,1780391822658,6,3,31,40
100,699,bottleneck_100_699_1780391822727_459759,success,,9930f7205a1760ef65dc36c34c2d3ed5329e18f2f4498cbf13edfd41c19b68ff,1780391822727,1780391822731,1780391822733,1780391822747,4,2,14,20
100,690,bottleneck_100_690_1780391822639_934091,success,,8173dfab73f13f88d7748caf3eeae57967e72e102f69b7f28305ecb7677bb5ce,1780391822639,1780391822650,1780391822653,1780391822747,11,3,94,108
100,691,bottleneck_100_691_1780391822648_962465,success,,c705b97b6797330c8512af811c03f67e6b07b5cb602adcd308a451aebd47c161,1780391822648,1780391822662,1780391822663,1780391822747,14,1,84,99
100,692,bottleneck_100_692_1780391822657_68580,success,,43d34b6b2eea5f87eb91da1e8123449c24b84a088376115a914ab501bcc6cfd1,1780391822657,1780391822662,1780391822664,1780391822747,5,2,83,90
100,693,bottleneck_100_693_1780391822667_200938,success,,bfed7340843f1b758822cac871c3fc6c2490c51ab2a0dbacb03cfc30eb7a36d7,1780391822667,1780391822674,1780391822675,1780391822747,7,1,72,80
100,695,bottleneck_100_695_1780391822687_970538,success,,c5c71319dc4bcc526d01039e63c891215459b12ba89fbf733896cfba464b0296,1780391822687,1780391822693,1780391822695,1780391822747,6,2,52,60
100,697,bottleneck_100_697_1780391822708_393165,success,,a21f343fa93f13de2d166620bf90ab12784ec4a34267277dc0900ff65df7c9d0,1780391822708,1780391822712,1780391822715,1780391822747,4,3,32,39
100,694,bottleneck_100_694_1780391822678_7161,success,,91dbc912a6ebca9e72d07e1a190d444a0a970b2001c20fceb4b65012369a552e,1780391822678,1780391822682,1780391822684,1780391822747,4,2,63,69
100,696,bottleneck_100_696_1780391822698_690983,success,,ba7971b62fcd261d5c76c012129ee378427610b117f2d6feb7c5314db7330ee6,1780391822698,1780391822704,1780391822707,1780391822747,6,3,40,49
100,698,bottleneck_100_698_1780391822717_942566,success,,8f26524175cd5a83290c5b2fa89a7bb80fb68f8daa7fa709614daee5f2f0393b,1780391822717,1780391822722,1780391822725,1780391822747,5,3,22,30
100,709,bottleneck_100_709_1780391822827_688891,success,,cfa9becbf9230145103118400102b35086e1dd7e368aed6627b46c7c39d8c86b,1780391822827,1780391822831,1780391822835,1780391822851,4,4,16,24
100,700,bottleneck_100_700_1780391822738_429382,success,,70f9bdf6fb4b05c1f450256343c96fb6f71e948c7c08eec9fa4023f56d7e4d87,1780391822738,1780391822750,1780391822756,1780391822851,12,6,95,113
100,701,bottleneck_100_701_1780391822747_843017,success,,79185481a5ba05c34f4588bcd1fd11177b8932bbb78e3dcd71775cc1bfc737d9,1780391822747,1780391822752,1780391822756,1780391822851,5,4,95,104
100,702,bottleneck_100_702_1780391822757_303241,success,,7f8d00b0178ae5d4e6726d25c7e41bf065705909f143d1f89f25c46daa56790c,1780391822757,1780391822763,1780391822765,1780391822851,6,2,86,94
100,703,bottleneck_100_703_1780391822768_781908,success,,7320d0d10dd12ec49f6013c973079d4d699457fe1b084de5e7489496efd56838,1780391822768,1780391822774,1780391822775,1780391822851,6,1,76,83
100,706,bottleneck_100_706_1780391822799_328298,success,,96b9995cb7b3102de50036c82f0f5ec260cf3e9e5660e650e9eab3a8852ae1a1,1780391822799,1780391822804,1780391822807,1780391822851,5,3,44,52
100,704,bottleneck_100_704_1780391822778_847039,success,,ee8297fea94eb3ff8e77ed4075fb604ba42a7db71aea3b1b93900d72fd0e90c6,1780391822778,1780391822784,1780391822786,1780391822851,6,2,65,73
100,705,bottleneck_100_705_1780391822788_502739,success,,caebe513996258b801ecfc24a726500fd1eafd7aa6bd5ea655787247b4250395,1780391822788,1780391822793,1780391822796,1780391822851,5,3,55,63
100,707,bottleneck_100_707_1780391822808_496019,success,,db3641e5384382045f483c7b22b359236eb91a2b36e0815a643cd79f6cb2b0d0,1780391822808,1780391822813,1780391822815,1780391822851,5,2,36,43
100,708,bottleneck_100_708_1780391822818_166954,success,,bd88610f6ba54a721398323d8be9ec77976a7e22ec18b61d17917afe4a27eaf4,1780391822818,1780391822823,1780391822826,1780391822851,5,3,25,33
100,719,bottleneck_100_719_1780391822927_238611,success,,a9ed3543f8cfc4dd8239cfda0d76b3d28b8c4913f5a52bd843801c4eeab75b19,1780391822927,1780391822933,1780391822936,1780391822959,6,3,23,32
100,716,bottleneck_100_716_1780391822898_551451,success,,8e128f7f6d01ba789af7c71d719d285dca2fbd75f7020d50db03106d151be8dd,1780391822898,1780391822903,1780391822906,1780391822959,5,3,53,61
100,715,bottleneck_100_715_1780391822888_26566,success,,8f6c35d1be6dd6b4f91ba0fefb1b2bc65340da8553b7b320de3df097341d8407,1780391822888,1780391822894,1780391822896,1780391822959,6,2,63,71
100,717,bottleneck_100_717_1780391822908_473660,success,,e67534ba7648871ea4f53bbf81292624954d47279ce2be77644c7b24775f0e0b,1780391822908,1780391822913,1780391822915,1780391822959,5,2,44,51
100,718,bottleneck_100_718_1780391822917_679339,success,,fabb5fa544d2450471d364de3809aac1ce79bcac93bbd582239360f9caf56994,1780391822917,1780391822922,1780391822924,1780391822959,5,2,35,42
100,711,bottleneck_100_711_1780391822848_940758,success,,4ab88fe42cfd535c26fcb070251f8c791bb1a8ba7c333daa63093755d03e8807,1780391822848,1780391822854,1780391822856,1780391822959,6,2,103,111
100,710,bottleneck_100_710_1780391822837_604600,success,,29a3e7ce123fe65a45ad03ce56f659daa3e0c1ca92a4b1ce5c995108b030f7e2,1780391822837,1780391822850,1780391822852,1780391822959,13,2,107,122
100,712,bottleneck_100_712_1780391822857_26728,success,,4b8d8dd3f6bfc959ebf2d5716bf38ecdd276906bbaabf4fab4959c47817e9a3f,1780391822857,1780391822862,1780391822864,1780391822959,5,2,95,102
100,713,bottleneck_100_713_1780391822868_481248,success,,19357fbbccbf0f7f4033660c53fada199373cf3cc14172d55ed4f7986a994215,1780391822868,1780391822874,1780391822876,1780391822959,6,2,83,91
100,714,bottleneck_100_714_1780391822877_877527,success,,61ce79498bb1a7d41dde057fdd84ecf337d60d1eb984ec4cf0ff3ebf539e17bd,1780391822877,1780391822882,1780391822884,1780391822959,5,2,75,82
100,729,bottleneck_100_729_1780391823028_125531,success,,a81c33a90fabe0002419bba5bc62b5f817f099f96d6e1d9210673776c7628a53,1780391823028,1780391823032,1780391823035,1780391823054,4,3,19,26
100,721,bottleneck_100_721_1780391822947_555476,success,,3df09ed7371cebcd29a4a0e008dcc355af10034884a95c00e0090255207196eb,1780391822947,1780391822964,1780391822966,1780391823054,17,2,88,107
100,725,bottleneck_100_725_1780391822988_593454,success,,b6f3cdc7db2af8d307604e5407de641515968b034c5e6ca1875a4cd9a9806819,1780391822988,1780391822995,1780391822999,1780391823054,7,4,55,66
100,726,bottleneck_100_726_1780391822997_918186,success,,1a8f3e427ce6be0984ee88a18be86250bf75b109739da2d09162986950be9b05,1780391822997,1780391823003,1780391823006,1780391823054,6,3,48,57
100,720,bottleneck_100_720_1780391822939_902628,success,,fc95ea2e4ff46607580f1342c60947858bc1b7b3c33c8864d0373f1922760df8,1780391822939,1780391822950,1780391822953,1780391823054,11,3,101,115
100,724,bottleneck_100_724_1780391822977_2988,success,,818e6cdb22270886fa7c715b306771bf8a7fa5b6467816abcfbd25bcdee081c9,1780391822977,1780391822982,1780391822984,1780391823054,5,2,70,77
100,722,bottleneck_100_722_1780391822957_22275,success,,c2f55da40efe507ecf5cfd65e290a8bfa8e3b12e36c25ffca5bec6cad4402a17,1780391822957,1780391822965,1780391822973,1780391823054,8,8,81,97
100,723,bottleneck_100_723_1780391822968_848592,success,,2c42a4f44c147a98f851738be4e91d1ee3ef881af2d5a36754329d6a06d58626,1780391822968,1780391822973,1780391822976,1780391823054,5,3,78,86
100,727,bottleneck_100_727_1780391823007_948015,success,,72e5efa7161137b30443483870f4b5c44cc90f4eeb3f71e01a902d94363f9356,1780391823007,1780391823012,1780391823014,1780391823055,5,2,41,48
100,728,bottleneck_100_728_1780391823017_989402,success,,cab7deedc75d1d929535d1b4ed4b41ca6a2b3ffcd86e6c3abbbe10f5ee9f708e,1780391823017,1780391823023,1780391823025,1780391823055,6,2,30,38
100,739,bottleneck_100_739_1780391823127_426751,success,,86be46a3fab6843701f3f9a374464d0a24462304ed627d48137c97a6f11ab0aa,1780391823127,1780391823132,1780391823135,1780391823154,5,3,19,27
100,730,bottleneck_100_730_1780391823038_720751,success,,a55ecd42688f922d48b4d476d2c9427d5413aaad700aae8eb07c29f27cb762e8,1780391823038,1780391823044,1780391823046,1780391823154,6,2,108,116
100,731,bottleneck_100_731_1780391823047_779488,success,,5891a392810cae41037a747bd14a8f5cbf040a666b0f3c10eea8d0541a941015,1780391823047,1780391823061,1780391823062,1780391823154,14,1,92,107
100,732,bottleneck_100_732_1780391823057_852641,success,,ec4a3f7e3a90acb9ad2f0e6e918868a75f26b83218c549b11a8d96cccde21926,1780391823057,1780391823062,1780391823063,1780391823154,5,1,91,97
100,733,bottleneck_100_733_1780391823068_486236,success,,f5d59220a699e15f72ff393545699bdd49881739055bad20dd38be309683cb40,1780391823068,1780391823073,1780391823075,1780391823154,5,2,79,86
100,734,bottleneck_100_734_1780391823077_955283,success,,23bec96bed6d74a7eec70b303f1985531f9944dbcff1310e644a1dedcd4f2dd2,1780391823077,1780391823082,1780391823084,1780391823154,5,2,70,77
100,735,bottleneck_100_735_1780391823088_993938,success,,6880ac8ca2c69f00a97b0d9f8b69b65817b1de5d0b919d1154beec81202ead53,1780391823088,1780391823092,1780391823094,1780391823154,4,2,60,66
100,736,bottleneck_100_736_1780391823097_460499,success,,dd6beeb03387f11181d2dcd27b9f54384a2726019b5d625832de2e51dd0c7def,1780391823097,1780391823102,1780391823104,1780391823154,5,2,50,57
100,737,bottleneck_100_737_1780391823108_434374,success,,1f2de9beba4b26c217807709c974a2cfe93e4366ff01011e7a303bf40826684a,1780391823108,1780391823113,1780391823116,1780391823154,5,3,38,46
100,738,bottleneck_100_738_1780391823118_533699,success,,998ea391a5b2534b4e667d6547a9440562bb335578dc3c4e3f8afb9a75772a6e,1780391823118,1780391823123,1780391823125,1780391823154,5,2,29,36
100,749,bottleneck_100_749_1780391823228_811218,success,,d5d08cc29889164f7a55b03748dcc64c12b9be5496691072774eb24214bc81cb,1780391823228,1780391823232,1780391823235,1780391823256,4,3,21,28
100,740,bottleneck_100_740_1780391823137_463833,success,,0fb976058539424f0d87bc19756125059b97f1099450c0eb60e4afcd73a8f5ba,1780391823137,1780391823142,1780391823147,1780391823256,5,5,109,119
100,741,bottleneck_100_741_1780391823148_516592,success,,e59d13fed4330a5263ad1ac73977c6855f394fb22adef6c6e936e31983f23b94,1780391823148,1780391823158,1780391823161,1780391823256,10,3,95,108
100,742,bottleneck_100_742_1780391823159_246127,success,,fdd0db54b7cb447a454a3a5ee4ea74f944f4e47704664628233a4c8ab7e3d17d,1780391823159,1780391823164,1780391823166,1780391823256,5,2,90,97
100,743,bottleneck_100_743_1780391823167_775295,success,,1b7f0a5f99bb9818c9cf4877e7ee3515ff8345b3bdca4d38c24264355cd0e56e,1780391823167,1780391823172,1780391823174,1780391823256,5,2,82,89
100,744,bottleneck_100_744_1780391823178_174166,success,,ef46ca3fe707ef4f83d05e5e1cdd15373b80b0a52e50f719b3ef00fa276aaf02,1780391823178,1780391823184,1780391823185,1780391823256,6,1,71,78
100,746,bottleneck_100_746_1780391823198_9448,success,,ea2cc44b6867206fc6c87a0da33e78914122924128954ecf64170987a4bb976f,1780391823198,1780391823202,1780391823205,1780391823256,4,3,51,58
100,745,bottleneck_100_745_1780391823188_83873,success,,f5c471a5c0075294f63c7297194988a99de7d39b53f82b8c15aa7637d651404d,1780391823188,1780391823194,1780391823196,1780391823256,6,2,60,68
100,748,bottleneck_100_748_1780391823219_437201,success,,f22391ab396fbfb0ce6ff76d6a856e52c261395fb4f539f5eae66d9ab477c3e5,1780391823219,1780391823225,1780391823227,1780391823256,6,2,29,37
100,747,bottleneck_100_747_1780391823207_211802,success,,f911731a525c2b6a7bb2d11769f22d71361757ee21377246970a9c3ed2ba770c,1780391823207,1780391823211,1780391823213,1780391823256,4,2,43,49
100,759,bottleneck_100_759_1780391823327_373652,success,,38ab51aa636bf911f33ff723447f2905bf75e233dd10fa3a6609d10051cd5cda,1780391823327,1780391823332,1780391823336,1780391823355,5,4,19,28
100,750,bottleneck_100_750_1780391823237_302469,success,,d9d796805d1c48dde2c0bc6ad0635a6844cf0edc9d0ca3dbaafe284cd8c82fa6,1780391823237,1780391823243,1780391823248,1780391823356,6,5,108,119
100,751,bottleneck_100_751_1780391823247_665640,success,,d45a2e996c9dd954502fb03ee8f42db0c5d675395d2008e046751419a2d0cec5,1780391823247,1780391823259,1780391823262,1780391823356,12,3,94,109
100,752,bottleneck_100_752_1780391823258_144139,success,,506068510ec109b1af1394dd4698b2a3b76afa0b8bcb8ddc06cbfc3934e6bdc2,1780391823258,1780391823263,1780391823265,1780391823356,5,2,91,98
100,753,bottleneck_100_753_1780391823267_631202,success,,14171165ea128ca185af5836ef23ee6f8ef14d6ad1c0553a054edeb92c444b21,1780391823267,1780391823272,1780391823273,1780391823356,5,1,83,89
100,754,bottleneck_100_754_1780391823278_591,success,,ab0ecc27f29f65b085cf46469c8a7af8657bdc98574748d6aad264b01dea61a3,1780391823278,1780391823282,1780391823285,1780391823356,4,3,71,78
100,755,bottleneck_100_755_1780391823287_913463,success,,902c3e354f201df0b426f03d53a91aac4a7af21174301c68d099b165751ba6d0,1780391823287,1780391823292,1780391823294,1780391823356,5,2,62,69
100,756,bottleneck_100_756_1780391823297_382479,success,,9ccaad919ceb24a470abc2f0481268f09750934b699b8bb75be4929b4263e29b,1780391823297,1780391823303,1780391823305,1780391823356,6,2,51,59
100,757,bottleneck_100_757_1780391823308_303555,success,,2889f3a31582f7059d57b9547524f31ac4250a2ac97a397b9daa877379ce2dc3,1780391823308,1780391823313,1780391823315,1780391823356,5,2,41,48
100,758,bottleneck_100_758_1780391823318_202588,success,,c8925b0d1eac561733c580e58362ac7bd2b610da4cdf4b3f3aa2fadfa4c94109,1780391823318,1780391823323,1780391823325,1780391823356,5,2,31,38
100,769,bottleneck_100_769_1780391823427_43688,success,,6fb78c32a139b533f6ecebf385f96c5b698796f79979851d8a53b4b54b19c19e,1780391823427,1780391823431,1780391823434,1780391823449,4,3,15,22
100,760,bottleneck_100_760_1780391823337_73147,success,,0a2b4bbd5fa3defaf3d85a4591872e34aa4dc83354b183682acb66f93959b31e,1780391823337,1780391823342,1780391823346,1780391823449,5,4,103,112
100,761,bottleneck_100_761_1780391823348_96000,success,,6c2279a48fa2ce98a856b2b863ffe40d6d320e3db40f9dae4ab62c99678320c3,1780391823348,1780391823359,1780391823361,1780391823449,11,2,88,101
100,762,bottleneck_100_762_1780391823357_519134,success,,e783c56b86f8e361fd8f65a66c22bbff1fc41b1a9bf34c1923f57f5d93a9184f,1780391823357,1780391823362,1780391823363,1780391823449,5,1,86,92
100,763,bottleneck_100_763_1780391823368_389464,success,,97191b663f2d59d619b8ab6aad733d7710a39bc2a6e43eb214c317c2c228d254,1780391823368,1780391823373,1780391823375,1780391823450,5,2,75,82
100,766,bottleneck_100_766_1780391823397_89521,success,,67a1c066dab8d47543240809b7c3a948c153092d4d652afebd5b5ac6a02aba6d,1780391823397,1780391823402,1780391823404,1780391823450,5,2,46,53
100,767,bottleneck_100_767_1780391823407_99791,success,,f6a920c3b61ee30e576479de61ed765ed12a7e431f7193f5c35f26b8881e0f1b,1780391823407,1780391823412,1780391823414,1780391823450,5,2,36,43
100,768,bottleneck_100_768_1780391823417_161269,success,,c3ff63507369a17d232ad53e4142b1d30edf787a5a9ce3a956e045df3b79d218,1780391823417,1780391823423,1780391823425,1780391823450,6,2,25,33
100,765,bottleneck_100_765_1780391823388_534333,success,,ac54d8d1f1a1a5e40c6f6c7ef99bbdc48e6a24a6014b3380c008945d47395cdb,1780391823388,1780391823393,1780391823395,1780391823450,5,2,55,62
100,764,bottleneck_100_764_1780391823378_799028,success,,4614f4604691e5ed28c1225cc6f9943aafcd01d6bce8b98cc807eb055da4ca9c,1780391823378,1780391823382,1780391823384,1780391823450,4,2,66,72
100,779,bottleneck_100_779_1780391823528_102982,success,,0623d017c62da7ac72deb7be350ea2719484514c100c157f932b59efc7aa21ab,1780391823528,1780391823534,1780391823537,1780391823558,6,3,21,30
100,770,bottleneck_100_770_1780391823437_325418,success,,b166d86af550ceb9e56dae5c1b73b366a44893ad439afb44ca2986ecb170a6e9,1780391823437,1780391823444,1780391823450,1780391823558,7,6,108,121
100,771,bottleneck_100_771_1780391823447_773712,success,,70f052e2d074d88a513161ae32518b9c2823a7c5b4e0804fda54986e953c0095,1780391823447,1780391823454,1780391823455,1780391823558,7,1,103,111
100,772,bottleneck_100_772_1780391823458_249188,success,,9e9736215acfe91966fa4f99dbbc802a1f417b35e4a6a3045749f8f7d3ed829e,1780391823458,1780391823463,1780391823464,1780391823558,5,1,94,100
100,773,bottleneck_100_773_1780391823467_34760,success,,e790e28fecfa3aeef6006a24ecb17935386a0dfa05325fa53d3964f50e8c794d,1780391823467,1780391823473,1780391823475,1780391823558,6,2,83,91
100,774,bottleneck_100_774_1780391823478_399290,success,,13003a800d9b088d159954a82990bd9915dcde0e2d8b4c82f1661e876a06f175,1780391823478,1780391823483,1780391823486,1780391823558,5,3,72,80
100,775,bottleneck_100_775_1780391823487_799521,success,,b30ccd6cb16345a8548c182a65965eb7ad81b609e1ae51c7ba12f70cb0f434a5,1780391823487,1780391823493,1780391823496,1780391823558,6,3,62,71
100,776,bottleneck_100_776_1780391823497_596688,success,,8027d277f716e77169742425f441e86ac5b0f77cb4838c89c5cc9d8a24e0df02,1780391823497,1780391823503,1780391823505,1780391823558,6,2,53,61
100,777,bottleneck_100_777_1780391823507_860629,success,,71cf0763ed02a9fe7c847f5f35693b59235b6af7f5b0d581e2148a8985482698,1780391823507,1780391823512,1780391823515,1780391823558,5,3,43,51
100,778,bottleneck_100_778_1780391823517_675697,success,,3a03bee7533c6aec2b878a8cc8711c4707c1a0d9a484869ce40269e2bd46f348,1780391823517,1780391823523,1780391823526,1780391823558,6,3,32,41
100,789,bottleneck_100_789_1780391823628_105964,success,,49897b7474eff6a7f0b2cbdd2e2860601e826f1de38dc7a9889a8cacd7858cd3,1780391823628,1780391823634,1780391823637,1780391823656,6,3,19,28
100,785,bottleneck_100_785_1780391823588_816160,success,,a7ddb003291811d3925aba6aff099e65115c44d7741a6dceb271aca55d6163f6,1780391823588,1780391823594,1780391823596,1780391823656,6,2,60,68
100,782,bottleneck_100_782_1780391823557_743037,success,,b0562126505e1b7723faa2be49f2733526e8736a6ce89ceac99cf5040fe52ed0,1780391823557,1780391823563,1780391823565,1780391823656,6,2,91,99
100,786,bottleneck_100_786_1780391823597_82196,success,,a431c1ca80e0c6f9ac06995375b5bc95ad5b0ec8eb5ef8b72068b9c1dcf5e8f6,1780391823597,1780391823602,1780391823606,1780391823656,5,4,50,59
100,787,bottleneck_100_787_1780391823608_138001,success,,0c8ea587e2053e95f3aa2d5bcbbe81400372eea032e48ab904124d1c4c6648e8,1780391823608,1780391823614,1780391823616,1780391823656,6,2,40,48
100,784,bottleneck_100_784_1780391823577_940519,success,,2760669dee267a1027ca75f7d869e8120e1c187e3fcaa02ae016042e1c9e952f,1780391823577,1780391823582,1780391823584,1780391823656,5,2,72,79
100,788,bottleneck_100_788_1780391823618_821579,success,,181af173ddbf829843bb4f602fe70efd5d6e81a70f9b035a75dbfef6c7620353,1780391823618,1780391823625,1780391823627,1780391823656,7,2,29,38
100,780,bottleneck_100_780_1780391823539_551494,success,,ef80f104dc3b0931f6c7666885672e20d5ca62bbea93280994ed1569823748e8,1780391823539,1780391823546,1780391823549,1780391823656,7,3,107,117
100,781,bottleneck_100_781_1780391823548_145238,success,,fa9dfc8b923bed8faf1c60d6b1e56a392bde0c7e824ff83e79f3764c2e1cf54c,1780391823548,1780391823562,1780391823564,1780391823656,14,2,92,108
100,783,bottleneck_100_783_1780391823568_31514,success,,81162d3351cdc09b4731bb82e6fc3855873b8469c6d4efdb5ce526a14aab3b88,1780391823568,1780391823574,1780391823576,1780391823656,6,2,80,88
100,799,bottleneck_100_799_1780391823727_766,success,,848b2c4d1a8d6df667f103b6479b46f29201b63ff0376f0a782e4d606fe46c62,1780391823727,1780391823732,1780391823734,1780391823753,5,2,19,26
100,790,bottleneck_100_790_1780391823639_63216,success,,edfdb06f9cd3a064e4de459087f0c0c5a4a05c9854e26c02a6f53256b0d4fd85,1780391823639,1780391823647,1780391823650,1780391823753,8,3,103,114
100,791,bottleneck_100_791_1780391823648_55425,success,,2e7931a9b2dbfda6d68088939c657e73337dca918a693dd846c05d2418f7eeb0,1780391823648,1780391823659,1780391823662,1780391823753,11,3,91,105
100,793,bottleneck_100_793_1780391823668_565821,success,,a7544ce760f0d58730016ba60788ca476608c3ea28fd805ceb9c6a7f06dc2c42,1780391823668,1780391823673,1780391823675,1780391823753,5,2,78,85
100,797,bottleneck_100_797_1780391823707_499532,success,,33bee1bba51bb5b8f029b1284eb69fa85cc4c813444596f2e10ce8edc87f9181,1780391823707,1780391823712,1780391823714,1780391823754,5,2,40,47
100,792,bottleneck_100_792_1780391823658_844310,success,,b1dbf7cf40bcb2304bd9c18bb0661ea72d46caa7ef18a2627202e2762fd18162,1780391823658,1780391823663,1780391823665,1780391823754,5,2,89,96
100,798,bottleneck_100_798_1780391823718_121845,success,,546addf91a6e141d710d13cf3babc6432359f9585d737ca7e8240e707ef934d4,1780391823718,1780391823725,1780391823728,1780391823754,7,3,26,36
100,794,bottleneck_100_794_1780391823678_12388,success,,dc009a9b6c6101a449e8eaef8ac08d05a0c6e0ef643a6bb0cd87eda82bb24b32,1780391823678,1780391823683,1780391823685,1780391823754,5,2,69,76
100,795,bottleneck_100_795_1780391823688_658487,success,,b31c5892926ce5f52a073ce6d757979f35c9225b96e75d943fd100863cf6a014,1780391823688,1780391823694,1780391823696,1780391823754,6,2,58,66
100,796,bottleneck_100_796_1780391823698_701248,success,,1c85fcde0ead833cbd4cf733bc3169a3ed65ff0920a96f66f13c76c36c611bfa,1780391823698,1780391823704,1780391823706,1780391823754,6,2,48,56
