target_tps,sequence_number,asset_id,status,error_message,transaction_id,t1_proposal_sent_ms,t2_endorsement_received_ms,t3_submitted_to_orderer_ms,t4_committed_ms,endorsement_delay_ms,ordering_delay_ms,commit_delay_ms,total_latency_ms
250,11,bottleneck_250_11_1780391842442_43562,success,,1e756ab002c915d705ac691f4222c71df89d151e9a006eb9e9e414408e859688,1780391842442,1780391842482,1780391842509,1780391842597,40,27,88,155
250,0,bottleneck_250_0_1780391842397_360215,success,,17533e399bbbc8c6d8beaa4778e4bffb36f56ec51f810f17d18d447741efa674,1780391842397,1780391842441,1780391842454,1780391842597,44,13,143,200
250,3,bottleneck_250_3_1780391842409_733842,success,,4fa2e59ee77e6482b7b2a0ce62e3d82edf97535de5af6ce63cf6e7d38883b934,1780391842409,1780391842449,1780391842467,1780391842597,40,18,130,188
250,1,bottleneck_250_1_1780391842402_650080,success,,47ca8dc07131815a98f6783ddf003ae23c6f1c5d66fe6619f97bf8c9ab17c685,1780391842402,1780391842448,1780391842468,1780391842597,46,20,129,195
250,2,bottleneck_250_2_1780391842405_446701,success,,4dc5116144ed2c93b770a4d6e15203c84756f76b8db20e9dc101c8c0ef52ed96,1780391842405,1780391842451,1780391842480,1780391842597,46,29,117,192
250,7,bottleneck_250_7_1780391842426_427961,success,,a08efaaf26b841a7a26bafc9c44342697012aacfb50629c0bb03155e1e6f397e,1780391842426,1780391842463,1780391842488,1780391842597,37,25,109,171
250,6,bottleneck_250_6_1780391842421_336607,success,,ee286bdc7ce8f41643225d0fc2a0a2ba9835aaa4c0294d90c13b64d23a3ae740,1780391842421,1780391842464,1780391842489,1780391842597,43,25,108,176
250,4,bottleneck_250_4_1780391842413_884563,success,,f95d1b09a81445832dfc423c33dfcd7a8df40762f05463a08cb299c01c67257a,1780391842413,1780391842465,1780391842490,1780391842597,52,25,107,184
250,5,bottleneck_250_5_1780391842418_154053,success,,ed89aae951d8e90a57f1a8e433d8122762ff34b6e7952ff99abe72d678d0115c,1780391842418,1780391842467,1780391842490,1780391842597,49,23,107,179
250,9,bottleneck_250_9_1780391842434_965524,success,,1dc1ba66802d99e762faf3c9c34a5168ccadb7a1ab81202bc131625d3b4c9a91,1780391842434,1780391842475,1780391842491,1780391842597,41,16,106,163
250,18,bottleneck_250_18_1780391842472_854594,success,,197b602dacda3b56cad0acfaa97e6c6ea86fc818eb22ca733fe2e00d7c7e23f8,1780391842472,1780391842507,1780391842531,1780391842648,35,24,117,176
250,13,bottleneck_250_13_1780391842450_416010,success,,379f4c2793e698c6717235c81e5efafeea6c8a645e98d6835d0154f142ba48af,1780391842450,1780391842487,1780391842511,1780391842668,37,24,157,218
250,10,bottleneck_250_10_1780391842437_921199,success,,9fc9a856c0eb9acd22d79ba77b888a5f3ce5fdf5ddd8e7b8552aa24b67f72588,1780391842437,1780391842483,1780391842508,1780391842668,46,25,160,231
250,12,bottleneck_250_12_1780391842446_925494,success,,585d9decc9d2e2a328ad39475ad650bae6e06549308154bc89056ea77ab53615,1780391842446,1780391842483,1780391842509,1780391842668,37,26,159,222
250,8,bottleneck_250_8_1780391842433_488343,success,,6f7d8c011944de986b67af20311c80803d16a6ef4f1e866b3c104dc672000a18,1780391842433,1780391842476,1780391842510,1780391842668,43,34,158,235
250,19,bottleneck_250_19_1780391842474_440894,success,,e2609616ce5931654310f6c45d967594bdd18dec2e04f338069ff2261d370db5,1780391842474,1780391842498,1780391842515,1780391842668,24,17,153,194
250,14,bottleneck_250_14_1780391842459_209856,success,,623af1901d0d4b85eaa202a4a6bf1813528765c7f7fb424d80aa339288b064c4,1780391842459,1780391842496,1780391842515,1780391842668,37,19,153,209
250,16,bottleneck_250_16_1780391842461_531237,success,,e1742df57ab6e0219fdbb31954c9236410519c883e6c0077852de5504bd54987,1780391842461,1780391842495,1780391842513,1780391842668,34,18,155,207
250,15,bottleneck_250_15_1780391842460_885999,success,,8c0fd2a2f58a4505edc35135a8da291e8b510134a9974ae8edded53b6b3c0b29,1780391842460,1780391842498,1780391842513,1780391842669,38,15,156,209
250,17,bottleneck_250_17_1780391842470_339579,success,,22ab6ff0d6c334990679eb00a142eeb7e70cf42a4194cb8c53b9a883ccb12b44,1780391842470,1780391842506,1780391842527,1780391842669,36,21,142,199
250,36,bottleneck_250_36_1780391842542_437697,success,,ffbc235bfef42922fb90bf1858e4ca10ef27ebf90aa4c09710e641210ef6c7c2,1780391842542,1780391842608,1780391842615,1780391842725,66,7,110,183
250,21,bottleneck_250_21_1780391842485_834164,success,,4a50d9468b655bfb582f00c50323f0173b4a948d9aeaf8b363c317aa24beaba3,1780391842485,1780391842520,1780391842553,1780391842732,35,33,179,247
250,22,bottleneck_250_22_1780391842486_387113,success,,57b30ce14436e88a2cd54f032cac231b9d8cba943112a471f5eeb239e001d7ad,1780391842486,1780391842519,1780391842551,1780391842732,33,32,181,246
250,23,bottleneck_250_23_1780391842492_810291,success,,9dd78f70fca1ef4b71b01b4c4cd671b00ea93bb4ec9b9f695ea1b1b6b71d8237,1780391842492,1780391842520,1780391842549,1780391842732,28,29,183,240
250,20,bottleneck_250_20_1780391842484_242432,success,,5538a5149068ed6dbae1c598ca87efcdc2abf93fb59588f5b5fa520f8bf351d5,1780391842484,1780391842518,1780391842556,1780391842732,34,38,176,248
250,25,bottleneck_250_25_1780391842500_38784,success,,3f0b840fb6a22ce1baac8050cf492b1e7dcefa23e8d9379b5d175d1fef5302cc,1780391842500,1780391842524,1780391842559,1780391842732,24,35,173,232
250,26,bottleneck_250_26_1780391842501_158400,success,,115721dd8aa23cde3349d48052411571154df5785a37ca36b1fa7e42d43765cd,1780391842501,1780391842525,1780391842560,1780391842732,24,35,172,231
250,24,bottleneck_250_24_1780391842494_892778,success,,aa04f4671be34296b48e70121b7bce67db9e4ebf5272adbd9410f022af139d79,1780391842494,1780391842528,1780391842562,1780391842732,34,34,170,238
250,27,bottleneck_250_27_1780391842505_916113,success,,363d5c47fce1066c6473d010c04c832eca20d76a8dafabab0c65e61e44bc4f0a,1780391842505,1780391842526,1780391842561,1780391842732,21,35,171,227
250,28,bottleneck_250_28_1780391842512_783795,success,,c5d00de0ebc7e3c7d6f173e86a149d47026a58fc6f533ea82ce27e3a4e3a63c4,1780391842512,1780391842555,1780391842563,1780391842732,43,8,169,220
250,50,bottleneck_250_50_1780391842598_725768,success,,7f35deae5a0025238bfac3e7a8072f58f5795c3527c16f35fc30008bc8f980b0,1780391842598,1780391842672,1780391842692,1780391842800,74,20,108,202
250,30,bottleneck_250_30_1780391842517_462602,success,,a6f070599338a870ed0ce7acda51e4c8de790764d78fc5b85b65ca8dc48f9ccc,1780391842517,1780391842604,1780391842617,1780391842801,87,13,184,284
250,35,bottleneck_250_35_1780391842537_420210,success,,9cc1fe09a3bbdd75e41c01c8d220835522fea84694a70e6470c505b7c2d343d2,1780391842537,1780391842607,1780391842618,1780391842801,70,11,183,264
250,34,bottleneck_250_34_1780391842534_211010,success,,55a582bda9b6b7882a43aa17789daac97bcbc3ceb301baf0bfcea297136fa78c,1780391842534,1780391842613,1780391842623,1780391842801,79,10,178,267
250,37,bottleneck_250_37_1780391842545_212417,success,,70486c841bcb6182ac3bf1610f48367792652a5e981114a5f8a77eb1017c474f,1780391842545,1780391842611,1780391842622,1780391842801,66,11,179,256
250,32,bottleneck_250_32_1780391842529_419312,success,,406888d2ec5f353566e5f59a25770492f82c0586c7ecccd15fc5ead89a2cd8b3,1780391842529,1780391842611,1780391842629,1780391842801,82,18,172,272
250,31,bottleneck_250_31_1780391842521_606850,success,,91590f3c81b5b9e3463d92c1bba8efecc359d63f0fbcbcf04f321aecb58cb8ea,1780391842521,1780391842614,1780391842629,1780391842801,93,15,172,280
250,33,bottleneck_250_33_1780391842529_914919,success,,6ba9395ed0235509eaf5c4bf4e2f9d79cd97fdf4d2ebe4a37f022bcb6d4e5651,1780391842529,1780391842612,1780391842628,1780391842801,83,16,173,272
250,49,bottleneck_250_49_1780391842594_860970,success,,9cc45516eec159c49382f34fab9bc9bb6c11d0b417ba05e9971a83f5d0663c84,1780391842594,1780391842671,1780391842691,1780391842801,77,20,110,207
250,29,bottleneck_250_29_1780391842516_974765,success,,4c159f6ffd59586b89ca173b87230811f8d3b0641416c930e75b790a6c9e2d71,1780391842516,1780391842606,1780391842616,1780391842806,90,10,190,290
250,40,bottleneck_250_40_1780391842558_753447,success,,8a43447a90a3209815d1b2324a60c772b6576f1d1f1d7a7508ec85226975c297,1780391842558,1780391842669,1780391842714,1780391842844,111,45,130,286
250,43,bottleneck_250_43_1780391842569_991659,success,,04cc576c8ddb331039881dbed2b7cd148a305ebcbdcf8d5ecba166e04e31296f,1780391842569,1780391842670,1780391842715,1780391842844,101,45,129,275
250,47,bottleneck_250_47_1780391842585_963202,success,,fb3838be4bbbdafc0d62167e80fd18b876d9953b3157ddb52ebdb9bdd138a01c,1780391842585,1780391842679,1780391842708,1780391842844,94,29,136,259
250,39,bottleneck_250_39_1780391842557_152211,success,,97815b9a02a735c5eb6da0af584b419d26cd8327516f7656642f21cc1bc4d2e1,1780391842557,1780391842685,1780391842709,1780391842844,128,24,135,287
250,45,bottleneck_250_45_1780391842577_886017,success,,9c4ab42588cb6c882db683dd2d550d705a8dd00343ef686fc80a9c6090c81de8,1780391842577,1780391842677,1780391842721,1780391842844,100,44,123,267
250,42,bottleneck_250_42_1780391842565_469158,success,,4c9153968baa5e2ee0cffc8b0838059e62e5146d35795b99e51604750b8808ce,1780391842565,1780391842679,1780391842712,1780391842844,114,33,132,279
250,41,bottleneck_250_41_1780391842562_740468,success,,5b8de4ebe5aa97dd5f6b0c05b1b8e9a6db4fcddb13572c9f455f438583959770,1780391842562,1780391842684,1780391842713,1780391842844,122,29,131,282
250,48,bottleneck_250_48_1780391842589_75813,success,,77fb4cec15698e5a58c3bd78ca176277a8bdb24bd0bab681a4b14cc4b6a92b47,1780391842589,1780391842685,1780391842713,1780391842844,96,28,131,255
250,38,bottleneck_250_38_1780391842557_175032,success,,3d12f7c53bc75debdd5c45d193a415a2cd27516362c3ecaca74e45b7554c058e,1780391842557,1780391842675,1780391842715,1780391842844,118,40,129,287
250,44,bottleneck_250_44_1780391842573_602449,success,,a49baf45d9b296a6917a1f76ec788ea956a0659e6cccab85602e6aa82b2b7740,1780391842573,1780391842669,1780391842708,1780391842844,96,39,136,271
250,59,bottleneck_250_59_1780391842633_609286,success,,547df8944a06b04bcf5f2195dd566d0223454da763ee1805851c5c355a78385e,1780391842633,1780391842696,1780391842729,1780391842865,63,33,136,232
250,46,bottleneck_250_46_1780391842581_84129,success,,7a64740f0a98123ae6359cfb2fd0193fd320be664bd3b7e356921c28b8f6f46e,1780391842581,1780391842676,1780391842716,1780391842865,95,40,149,284
250,55,bottleneck_250_55_1780391842618_281299,success,,bf3a501b329865fd8524df7a90780bb51aee1e932fb34e0cc39a0957b7c1af5a,1780391842618,1780391842693,1780391842718,1780391842865,75,25,147,247
250,62,bottleneck_250_62_1780391842645_516325,success,,5b015af9d3cde308bcd69b01b03760d15b9029da36907c540507f8fa9d71f8d8,1780391842645,1780391842690,1780391842719,1780391842865,45,29,146,220
250,57,bottleneck_250_57_1780391842626_549307,success,,db797eab6e4fbbd0cac5a8248f17195a933a622f3651d1c13ef6c708e9ca2d7b,1780391842626,1780391842687,1780391842717,1780391842865,61,30,148,239
250,52,bottleneck_250_52_1780391842609_537594,success,,a98eae7b874d6a3bae8ee574644e9ee039b39b6ca62974c864852e38fb34b13b,1780391842609,1780391842694,1780391842719,1780391842865,85,25,146,256
250,58,bottleneck_250_58_1780391842630_386445,success,,24b3e3c54700d60940b79b846a91abf7e99b5477f3b9c2df4faacdc36ed4c44d,1780391842630,1780391842691,1780391842720,1780391842865,61,29,145,235
250,56,bottleneck_250_56_1780391842621_587104,success,,c8ead6fac2cd7a653d352ba0e07c803db3d11442e0d6711f05497e4b87e1a6ae,1780391842621,1780391842697,1780391842725,1780391842865,76,28,140,244
250,61,bottleneck_250_61_1780391842641_513246,success,,282fc134ed8e34524209a9eb2b41cfc94dd15fdb4a3d5a1757652595019a9720,1780391842641,1780391842701,1780391842727,1780391842865,60,26,138,224
250,51,bottleneck_250_51_1780391842602_24135,success,,491f4142d872d873d26ca319ad16a4dc39377e34e65b5e7f17180aef6c917447,1780391842602,1780391842686,1780391842728,1780391842865,84,42,137,263
250,69,bottleneck_250_69_1780391842674_823403,success,,aaec353d1a09d0b91681a7073c2b861665974c9f3513642257a552c35d338a9a,1780391842674,1780391842757,1780391842768,1780391842912,83,11,144,238
250,53,bottleneck_250_53_1780391842610_352335,success,,6e0ca99a2bce1fe86b88299fbc39923b330c261ecd6e9c203dd06c4f18c7139f,1780391842610,1780391842702,1780391842725,1780391842912,92,23,187,302
250,60,bottleneck_250_60_1780391842639_89653,success,,645ae02e028ac9feb14b14fb39f153d8c6bd2af4c2101af475d73a035b1adda9,1780391842639,1780391842702,1780391842729,1780391842912,63,27,183,273
250,64,bottleneck_250_64_1780391842654_525228,success,,1860df6a88ddc0faf6e5aa7dba3a1fc150ec59aa97cf861fe0f1841564b4c09c,1780391842654,1780391842705,1780391842730,1780391842912,51,25,182,258
250,63,bottleneck_250_63_1780391842650_385668,success,,45a5a71ace4d0e39a6085e6fc4bb4eae68f3e65fe19504678b49fc7c728d8b55,1780391842650,1780391842706,1780391842731,1780391842912,56,25,181,262
250,65,bottleneck_250_65_1780391842658_986382,success,,cd83c484a2af3af39fad7009720ceae409abb10a76fa006465c139465aab4013,1780391842658,1780391842704,1780391842731,1780391842912,46,27,181,254
250,66,bottleneck_250_66_1780391842662_130482,success,,737ff21699080bc8bd333a350dd81f4795421a463bd3776205bdc2f034afa152,1780391842662,1780391842705,1780391842726,1780391842912,43,21,186,250
250,67,bottleneck_250_67_1780391842665_875933,success,,4fce20b1329ac018f1116bb2b7cb32d9f043af19e1de5cf4bb74d5abc67c5285,1780391842665,1780391842717,1780391842741,1780391842912,52,24,171,247
250,54,bottleneck_250_54_1780391842614_72033,success,,d9814810490e053ac42e308c4000e2db36512dd89ce2afc1bccfd3cd7a6698bd,1780391842614,1780391842707,1780391842740,1780391842912,93,33,172,298
250,78,bottleneck_250_78_1780391842711_319526,success,,3308cb1b04d65ef104ac946f8d6d5ddb9619f6b7842e5048ff83c38fff97efed,1780391842711,1780391842756,1780391842769,1780391842912,45,13,143,201
250,80,bottleneck_250_80_1780391842723_533088,success,,644b8c14a75092dfb45a39f2598017c7853437b098c32e63b33d1a11f506baff,1780391842723,1780391842821,1780391842826,1780391842960,98,5,134,237
250,68,bottleneck_250_68_1780391842673_358830,success,,6f54abe5c269c70121a8c4dd56c901e03a027ce3f66502ebf5e0ccf9f8315ff9,1780391842673,1780391842760,1780391842771,1780391842960,87,11,189,287
250,76,bottleneck_250_76_1780391842703_427834,success,,a310f20dabb719c02f5da62cc6f77ff67ff9d310d6ce4cfdb300be84b29ad57d,1780391842703,1780391842760,1780391842771,1780391842964,57,11,193,261
250,70,bottleneck_250_70_1780391842680_86695,success,,dd3a27c672dbd16fdc3faaee3f5325f0b76fab670e001ac08662a1a4af36d006,1780391842680,1780391842762,1780391842772,1780391842964,82,10,192,284
250,77,bottleneck_250_77_1780391842710_356814,success,,d0922254106ed13bb939966be572473772914287f7d6891251af56e75d6d5eac,1780391842710,1780391842763,1780391842773,1780391842964,53,10,191,254
250,74,bottleneck_250_74_1780391842695_526008,success,,8ea04decf73ccb50d920ed7931246c22115cdcbcb275940eb9f1ee6799eee5f3,1780391842695,1780391842761,1780391842773,1780391842964,66,12,191,269
250,75,bottleneck_250_75_1780391842699_72855,success,,8e21b33cf5f44459624df8ee97e4f5561a42a8a2f544a96af288bd781e16448a,1780391842699,1780391842764,1780391842774,1780391842964,65,10,190,265
250,72,bottleneck_250_72_1780391842688_37742,success,,da0988675caea5a3ae3c683328049b54ee5aebb0ca636a4dda899c905c228fa0,1780391842688,1780391842768,1780391842776,1780391842964,80,8,188,276
250,71,bottleneck_250_71_1780391842681_958580,success,,82572defd169c5d4a53de602cf377140ae5904bfe81ec0c49b3ca7a1ff88c08b,1780391842681,1780391842767,1780391842777,1780391842964,86,10,187,283
250,73,bottleneck_250_73_1780391842689_626230,success,,031ebbe23efb5ad8413a2ea59ed45e0024002e050191826326a25b08386a6981,1780391842689,1780391842820,1780391842825,1780391842964,131,5,139,275
250,93,bottleneck_250_93_1780391842770_241344,success,,c8e25704e61c16c4426e1c2b547ae615bc003910d0f01a9d836421cbbed02fd6,1780391842770,1780391842879,1780391842910,1780391843020,109,31,110,250
250,81,bottleneck_250_81_1780391842724_838584,success,,bcf26042405dfd5b893917a550e08867479ae8a4c8820a46380c0e4101a8b5ad,1780391842724,1780391842822,1780391842831,1780391843020,98,9,189,296
250,79,bottleneck_250_79_1780391842722_563679,success,,5a1110f9a9757bc6c591f629dba776c3150f0af54729686bedf489be6904b31a,1780391842722,1780391842824,1780391842831,1780391843020,102,7,189,298
250,83,bottleneck_250_83_1780391842734_630072,success,,24e904051aaf7c017abe2819fb49f2fd0fb2e594128bd5f7ff47ae1bbac336ab,1780391842734,1780391842868,1780391842882,1780391843020,134,14,138,286
250,88,bottleneck_250_88_1780391842750_253901,success,,23453ea86e636b9fc80211ae645a91ca7cf06f0d449396295c33d628beb5e992,1780391842750,1780391842873,1780391842905,1780391843020,123,32,115,270
250,85,bottleneck_250_85_1780391842737_704468,success,,4913d51d77ebe3e876c34a828a7ed83271249357aaa62fed2f618879cc996b54,1780391842737,1780391842874,1780391842904,1780391843020,137,30,116,283
250,94,bottleneck_250_94_1780391842775_852798,success,,3b7077f53a9f5922f63121d0d1fc946ecc846d48d5e2ab6b312bdee1eacfa561,1780391842775,1780391842871,1780391842906,1780391843020,96,35,114,245
250,84,bottleneck_250_84_1780391842734_512821,success,,bc6b59bcbc6ce006256a730888362f52e635374a9c552def87ed8388f9e373f0,1780391842734,1780391842872,1780391842908,1780391843020,138,36,112,286
250,82,bottleneck_250_82_1780391842732_340270,success,,85263a36aae32d3cb188d41b35a9072917e8e5fbaa56205bb0fb87992131f741,1780391842732,1780391842875,1780391842907,1780391843020,143,32,113,288
250,97,bottleneck_250_97_1780391842787_353857,success,,2bd3c42434ac5579db9ace91ffd935df81af374de93ff678f8214efb015a3f33,1780391842787,1780391842870,1780391842909,1780391843020,83,39,111,233
250,100,bottleneck_250_100_1780391842798_420789,success,,b107e4fabbe0098c3eb8789f6f0fc39c8b3574f02555db40ea918fc51e060415,1780391842798,1780391842889,1780391842921,1780391843179,91,32,258,381
250,96,bottleneck_250_96_1780391842781_333997,success,,d0cdff7f641fbe908856910d9ea1d1c259451c914c349d5943fb9987757544da,1780391842781,1780391842882,1780391842911,1780391843180,101,29,269,399
250,92,bottleneck_250_92_1780391842766_590730,success,,09aa9ba4575aa8c07c525bea6b10bbaa6f3695208a7676a20b115b20a50fb20a,1780391842766,1780391842876,1780391842914,1780391843180,110,38,266,414
250,86,bottleneck_250_86_1780391842742_421898,success,,972210c5b916e44bbc70653e46860fa792a60bc405254f8a680b9d1edaba36bb,1780391842742,1780391842880,1780391842912,1780391843180,138,32,268,438
250,91,bottleneck_250_91_1780391842765_604528,success,,1b9d975022e67de6013362ab483a7cbccee5929f080a448e2b39f66863f3091f,1780391842765,1780391842881,1780391842914,1780391843180,116,33,266,415
250,87,bottleneck_250_87_1780391842746_569122,success,,1fac8275bdeb9eac2cd58d30206e29d82b6cbe993bc812597a761e57c8a30759,1780391842746,1780391842884,1780391842915,1780391843180,138,31,265,434
250,95,bottleneck_250_95_1780391842778_390434,success,,7ad396d84e79e72953b27386a5f289c33b4957201f1d87097021ee80a4eaced5,1780391842778,1780391842883,1780391842913,1780391843180,105,30,267,402
250,99,bottleneck_250_99_1780391842793_344290,success,,bbff6187df23418e402853cb8702d65aba607a19169f2dc9383e5d986dd8d7f0,1780391842793,1780391842892,1780391842936,1780391843180,99,44,244,387
250,106,bottleneck_250_106_1780391842823_994328,success,,0c60b4ddab3d97e3d9d102be5836e25af0e638ed4ea6ef44cc9d479d8228824c,1780391842823,1780391842893,1780391842933,1780391843180,70,40,247,357
250,102,bottleneck_250_102_1780391842805_602830,success,,5e9056661192639c86c24d21e6de6349a6502d5f3aca7abddd11901892603128,1780391842805,1780391842886,1780391842934,1780391843180,81,48,246,375
250,112,bottleneck_250_112_1780391842845_645128,success,,b4bbc06c8fee58689ee6c13212c262c50493705ee0c3cea0745e421b3a17d0ba,1780391842845,1780391842903,1780391842957,1780391843246,58,54,289,401
250,105,bottleneck_250_105_1780391842818_998532,success,,ce246988aee4d616df0990d9abeba27ae0926435e0f8a1f8df5c55a014a327e3,1780391842818,1780391842891,1780391842927,1780391843246,73,36,319,428
250,103,bottleneck_250_103_1780391842810_516996,success,,271fbbccb789d13ac5eb61c7f9dfa565ae87980dd878a092b66478c13233c324,1780391842810,1780391842888,1780391842924,1780391843246,78,36,322,436
250,111,bottleneck_250_111_1780391842841_465221,success,,cba49b94c1bef16210b990d6dcdb05374add17ac12cf209f927aedc4be4f2838,1780391842841,1780391842888,1780391842931,1780391843246,47,43,315,405
250,101,bottleneck_250_101_1780391842803_836855,success,,6542d5d4115e02f8235b8706a1cea8b89cc181454d87e2b5628b0634b5c30afa,1780391842803,1780391842899,1780391842938,1780391843246,96,39,308,443
250,109,bottleneck_250_109_1780391842833_579941,success,,e69bfbd83417d3d4ed28c109e84fcceaf522bb25f69ee590534f14eb3f6d415d,1780391842833,1780391842900,1780391842939,1780391843246,67,39,307,413
250,110,bottleneck_250_110_1780391842838_247705,success,,2dcdf1d55b8bf3ea023797c8ff3b038070e7b8bc5972007b965fb19f35e23cc9,1780391842838,1780391842894,1780391842940,1780391843246,56,46,306,408
250,104,bottleneck_250_104_1780391842814_168608,success,,067d2915151084922545116c28962529e110c5aaa4ff1d4f7fbda4d6a4c62a65,1780391842814,1780391842901,1780391842941,1780391843246,87,40,305,432
250,89,bottleneck_250_89_1780391842754_83626,success,,e5f07c97d5a13de66114b1ee8427020c7992a6290d7338b6a24d4d8295920b9c,1780391842754,1780391842898,1780391842937,1780391843246,144,39,309,492
250,90,bottleneck_250_90_1780391842758_288198,success,,089845fefd5ba014b65cbc2eb721248a27edb4913694fe591461fbcc2584378f,1780391842758,1780391842902,1780391842942,1780391843246,144,40,304,488
250,120,bottleneck_250_120_1780391842878_445575,success,,752780fc9279b6b8d1c1dec2e1084f891debf8d5859fb2e5c48d060011c055c8,1780391842878,1780391842955,1780391842985,1780391843296,77,30,311,418
250,108,bottleneck_250_108_1780391842832_364134,success,,a651cbc07b6567b9863ce6453b040c49d823d4355da0d68f3e0a52c32568d544,1780391842832,1780391842912,1780391842958,1780391843296,80,46,338,464
250,107,bottleneck_250_107_1780391842827_581246,success,,54ac77ba6da35db1f1b31dde97ab31e4b410498cd2c69fb076d3633cbbf77aa3,1780391842827,1780391842910,1780391842959,1780391843296,83,49,337,469
250,116,bottleneck_250_116_1780391842861_353256,success,,76d380c91327f9c07d2fb4dcf882ba7f7721795a4bdd5a890bd50a640e0eed41,1780391842861,1780391842931,1780391842974,1780391843296,70,43,322,435
250,98,bottleneck_250_98_1780391842790_800479,success,,a7eb158cf11c7c994c3a283626e675ad5fc43cd23ae774017b629e7b089865e8,1780391842790,1780391842909,1780391842964,1780391843296,119,55,332,506
250,114,bottleneck_250_114_1780391842854_522830,success,,38e465fabe715d4824b5f4d71768fb8409a7eb59e0b3335be8f92c522d2f83e6,1780391842854,1780391842920,1780391842972,1780391843296,66,52,324,442
250,117,bottleneck_250_117_1780391842867_418692,success,,7c0a9a10a43815ca12ff6a07e84427cd760b644d41e2ed8c7878d2a182e439e3,1780391842867,1780391842922,1780391842973,1780391843296,55,51,323,429
250,115,bottleneck_250_115_1780391842857_525882,success,,f39bd68168e23e66f133dfdef3f62fe6455ae8c8ad8a7a84831e005e56bcf2b5,1780391842858,1780391842923,1780391842973,1780391843296,65,50,323,438
250,113,bottleneck_250_113_1780391842850_254919,success,,28769b12c9a16c6a8f612d73e092743173eebe10ee7899f4ac0e2382ee167ee9,1780391842850,1780391842935,1780391842975,1780391843296,85,40,321,446
250,121,bottleneck_250_121_1780391842885_360498,success,,4108b32d251cff3627243b38674baf9004ecfd8382f53c820cab2ceffbb1352c,1780391842885,1780391842953,1780391842983,1780391843303,68,30,320,418
250,126,bottleneck_250_126_1780391842916_621140,success,,03071e5f5cf9818dc2a94ee02dbe8fcc901c3b009333b8088ea2f50653f6f4f6,1780391842916,1780391843015,1780391843027,1780391843385,99,12,358,469
250,118,bottleneck_250_118_1780391842869_842796,success,,b7fbfe34589a4c9325b8ecbb1cca3efa3a26b52f4163788110f60395f1bb4f1e,1780391842869,1780391842952,1780391842987,1780391843385,83,35,398,516
250,122,bottleneck_250_122_1780391842885_92349,success,,ea7bf39706ac33ce6439792559e4d76543a59acff697619173b4efd3f43c6d9a,1780391842885,1780391842953,1780391842988,1780391843385,68,35,397,500
250,119,bottleneck_250_119_1780391842877_951753,success,,083f45b9a9548a9b76426d8d13354b9a06ebe30f407348e226741a03435ab9b1,1780391842877,1780391842956,1780391842989,1780391843385,79,33,396,508
250,124,bottleneck_250_124_1780391842895_767329,success,,dd9f8832291ec9064f5f1724764b7e2e62e04cebf133b38b8981b8d038913945,1780391842895,1780391842965,1780391842987,1780391843385,70,22,398,490
250,123,bottleneck_250_123_1780391842890_360107,success,,9e1339c8fafaa3c5729466bdc462f0810ef6df02425d092f828289f0745b3705,1780391842890,1780391842971,1780391842990,1780391843385,81,19,395,495
250,128,bottleneck_250_128_1780391842917_708922,success,,89350ba162fb46e5c49acbd546fe612b6ff063d98ad698a29a28e92dc7f48ed9,1780391842917,1780391843014,1780391843019,1780391843385,97,5,366,468
250,127,bottleneck_250_127_1780391842917_204212,success,,e994bd56e75a19a08cfdd874db088f9b186d1fdb8fd20921d3397ef7a5d4715b,1780391842917,1780391843016,1780391843025,1780391843385,99,9,360,468
250,125,bottleneck_250_125_1780391842899_807631,success,,74cf3ef356c4ad673d9d75780b36c950eaf547d54112fb77c3c73aa4b955ffad,1780391842899,1780391843017,1780391843024,1780391843385,118,7,361,486
250,129,bottleneck_250_129_1780391842918_693062,success,,1e0e53c2860a9b97e92190a90a42804da7795a4092daf564d3c76b515f0ed5b8,1780391842918,1780391843016,1780391843028,1780391843385,98,12,357,467
250,151,bottleneck_250_151_1780391843001_233075,success,,ea91993ce8c836e175de609f69cd22f30955cf6de7a963cff1cdbd2e78c5f5f4,1780391843001,1780391843152,1780391843186,1780391843451,151,34,265,450
250,143,bottleneck_250_143_1780391842969_755909,success,,d63e1973b2eddd6aff8d375fd46d90ee9cdb00e7caf04a4f6333425c0a33bec4,1780391842969,1780391843141,1780391843151,1780391843452,172,10,301,483
250,139,bottleneck_250_139_1780391842966_981981,success,,2dc755a39981f73e5da91643278ea2a1297295800bafa68c8218c7d8e846c68a,1780391842966,1780391843140,1780391843163,1780391843452,174,23,289,486
250,131,bottleneck_250_131_1780391842943_867784,success,,c892b8ab416c2a31baad7504a1331ca242bd7ce5fa9a98804a66c24b41e1dce0,1780391842943,1780391843142,1780391843166,1780391843452,199,24,286,509
250,132,bottleneck_250_132_1780391842944_721920,success,,24380f489a7cfd74003707fed4992cbed33add8f632c2863d0153f885a6717fe,1780391842944,1780391843144,1780391843187,1780391843452,200,43,265,508
250,134,bottleneck_250_134_1780391842947_228808,success,,1351f58590bc8f6e877f7e383634e93093c8a49b587fe0dde49d39b02a965f03,1780391842947,1780391843144,1780391843174,1780391843452,197,30,278,505
250,144,bottleneck_250_144_1780391842975_838307,success,,04092272176278d0aa7c68a4e6ede5744624d7d46009cd81083039c85072a6df,1780391842975,1780391843145,1780391843175,1780391843452,170,30,277,477
250,148,bottleneck_250_148_1780391842990_489084,success,,253e565c4e4cd1873b72e33dace5dc15b29597258f0778072c298c2b3eab7b3b,1780391842990,1780391843146,1780391843176,1780391843452,156,30,276,462
250,155,bottleneck_250_155_1780391843018_767531,success,,0ee18e88215f0bff96595bd1962e12db6931eac2f74368404ee009bcb7ab83ec,1780391843018,1780391843147,1780391843179,1780391843452,129,32,273,434
250,135,bottleneck_250_135_1780391842947_534428,success,,f0944de029fb63cb65f89c0a8e0bc206a8be7ed29000735e7acb5bc5484017b3,1780391842947,1780391843147,1780391843183,1780391843452,200,36,269,505
250,157,bottleneck_250_157_1780391843026_656126,success,,109ffc0bfeccd40518150e2e6e06d746afaa2593af30e788337796ea5c4a562b,1780391843026,1780391843165,1780391843193,1780391843491,139,28,298,465
250,130,bottleneck_250_130_1780391842919_77264,success,,4225186f9a70d0d2c9c8a3747771ada82cff63366cc53c115a1d04ec501a2035,1780391842919,1780391843150,1780391843185,1780391843491,231,35,306,572
250,136,bottleneck_250_136_1780391842948_575690,success,,cf51a10f8a5d62f58e32202fe01495b8810e26c16ee5b9679f743bb5d0d18b2f,1780391842948,1780391843152,1780391843186,1780391843491,204,34,305,543
250,152,bottleneck_250_152_1780391843005_629666,success,,749ab6c5f3b428aa5b317325275ee49a7f9be2fe192ff7cb0e0a2e65d8eb4b64,1780391843005,1780391843153,1780391843184,1780391843491,148,31,307,486
250,146,bottleneck_250_146_1780391842981_804759,success,,e3f58697d83e24edd5a710e930c1972c228d77f2fed6f35d03559cca0df3b3e7,1780391842981,1780391843149,1780391843188,1780391843491,168,39,303,510
250,145,bottleneck_250_145_1780391842977_174696,success,,a3914e3abe02b2352134ca0d5f5c38c826a56db2d17ad67ea3ddfecf6bb1af06,1780391842977,1780391843171,1780391843191,1780391843491,194,20,300,514
250,154,bottleneck_250_154_1780391843013_516706,success,,25f229ac45213f9aa37e948e9b8c553195f04bda45b3d5814e64be8c8d807c97,1780391843013,1780391843169,1780391843192,1780391843491,156,23,299,478
250,141,bottleneck_250_141_1780391842968_961371,success,,3ba8ff8087088312a0584368bc722452a42fda9642c8e76b45fd8e7934528a54,1780391842968,1780391843162,1780391843189,1780391843491,194,27,302,523
250,142,bottleneck_250_142_1780391842968_222403,success,,d50079ec7a3918ed356c1b58059a789290b2dd7a7ed138fd38d0d5f13b0ec76f,1780391842968,1780391843168,1780391843191,1780391843491,200,23,300,523
250,133,bottleneck_250_133_1780391842946_135542,success,,f58ee132c5deb8c016b27043ac17312f0177835dde3cb17065df7cdeb0a4862d,1780391842946,1780391843170,1780391843190,1780391843491,224,20,301,545
250,173,bottleneck_250_173_1780391843090_244513,success,,2792d5e5e6af0478c2a9cc89665a38b184b7ccf25bfb9d1002717fd81d32dcd9,1780391843090,1780391843229,1780391843249,1780391843578,139,20,329,488
250,156,bottleneck_250_156_1780391843021_863151,success,,38e52df64b17815cec7dc2720c23a3de30279b7929a0437db2dc971aaa30d790,1780391843021,1780391843164,1780391843193,1780391843579,143,29,386,558
250,150,bottleneck_250_150_1780391842998_634918,success,,4ad7219e9e0f7272dd640b85077dcb34cb3505d4b6a4143bdbf0afcb885d0f4b,1780391842998,1780391843165,1780391843194,1780391843579,167,29,385,581
250,149,bottleneck_250_149_1780391842993_518939,success,,a2d2480f18acb716d7da415c2166bafbb056fd0f9360083279509bb47152f890,1780391842993,1780391843172,1780391843199,1780391843579,179,27,380,586
250,137,bottleneck_250_137_1780391842949_968548,success,,12bbd8370d83785a60b40d0c409865ad857060e1f4bcdb03b6e60c85da70993c,1780391842949,1780391843177,1780391843200,1780391843579,228,23,379,630
250,153,bottleneck_250_153_1780391843010_278839,success,,90ba273c5c4833aa730cb989f0731b9e8db4db5a7d61945614fdf6fbc2d901a3,1780391843010,1780391843180,1780391843201,1780391843579,170,21,378,569
250,147,bottleneck_250_147_1780391842986_766149,success,,ac475f9e3f45d139da72c7764c34a402cab70fd9284a35cc8ec30fb4afefbcb1,1780391842986,1780391843178,1780391843202,1780391843579,192,24,377,593
250,138,bottleneck_250_138_1780391842950_948662,success,,2018839dca17a694439f4d93610069a69e294698215d35e3cf1cf6c650adf409,1780391842950,1780391843178,1780391843203,1780391843579,228,25,376,629
250,140,bottleneck_250_140_1780391842967_299440,success,,bd684be49dfcf2da0333569697d644bc2c653cd1c07e8ac40506f9fe31272e1d,1780391842967,1780391843189,1780391843217,1780391843579,222,28,362,612
250,159,bottleneck_250_159_1780391843033_376453,success,,718e40812248e33fd23e1571eaacbffde00c41cdee3d1f4abc3044f270565180,1780391843033,1780391843231,1780391843248,1780391843579,198,17,331,546
250,170,bottleneck_250_170_1780391843078_948983,success,,314c683ead276cb37c3d12651e25ea93f4b5ba14ddd631f4dfd04bfeb4334f5f,1780391843078,1780391843240,1780391843258,1780391843684,162,18,426,606
250,158,bottleneck_250_158_1780391843030_474002,success,,cdc9b11743f6e9d17ae04749f39f6d4fb94ce4d2be875c8df083ff810c0487d0,1780391843030,1780391843228,1780391843253,1780391843684,198,25,431,654
250,161,bottleneck_250_161_1780391843041_600531,success,,f19c591905c92ff4ff84fdeabc804c90889d2123a5bb956ba20b3ee88dd3b885,1780391843041,1780391843236,1780391843248,1780391843684,195,12,436,643
250,174,bottleneck_250_174_1780391843094_999059,success,,ddd91e29ee6e611de25f5339f59937e9c24cc45fe2afde5f6c7a22e068836434,1780391843094,1780391843227,1780391843247,1780391843684,133,20,437,590
250,165,bottleneck_250_165_1780391843058_541183,success,,38cc974899378b1ae5f22d9b3fef3ea358af64462734b930530d72e5d396739f,1780391843058,1780391843230,1780391843255,1780391843684,172,25,429,626
250,163,bottleneck_250_163_1780391843049_454701,success,,21ab7d338386e5297e8126bad4097fb89fbc81c2d8a61e40d686ce5b1a831fa5,1780391843049,1780391843232,1780391843254,1780391843684,183,22,430,635
250,166,bottleneck_250_166_1780391843062_464253,success,,7332aeea2eb090c40290d33dc013f1b43772406fa072f30bb0d0abe6c0d13923,1780391843062,1780391843234,1780391843255,1780391843688,172,21,433,626
250,164,bottleneck_250_164_1780391843054_434844,success,,abb139b88e92460765d64223e08331bce93503274bcf64e3fda2f4edc4469a05,1780391843054,1780391843234,1780391843257,1780391843688,180,23,431,634
250,175,bottleneck_250_175_1780391843098_790142,success,,dbbb8a1589ca8f6b5bdccd1f25aaa6ee4a4ea76071bdc024d1610e218fd4d6c6,1780391843098,1780391843237,1780391843256,1780391843688,139,19,432,590
250,169,bottleneck_250_169_1780391843074_456337,success,,a3fc1a1c31612cd0a6cadcf2a78d2183c670e0f14fac7cfe8ae7105b12b8d8d3,1780391843074,1780391843241,1780391843258,1780391843688,167,17,430,614
250,201,bottleneck_250_201_1780391843203_934845,success,,61a3eb2a0b28c818ccb6269b9f78fa4f8f558047c6e946ae371a255478d8f148,1780391843203,1780391843287,1780391843293,1780391843754,84,6,461,551
250,162,bottleneck_250_162_1780391843045_275281,success,,09616ea7dae16f69ca473101e1afad3edddf8ff06268bcb8b54a640ea2adc0e8,1780391843045,1780391843233,1780391843260,1780391843754,188,27,494,709
250,181,bottleneck_250_181_1780391843123_833785,success,,ae4c272c1314b0575aa8809b692ebe6e5b227392cb3a266eac88163cdbd6871a,1780391843123,1780391843242,1780391843259,1780391843754,119,17,495,631
250,172,bottleneck_250_172_1780391843086_921293,success,,32875ffc9bb5138590594a7c654e27f5fe12438a38dcb3cff23e3a09977c8253,1780391843086,1780391843245,1780391843265,1780391843754,159,20,489,668
250,160,bottleneck_250_160_1780391843037_448586,success,,1daec53865cc9e394a7a26b71e1fbce8b7ae96d2ab0ed720ecae1a5fd444c5a2,1780391843037,1780391843244,1780391843266,1780391843754,207,22,488,717
250,179,bottleneck_250_179_1780391843113_262236,success,,a6d338a1ab5308a9bb1ffd7e81eaad0a83a8801edfdd50b0e05f94cd2ec3039d,1780391843113,1780391843244,1780391843264,1780391843754,131,20,490,641
250,203,bottleneck_250_203_1780391843209_588823,success,,bd3bbdc44cc7866b482416219adcd25de03127d348ef7b9d9e59d78818680ae1,1780391843209,1780391843283,1780391843290,1780391843754,74,7,464,545
250,193,bottleneck_250_193_1780391843173_98726,success,,75a390ad8e5c74a97fb9bce9888f01be070b9bb40ac26526d9f9af6499c8ba3e,1780391843173,1780391843286,1780391843292,1780391843754,113,6,462,581
250,195,bottleneck_250_195_1780391843180_72636,success,,53f0bc87b6c629a4c14755971a17b0d35d06519d1311399abd21acee206521e6,1780391843180,1780391843284,1780391843292,1780391843754,104,8,462,574
250,204,bottleneck_250_204_1780391843215_309075,success,,60d2d35886c7e8dd783271ab91d454771da874251a50d1e2fd0d376b4605a87f,1780391843215,1780391843285,1780391843291,1780391843754,70,6,463,539
250,167,bottleneck_250_167_1780391843065_798748,success,,92bf1fbb6b34389033d2b9635f4cd1457dda307516d3275afd3d946b71f9b62c,1780391843065,1780391843311,1780391843349,1780391843827,246,38,478,762
250,199,bottleneck_250_199_1780391843197_265593,success,,df2d96fa1455eca8bced2103aa6e4e4a4b09e32b8fcaa151d2f37fab147826d8,1780391843197,1780391843303,1780391843341,1780391843827,106,38,486,630
250,194,bottleneck_250_194_1780391843173_814923,success,,a748a92d80ee5d41fa61b6a4a7a8b461783b4169569786ec677208b2062c70c2,1780391843173,1780391843288,1780391843294,1780391843827,115,6,533,654
250,205,bottleneck_250_205_1780391843218_475153,success,,329b61740c1b1f968c81f08992ec19b0670b5458b7e47c16569e9f85bcc764d3,1780391843218,1780391843302,1780391843340,1780391843827,84,38,487,609
250,209,bottleneck_250_209_1780391843235_626245,success,,d0389849681bf329581dd2f92cee2968319f65a5bb979e7f8e04988496c8fb38,1780391843235,1780391843304,1780391843343,1780391843827,69,39,484,592
250,177,bottleneck_250_177_1780391843105_741666,success,,6d4553c1869e0f458bb1df9b2c413b3b9dd959f842d24940d8d1870d56777454,1780391843105,1780391843309,1780391843344,1780391843827,204,35,483,722
250,182,bottleneck_250_182_1780391843125_853577,success,,b5df5c702984583c0319717d2339c86b78ed150b6ba746e0c027c068536cd9c8,1780391843125,1780391843308,1780391843345,1780391843827,183,37,482,702
250,189,bottleneck_250_189_1780391843155_368452,success,,51e3f5484ee042d85b677758a51bb094eecfe19f58894b5256f6df515fd588c8,1780391843155,1780391843313,1780391843345,1780391843827,158,32,482,672
250,200,bottleneck_250_200_1780391843198_775179,success,,db2b32b31064644d34e7be5c1e433d8d58898d1dd8f3b0ae0c9b3a12d0e8605b,1780391843198,1780391843303,1780391843342,1780391843827,105,39,485,629
250,202,bottleneck_250_202_1780391843206_154494,success,,4a38625face151743567e3ac51488211b5ab39811b329d4fb15c535ea97927f3,1780391843206,1780391843310,1780391843346,1780391843827,104,36,481,621
250,180,bottleneck_250_180_1780391843117_968807,success,,c949f9125fe71ed575791c123f6d8e57e3943a7544e327c6124b68e9f4ae2e18,1780391843117,1780391843322,1780391843355,1780391843867,205,33,512,750
250,211,bottleneck_250_211_1780391843242_434584,success,,f24bfdd147074f335edc8867f4dc78826a3d3468034f6944aa10a3c9e96a50b0,1780391843242,1780391843315,1780391843347,1780391843867,73,32,520,625
250,196,bottleneck_250_196_1780391843181_412934,success,,5fccada08f4af6df1a8c5478a09f373f6b186d2d1ae99463af8efc9f7819ce60,1780391843181,1780391843307,1780391843349,1780391843867,126,42,518,686
250,198,bottleneck_250_198_1780391843196_595026,success,,a8b431015904bfa3d740825f5727b3d260bf49cb72950ad39f69431be052ae10,1780391843196,1780391843312,1780391843348,1780391843867,116,36,519,671
250,171,bottleneck_250_171_1780391843081_90061,success,,2098f1372ce34508bc5072c0a89f3c1d83c250ac55dde61cf3bcbf73903a1231,1780391843081,1780391843316,1780391843347,1780391843867,235,31,520,786
250,187,bottleneck_250_187_1780391843148_709021,success,,958951ffa9ec7eda4627a094496a11a89433f19c585607fc54b69e113e2233f0,1780391843148,1780391843317,1780391843350,1780391843867,169,33,517,719
250,176,bottleneck_250_176_1780391843101_532159,success,,ddf86eee756133b644dd517a208cbcef8d2ca0defc1e227093200ac83ee02a2e,1780391843101,1780391843317,1780391843350,1780391843867,216,33,517,766
250,206,bottleneck_250_206_1780391843221_284585,success,,d5092a25aa9024889ed808c85bc650d1a9ad4aff739f79686c54db03987172f3,1780391843221,1780391843318,1780391843351,1780391843867,97,33,516,646
250,192,bottleneck_250_192_1780391843167_719307,success,,4b2b0d6b64e4107727fedd08c89f3f8c106ebbdff05c319e32a3afd293a8e763,1780391843167,1780391843321,1780391843353,1780391843867,154,32,514,700
250,207,bottleneck_250_207_1780391843225_981326,success,,44d8add366c3ff282ba61c6b8b3c8a3adca0e9775485d609ca3404313d9b873a,1780391843225,1780391843320,1780391843352,1780391843867,95,32,515,642
250,168,bottleneck_250_168_1780391843069_169619,success,,a118e4a58203fe77493fa7600a68013976acaa38153043e39c32ede192f826b3,1780391843069,1780391843344,1780391843392,1780391843900,275,48,508,831
250,185,bottleneck_250_185_1780391843138_639542,success,,9f69c3e5c24f9fc658619de7fd32a8b6bdafa352dbbc995918b8e285940941e3,1780391843138,1780391843328,1780391843387,1780391843901,190,59,514,763
250,197,bottleneck_250_197_1780391843195_353581,success,,25a85c6e00e7bef32b866817c1f11440831fbf2895e673d7feee4a0fecc94a6f,1780391843195,1780391843322,1780391843355,1780391843901,127,33,546,706
250,178,bottleneck_250_178_1780391843110_537463,success,,d53cf3620351fe1af71987994094c6e176ffcab34648edce3b3c6674b23dd56f,1780391843110,1780391843339,1780391843385,1780391843901,229,46,516,791
250,184,bottleneck_250_184_1780391843133_658226,success,,19a0d2306cb2b0f7c200c19b7f55c024413e53590bb56c934ffef9844812c280,1780391843133,1780391843325,1780391843386,1780391843901,192,61,515,768
250,190,bottleneck_250_190_1780391843157_410502,success,,ff9b86efabace2b9a9c60d4b62bd4c7b7681d458b854b60b9d101ad2476a661a,1780391843157,1780391843336,1780391843389,1780391843901,179,53,512,744
250,183,bottleneck_250_183_1780391843130_54248,success,,d3838e13acadf0a996b0a8aef42515eb6bbae6c89c938fcc9c0113a1e652b0f1,1780391843130,1780391843326,1780391843388,1780391843901,196,62,513,771
250,186,bottleneck_250_186_1780391843143_92632,success,,f59f5c1c113c5748bca8dd1c552f7f5ee97cd048405f1877e83086a69ed1b7a1,1780391843143,1780391843325,1780391843389,1780391843901,182,64,512,758
250,188,bottleneck_250_188_1780391843154_12379,success,,b25e7384c1b91c4363dd03d9f06514909e739227ace50ccf257b1200af5d656b,1780391843154,1780391843337,1780391843386,1780391843901,183,49,515,747
250,210,bottleneck_250_210_1780391843238_290220,success,,910aa5fe56269b3e9747ba61b5e535a7b9e4a0a359cdc025b1320f3fd3ccb6c2,1780391843238,1780391843327,1780391843390,1780391843901,89,63,511,663
250,216,bottleneck_250_216_1780391843262_622997,success,,2a1ce6ce90cc6ca33053ca14a654d6540c55604994981886eee232be08c7e941,1780391843262,1780391843380,1780391843431,1780391843944,118,51,513,682
250,208,bottleneck_250_208_1780391843229_520872,success,,805b385bef1be41f2f032ce3963ffb3ed26d7c414d7ad2cc93b6d3a19999c53f,1780391843229,1780391843354,1780391843392,1780391843944,125,38,552,715
250,191,bottleneck_250_191_1780391843161_944844,success,,e4498dcb0917465c2e3f9e83db8970d726e875c7fa43c41d2246c0ed68ef8153,1780391843161,1780391843352,1780391843391,1780391843945,191,39,554,784
250,220,bottleneck_250_220_1780391843277_572191,success,,0c79bfa66fbf7654e309f489dbd320a01d208dc8dfe483b43754416146b29cb8,1780391843277,1780391843361,1780391843394,1780391843945,84,33,551,668
250,225,bottleneck_250_225_1780391843297_596309,success,,d4fd405df4aaa0cab0bd91bd2f96ecddd93aa3737477f44af4da2a4020f6b779,1780391843297,1780391843362,1780391843394,1780391843945,65,32,551,648
250,219,bottleneck_250_219_1780391843274_257925,success,,4e8ee2e38945538c959a184c9d99c5b2e0a1f71bd56c721ac512f1889861c2da,1780391843274,1780391843363,1780391843395,1780391843945,89,32,550,671
250,213,bottleneck_250_213_1780391843250_476026,success,,227004c415f97705747259d22f26c02079f6945224e47e3e23810c17a6b5b630,1780391843250,1780391843361,1780391843396,1780391843945,111,35,549,695
250,224,bottleneck_250_224_1780391843295_229261,success,,be90cf95c1b8a0d34a72332aa733eea0d58d5a44f105173a0bf3990de14e42cf,1780391843295,1780391843364,1780391843397,1780391843945,69,33,548,650
250,212,bottleneck_250_212_1780391843246_89919,success,,62ac84a55bec608601d75d5e2f8eb234c746ffdb58a973f0e2573265e48104b3,1780391843246,1780391843365,1780391843397,1780391843945,119,32,548,699
250,218,bottleneck_250_218_1780391843270_888193,success,,5091a5d8c493c62e2a07c53b3819235dd8fb4167c15646b15c4e63599609c4c5,1780391843270,1780391843364,1780391843396,1780391843945,94,32,549,675
250,235,bottleneck_250_235_1780391843338_194280,success,,5e444a98a47195384dbda44ed6ecf1e5b6939ed9ccc4738f5c507d201d0794e2,1780391843338,1780391843406,1780391843439,1780391843982,68,33,543,644
250,222,bottleneck_250_222_1780391843286_936940,success,,d459651b86cce97458304e811170465e92d0dbcfea0ef524bce78283f1a31430,1780391843286,1780391843375,1780391843432,1780391843982,89,57,550,696
250,217,bottleneck_250_217_1780391843267_515551,success,,a51e6097467ea2d403fae28532f01c65533e95ef03c3fc49e4b56f39f9ac560d,1780391843267,1780391843381,1780391843434,1780391843982,114,53,548,715
250,214,bottleneck_250_214_1780391843260_984864,success,,4b19d30990447f36e84e514ff354b60b46f8ae9b58d32eb003de47b77e77ccd5,1780391843260,1780391843382,1780391843432,1780391843982,122,50,550,722
250,223,bottleneck_250_223_1780391843289_994541,success,,b535714992e5dcaa0450dc0148daa331876ca01c02ac89abb8dfda25deee9e13,1780391843289,1780391843374,1780391843433,1780391843982,85,59,549,693
250,221,bottleneck_250_221_1780391843281_277418,success,,61bda0c7509847700ffc9825ae22b4fbb7a28e5947ea4ae60b1ddbb4ca980075,1780391843281,1780391843384,1780391843434,1780391843982,103,50,548,701
250,215,bottleneck_250_215_1780391843261_531990,success,,b69f727857211a3bfdcca06a35e2abd5b8428b8b4b8ee582435a36532dff94b0,1780391843261,1780391843393,1780391843435,1780391843982,132,42,547,721
250,234,bottleneck_250_234_1780391843334_295931,success,,f48f4695e1baeb4ba746a12f06934e39f2d6fb3f517bf1634eddeda8f8598d97,1780391843334,1780391843403,1780391843437,1780391843982,69,34,545,648
250,240,bottleneck_250_240_1780391843359_61852,success,,1fb4e21576af47070df8c04e313b765d2fa51aaf5a8c0c920caa850f168a7ba0,1780391843359,1780391843404,1780391843437,1780391843982,45,33,545,623
250,236,bottleneck_250_236_1780391843357_845568,success,,9f2168a20208fa41c9351c2d4682a9f69422f3f97419c09ce544671227e4d183,1780391843357,1780391843404,1780391843438,1780391843982,47,34,544,625
250,238,bottleneck_250_238_1780391843358_156936,success,,c758cb72878d39f5e1225518c24f8b9eb2f4282ce86f27858cc755480d295ce9,1780391843358,1780391843424,1780391843455,1780391844002,66,31,547,644
250,237,bottleneck_250_237_1780391843357_496526,success,,ae8f4638724a65d36fde2b8a22a6ecabe915404570fc86de99aff41103bb00d3,1780391843357,1780391843405,1780391843440,1780391844002,48,35,562,645
250,232,bottleneck_250_232_1780391843328_993654,success,,41f9282f8a3f54cbe7ba72e86a5b2e70e71ba28bb9ea176ddd7fd6007485d472,1780391843328,1780391843407,1780391843441,1780391844002,79,34,561,674
250,229,bottleneck_250_229_1780391843314_765679,success,,933789a5e18b9e7393535d4cd586e45f7bc6666bb0afda676d22d0621428f874,1780391843314,1780391843408,1780391843442,1780391844002,94,34,560,688
250,233,bottleneck_250_233_1780391843329_446882,success,,978a12dbb0a1b2ab8fd7738c1783b73b6fad14c703d026249f33cdcfc1534118,1780391843329,1780391843418,1780391843445,1780391844003,89,27,558,674
250,243,bottleneck_250_243_1780391843369_365353,success,,2ee9438438f8617cbda4a5f35bc07e82918693158efec15616430c9537afbd2a,1780391843369,1780391843422,1780391843443,1780391844003,53,21,560,634
250,228,bottleneck_250_228_1780391843313_29069,success,,06dddff95941b0f808519bf601357bd8d3c5a16e3ae6c8274e271520079b0be1,1780391843313,1780391843419,1780391843444,1780391844003,106,25,559,690
250,226,bottleneck_250_226_1780391843305_261054,success,,1f9b92966a8e5b88a8c7fc6fe564f02049b5c61c453e62a3eaccc08d02ff974b,1780391843305,1780391843422,1780391843445,1780391844003,117,23,558,698
250,227,bottleneck_250_227_1780391843306_608989,success,,c57d94f1f9f22d595b342e0252aaca28bc6ad49e9a78a736789ae906acdcd7d9,1780391843306,1780391843420,1780391843451,1780391844004,114,31,553,698
250,231,bottleneck_250_231_1780391843324_511554,success,,0863600db64a761c45ec0128f2967c28514b3b2e69084d14fb4d5bcd02138531,1780391843324,1780391843426,1780391843454,1780391844005,102,28,551,681
250,250,bottleneck_250_250_1780391843401_861587,success,,138d64af83800aa78e6905ea585eace9385aca1114ab9c6a8a74955b4b5fad74,1780391843401,1780391843539,1780391843566,1780391844044,138,27,478,643
250,252,bottleneck_250_252_1780391843409_676314,success,,e97da68d3006eaeee8522b1427ee197606b4acc2ae68fcf8d5401d5662d51ddf,1780391843409,1780391843535,1780391843560,1780391844044,126,25,484,635
250,247,bottleneck_250_247_1780391843399_67019,success,,a1fb68ab558881dde464804949c3620de9a7c3be966de442254d3d06f4415ca5,1780391843399,1780391843532,1780391843546,1780391844045,133,14,499,646
250,248,bottleneck_250_248_1780391843400_297278,success,,65d1c9824beb1bdca5ec9653d48e8c5ddb13a76e3e3d5fb989580077ce6d5d25,1780391843400,1780391843534,1780391843561,1780391844045,134,27,484,645
250,245,bottleneck_250_245_1780391843377_847341,success,,11431bc3a2fd6812c9a29211fff30d306c681b56638d9c681799825fb938bd5f,1780391843377,1780391843536,1780391843563,1780391844045,159,27,482,668
250,244,bottleneck_250_244_1780391843375_537415,success,,a3224c669a5e3035f510be936c4946ccb487b79ad4cf6772703c52cd97ce816d,1780391843375,1780391843537,1780391843562,1780391844045,162,25,483,670
250,242,bottleneck_250_242_1780391843367_156404,success,,05d1dd31e4c7bb4336145d429e966a02d8ed3ea0547efd05c34436e59b45db41,1780391843367,1780391843426,1780391843453,1780391844045,59,27,592,678
250,230,bottleneck_250_230_1780391843319_321749,success,,183bd2427b1c6672e506553f86c3ad6fd50474879792474c53c7c3199d478018,1780391843319,1780391843425,1780391843456,1780391844045,106,31,589,726
250,239,bottleneck_250_239_1780391843359_376590,success,,1f340d52d124de63432da3807d9c8b411d5635f53476b804c7b6f4c4807d00cd,1780391843359,1780391843441,1780391843476,1780391844045,82,35,569,686
250,241,bottleneck_250_241_1780391843367_57142,success,,8d68793c04938b28dc1dacf89f78e4469252e6f9c1fe50ea38c107f7a625bd20,1780391843367,1780391843436,1780391843479,1780391844045,69,43,566,678
250,253,bottleneck_250_253_1780391843411_710430,success,,c2399475f53ec38e290264958681be35851cab48b416fe70843f73bd06c64b34,1780391843411,1780391843546,1780391843578,1780391844045,135,32,467,634
250,258,bottleneck_250_258_1780391843429_607284,success,,9ace7d4286ba191104846935e88e6bd4b31e5ac91cec79edd14c6e98ea826484,1780391843429,1780391843549,1780391843567,1780391844045,120,18,478,616
250,260,bottleneck_250_260_1780391843447_597417,success,,65be4f92a195abb21ad0b33a370a6103f086ae09020ea70a7ae2ab9392c20e15,1780391843447,1780391843538,1780391843565,1780391844045,91,27,480,598
250,269,bottleneck_250_269_1780391843473_780530,success,,c0503c86f6899731791b57bd7fecb0e35004026945c239f56c267ee2f9d73107,1780391843473,1780391843537,1780391843564,1780391844045,64,27,481,572
250,259,bottleneck_250_259_1780391843447_928076,success,,71ed526a5a728029c966fa823f79c170c40be57896e44889743d235f7e465d91,1780391843447,1780391843545,1780391843568,1780391844045,98,23,477,598
250,249,bottleneck_250_249_1780391843400_167301,success,,e70e516e546036fc56901b5e52325e39642d4b1b9a3a48f73315c72cfcd322da,1780391843400,1780391843541,1780391843569,1780391844045,141,28,476,645
250,268,bottleneck_250_268_1780391843470_341941,success,,6aa37f88ee88ff472665d22933311b7633d393b7656142ffc7e69a487a291d09,1780391843470,1780391843547,1780391843571,1780391844045,77,24,474,575
250,256,bottleneck_250_256_1780391843423_545612,success,,420baf410417f457979056dc06a84b9427ecca6dbb160a10fa0d7fb16b2f9460,1780391843423,1780391843540,1780391843570,1780391844045,117,30,475,622
250,254,bottleneck_250_254_1780391843416_290073,success,,45b576cfc19bd9dbfbf5a2cd9c443e6efafbe638cfc5235e0a4588f3b2d08e1d,1780391843416,1780391843549,1780391843569,1780391844045,133,20,476,629
250,255,bottleneck_250_255_1780391843417_923333,success,,7c365c7441d71d7c6c0973bd61e1eb0a32a7ebbf4598ee042fd43a3ae238897f,1780391843417,1780391843543,1780391843577,1780391844045,126,34,468,628
250,265,bottleneck_250_265_1780391843458_73086,success,,00bafbd87721eba048fbc84300956a89c29bad2f80dc1658ba67ef5275ef3ca3,1780391843458,1780391843544,1780391843585,1780391844065,86,41,480,607
250,263,bottleneck_250_263_1780391843450_918496,success,,5a3b75d8d3e49ef762365dc67a913bfdb9e75e93fa9f5d882800195e831df4ba,1780391843450,1780391843552,1780391843580,1780391844065,102,28,485,615
250,251,bottleneck_250_251_1780391843402_80805,success,,9f680486ba5afa1071d66903ce1c539f139885ddd10106386a99236a462e93de,1780391843402,1780391843551,1780391843581,1780391844065,149,30,484,663
250,264,bottleneck_250_264_1780391843457_922624,success,,ba83046dacc1cc93d2951b2063056c85e4dca2a96642e2e3708079f4746fbb4f,1780391843457,1780391843553,1780391843582,1780391844065,96,29,483,608
250,246,bottleneck_250_246_1780391843382_455071,success,,aa8a1246f474f2188eb69a36428e5eae2a2595ca36c940b37de122cddf09f25e,1780391843382,1780391843554,1780391843582,1780391844065,172,28,483,683
250,262,bottleneck_250_262_1780391843449_75933,success,,033fd37e9ad3247ca41318a8d3af00ccf0d9ac85fbd48d2b66b61fb420703551,1780391843449,1780391843557,1780391843583,1780391844065,108,26,482,616
250,266,bottleneck_250_266_1780391843462_116526,success,,c555338e7f9c2a046d03e06fe22c776e872c2b62ce09dc8c7271ff9cccc8e4bd,1780391843462,1780391843555,1780391843584,1780391844065,93,29,481,603
250,270,bottleneck_250_270_1780391843478_128788,success,,e998c64cb3f159480be0065f2114313e4ea1318d3c75a8b311d0cf8ee7675f29,1780391843478,1780391843556,1780391843584,1780391844065,78,28,481,587
250,257,bottleneck_250_257_1780391843427_668923,success,,4ed54c45d944bb1740758e9b4df2ccfde44ae6487c83561bd1ccd5de3552ed17,1780391843427,1780391843557,1780391843585,1780391844065,130,28,480,638
250,272,bottleneck_250_272_1780391843486_619989,success,,99521444767f3e5d9f6c96ae67f9a9a2ff441d15601bb08c4af456afb8a20611,1780391843486,1780391843559,1780391843579,1780391844065,73,20,486,579
250,274,bottleneck_250_274_1780391843493_219193,success,,2c4027430025921ecf6dcc1c8741cdf5f5e2b30cad885931481207552481b382,1780391843493,1780391843639,1780391843664,1780391844076,146,25,412,583
250,273,bottleneck_250_273_1780391843489_868024,success,,515515aa14f8e91e9e2bb5f1c880b6b11093fbc6e1290d23e514521dff0acdb9,1780391843489,1780391843567,1780391843624,1780391844076,78,57,452,587
250,261,bottleneck_250_261_1780391843448_884621,success,,b036342bc93c2c83646d9559efbae3d46cc7855047bb870a0fa0f1eb6ecab47e,1780391843448,1780391843564,1780391843626,1780391844076,116,62,450,628
250,267,bottleneck_250_267_1780391843465_225130,success,,ba712a6c54a3d7daad22424b6020a38fa46b452e0a896107dcb55bbb0533dbf5,1780391843465,1780391843566,1780391843626,1780391844076,101,60,450,611
250,271,bottleneck_250_271_1780391843481_445134,success,,909a3ee94b5259fde10801ebbe76755a1212a3791fce3676f00a934bc72b3d85,1780391843481,1780391843561,1780391843625,1780391844076,80,64,451,595
250,286,bottleneck_250_286_1780391843542_477509,success,,66d5c02aec3547bce15f6b4d2615373739bac3b1dbb76e9b801c990f43dcbad8,1780391843542,1780391843628,1780391843657,1780391844076,86,29,419,534
250,284,bottleneck_250_284_1780391843533_347702,success,,b4390561b48cf69f1a884058b872e5d4e4318034cadf248fec63f131412c2368,1780391843533,1780391843636,1780391843660,1780391844076,103,24,416,543
250,283,bottleneck_250_283_1780391843530_154568,success,,52435a296029683ad5622503e9e501265a27304492c89478fe13eb63f0679307,1780391843530,1780391843637,1780391843662,1780391844076,107,25,414,546
250,275,bottleneck_250_275_1780391843497_103739,success,,303e3ac3c95cc64271c9320b76e6d2251cabf8614d85528f107f50a5d54ad620,1780391843497,1780391843641,1780391843663,1780391844076,144,22,413,579
250,276,bottleneck_250_276_1780391843502_605484,success,,c8a0c2af40a3c56a012ca00e7853f86f3ee1a5fbbf0038006627341405293d89,1780391843502,1780391843640,1780391843663,1780391844076,138,23,413,574
250,287,bottleneck_250_287_1780391843548_284324,success,,7829ab2d30ac2522fa5d6d5b731033fb360c8f173a7da27bb7771c9fce2b0539,1780391843548,1780391843659,1780391843673,1780391844093,111,14,420,545
250,288,bottleneck_250_288_1780391843550_910040,success,,7fa88b02349d000404655db7716a2438640849834958477a391e351d47f7f4bf,1780391843550,1780391843645,1780391843670,1780391844094,95,25,424,544
250,277,bottleneck_250_277_1780391843505_914572,success,,56cc91c7776b524c9ed62ad90135b47ac91266eba70ea3dcb8656625bfc48628,1780391843505,1780391843644,1780391843664,1780391844095,139,20,431,590
250,279,bottleneck_250_279_1780391843514_372592,success,,df799c375a0cb932ff42aff80109de9c808d872714fd54c87752b7c8dc2ffda8,1780391843514,1780391843642,1780391843668,1780391844095,128,26,427,581
250,289,bottleneck_250_289_1780391843554_621912,success,,057e3e718995f6bb7b109d35da9d04097d9285accf0f322eecc11b052626df82,1780391843554,1780391843643,1780391843669,1780391844095,89,26,426,541
250,290,bottleneck_250_290_1780391843558_765326,success,,de84572f3e18417a8f8a4050942543214892c0b469f0169b9de6cc6e8c82320b,1780391843558,1780391843642,1780391843671,1780391844095,84,29,424,537
250,285,bottleneck_250_285_1780391843542_293226,success,,fa8ba3f63a6104afed15930cd05e37f4cb10dbd9ef3e76db238ff2984ce160f3,1780391843542,1780391843656,1780391843670,1780391844095,114,14,425,553
250,278,bottleneck_250_278_1780391843510_393480,success,,c80950d9ced156fd1e2036768677350e4bd91f3b656e9fb2602775bd27940460,1780391843510,1780391843658,1780391843673,1780391844095,148,15,422,585
250,282,bottleneck_250_282_1780391843525_18639,success,,04f4279bdfdaea5053627c1ce13b64d1c5eb4ae778aee5efef9d4781dbb5bfd0,1780391843525,1780391843660,1780391843672,1780391844095,135,12,423,570
250,281,bottleneck_250_281_1780391843522_63185,success,,9a86d1bebe205fc22885520c8e8fc65ce51eb399234895b56546e383bb72a112,1780391843522,1780391843655,1780391843668,1780391844095,133,13,427,573
250,291,bottleneck_250_291_1780391843572_603607,success,,2b97eb00320dfbb9d2d7f84765d01cbda96590345d3aa61ffa4aa4c8d1529abd,1780391843572,1780391843776,1780391843804,1780391844110,204,28,306,538
250,280,bottleneck_250_280_1780391843517_999041,success,,78d94aff0522121caeb07fd549452cef7c33cb0d730a6318f1bd7d8ea862062c,1780391843517,1780391843661,1780391843676,1780391844110,144,15,434,593
250,312,bottleneck_250_312_1780391843646_132921,success,,0b1d1abf9355093ca27bdc78a6c3a0cfa5d12ef091b8a54c5e433a0bf1e2eaa6,1780391843646,1780391843772,1780391843800,1780391844110,126,28,310,464
250,315,bottleneck_250_315_1780391843657_697655,success,,ce6956f1c48d6069ecfd6f6108020ea327538cb710c30521b07dca558d916df3,1780391843657,1780391843773,1780391843801,1780391844110,116,28,309,453
250,320,bottleneck_250_320_1780391843678_24445,success,,c1742a5d66333335621ae0ae393bafc9fb31f27595af01763e53e5ac72ffef7a,1780391843678,1780391843771,1780391843801,1780391844110,93,30,309,432
250,293,bottleneck_250_293_1780391843574_738795,success,,4bec7d3378690790b9daa5d971db61ac4c415438bba5b39f9a8bb1a9d568fd21,1780391843574,1780391843774,1780391843802,1780391844110,200,28,308,536
250,310,bottleneck_250_310_1780391843639_51271,success,,d6929fec970549a268f23f422a31088615e077f3da7b912704c59a582a1616af,1780391843639,1780391843775,1780391843802,1780391844110,136,27,308,471
250,298,bottleneck_250_298_1780391843589_523929,success,,0dc5f4a064a52b10f99890734f5057bf911a37329221294c14cf33cbb72f8fd6,1780391843589,1780391843769,1780391843803,1780391844110,180,34,307,521
250,307,bottleneck_250_307_1780391843627_891090,success,,2e64a0c8dff46757bb89e267bb151272d6bd27f3f96e0256975e0e9d78554b77,1780391843627,1780391843778,1780391843805,1780391844110,151,27,305,483
250,311,bottleneck_250_311_1780391843645_622855,success,,9ff8c829d31514fe9cd9262948b10916b5fa421cef2ea854639a2157670a1eb0,1780391843645,1780391843777,1780391843806,1780391844110,132,29,304,465
250,301,bottleneck_250_301_1780391843601_723135,success,,3c72bc810adc63b3156b9e0dd3cce41325d304933f58673ba7991e08fb8d3601,1780391843601,1780391843779,1780391843806,1780391844122,178,27,316,521
250,309,bottleneck_250_309_1780391843633_48866,success,,c3e1a45df6dc7ccbecf25fbbcd2ce6edbc424585ab4ce82e4ef515a1cedd77a8,1780391843633,1780391843780,1780391843807,1780391844123,147,27,316,490
250,302,bottleneck_250_302_1780391843605_231995,success,,84bb124575f95ac040f0e10328201174e45d8672fd451d2768b1fcafe52441e2,1780391843605,1780391843781,1780391843808,1780391844123,176,27,315,518
250,296,bottleneck_250_296_1780391843587_678217,success,,fe20bc1cd95d169b4fda44023d09c33c6211cf3caf7a0b8aaf95c2906d2ac630,1780391843587,1780391843779,1780391843812,1780391844123,192,33,311,536
250,314,bottleneck_250_314_1780391843653_147418,success,,42758d7ee90c7db4bea0cb5fd62c6da0998f0ed263a339d4c0fd0f45cb3ae844,1780391843653,1780391843786,1780391843813,1780391844123,133,27,310,470
250,317,bottleneck_250_317_1780391843667_594889,success,,ac105cb0eadd479d5b37de266d347469c98c94ce34ed4c0f4d46bc27fd2ea89a,1780391843667,1780391843784,1780391843814,1780391844123,117,30,309,456
250,322,bottleneck_250_322_1780391843686_327382,success,,1c687db1bc3d56aee7bb593d2691ba7c4dfef85e53bc244ca657c64d18f217bb,1780391843686,1780391843783,1780391843814,1780391844123,97,31,309,437
250,295,bottleneck_250_295_1780391843586_331049,success,,f5f5f8a4a042b70dfbfe14fb923fc450de36072e8feae1e78082b42235b14dc6,1780391843586,1780391843785,1780391843815,1780391844123,199,30,308,537
250,297,bottleneck_250_297_1780391843588_210064,success,,72428b802bfd06609ece5a55f5b4babe62d95cd8270f6777d77ee1c60f4159e8,1780391843588,1780391843789,1780391843816,1780391844123,201,27,307,535
250,306,bottleneck_250_306_1780391843621_860269,success,,9a97e3abfa90000549564bb3d360c882902c93c4180bd7b8d4cb5bc2277ec0f1,1780391843621,1780391843791,1780391843817,1780391844123,170,26,306,502
250,303,bottleneck_250_303_1780391843609_697768,success,,802725bf36d5ab509669370910c4791de1aa3332eb5b0e3140a51e62857894d0,1780391843609,1780391843797,1780391843829,1780391844137,188,32,308,528
250,300,bottleneck_250_300_1780391843598_952732,success,,d8c49043da2646ddd805d736911bc0a4ff47b10512f7ac3d470ed17e32832ff8,1780391843598,1780391843792,1780391843819,1780391844139,194,27,320,541
250,304,bottleneck_250_304_1780391843613_443106,success,,e467ac04c304310390d0f6e2d4a51f77ff2833aba92f57c8195e9a9d70c877fe,1780391843613,1780391843796,1780391843822,1780391844140,183,26,318,527
250,299,bottleneck_250_299_1780391843593_8340,success,,784b1db485f27e012022718cf0ed34c7ed639f13f6040fa9d8a2c907f949500a,1780391843593,1780391843798,1780391843821,1780391844140,205,23,319,547
250,319,bottleneck_250_319_1780391843675_811365,success,,096980e1a5a0ff5d329f31fa0475966dd1b427e96eec72d0e0daf77251a7112e,1780391843675,1780391843788,1780391843818,1780391844140,113,30,322,465
250,321,bottleneck_250_321_1780391843681_959711,success,,82a0addfe281258ca51af7b133dbf9a2ce304f03bf3387a3270c898e70cdec90,1780391843681,1780391843790,1780391843817,1780391844140,109,27,323,459
250,292,bottleneck_250_292_1780391843573_400767,success,,b56e1e0b39ebbe1cca944f24586468856dc3195a921b2dda4f105c9cb14b7575,1780391843573,1780391843799,1780391843820,1780391844140,226,21,320,567
250,318,bottleneck_250_318_1780391843674_308446,success,,0c78bdac8c8be533a20105f36b9715e3f5c073dd9e53e0f01a5c567ea10db87c,1780391843674,1780391843797,1780391843828,1780391844140,123,31,312,466
250,308,bottleneck_250_308_1780391843629_755173,success,,440b331f3bea61f67fb6fc4aeb73929d2cdb4120c12196fba615190adee5ad3a,1780391843629,1780391843804,1780391843827,1780391844140,175,23,313,511
250,294,bottleneck_250_294_1780391843575_62195,success,,d586d1fca103b9c1d4da8b05c0b928add2cc4a124cd56aceab8663e5c4e58d7f,1780391843575,1780391843793,1780391843819,1780391844140,218,26,321,565
250,330,bottleneck_250_330_1780391843717_446717,success,,918081aa79b62122926b720c91962a181b603af27c29b4a498715ea251567bcd,1780391843717,1780391843858,1780391843880,1780391844149,141,22,269,432
250,305,bottleneck_250_305_1780391843618_308750,success,,a37396a9f60da0d65e462dcb220e961de661609e592daaf0087922ef50bfccef,1780391843618,1780391843794,1780391843831,1780391844149,176,37,318,531
250,316,bottleneck_250_316_1780391843666_631702,success,,2d1feb6ae2f40a4db63cf8a2d569cadace8ef5b93651e585b085edf0ba8bd081,1780391843666,1780391843795,1780391843832,1780391844149,129,37,317,483
250,313,bottleneck_250_313_1780391843649_104167,success,,a13dc75976f7d0efe7bcc9578917e1cdd3b7812228eff3bbd1b57b34491d1583,1780391843649,1780391843816,1780391843864,1780391844149,167,48,285,500
250,331,bottleneck_250_331_1780391843722_791211,success,,c2fc50842186ceb40a2b2e6f14fa2dd289b6140e80edf84cd69c0d1da08eff5f,1780391843722,1780391843836,1780391843865,1780391844149,114,29,284,427
250,327,bottleneck_250_327_1780391843706_428971,success,,8534ef14532999f5e63f1b87bdcf816091fce79382de8bba2b39abdb409721b2,1780391843706,1780391843841,1780391843866,1780391844149,135,25,283,443
250,332,bottleneck_250_332_1780391843725_823428,success,,8a0de2e9433d5cfa8484b8991c29620b5f0a9ea09aeb5478c40b3e8ba65cc34e,1780391843725,1780391843843,1780391843875,1780391844149,118,32,274,424
250,323,bottleneck_250_323_1780391843690_216772,success,,c8419e2f43c7536d99a488a0d90a750cab9df0fd51740594e3a389039bda3a1b,1780391843690,1780391843844,1780391843868,1780391844149,154,24,281,459
250,324,bottleneck_250_324_1780391843693_409889,success,,49746850888927b7cba37ea5d19bf426cf9974efc0839891a90f2ac7678ae903,1780391843693,1780391843844,1780391843869,1780391844149,151,25,280,456
250,337,bottleneck_250_337_1780391843746_129694,success,,202945216c412ebdae16e3b4ded3ed5e435230f83604ccd838ac0f4a8b083d30,1780391843746,1780391843860,1780391843877,1780391844149,114,17,272,403
250,338,bottleneck_250_338_1780391843751_948129,success,,f0ed9e06166a65b288c7ca5014fff0d9aeec430429ec5e3b70cdc5680615c7b3,1780391843751,1780391843867,1780391843900,1780391844164,116,33,264,413
250,325,bottleneck_250_325_1780391843698_974719,success,,97379b90aa7289f13b1b063ba9860938164b8d2d893b6cf74c496b9aff4e4b27,1780391843698,1780391843846,1780391843879,1780391844164,148,33,285,466
250,335,bottleneck_250_335_1780391843737_153220,success,,6a106d7ad6e902bcb0c2320966bb0075beaf1e6a93560d6eaff60f3f45685321,1780391843737,1780391843857,1780391843877,1780391844164,120,20,287,427
250,336,bottleneck_250_336_1780391843741_972057,success,,d529434f91e7e0d70779ec7eeaf88e56ebead6811a98ffc14245f626e24f4967,1780391843741,1780391843859,1780391843882,1780391844164,118,23,282,423
250,328,bottleneck_250_328_1780391843709_926336,success,,70a4e391bd6a9752c9796a3b23998a1055919b2561964fe136f84dde4d5cb23d,1780391843709,1780391843856,1780391843882,1780391844164,147,26,282,455
250,329,bottleneck_250_329_1780391843714_653860,success,,334644e9bd9e19c3c9f37f9c370b996263fa1424d1cb3fdb9dfe2b1aa0e3fa68,1780391843714,1780391843845,1780391843883,1780391844164,131,38,281,450
250,334,bottleneck_250_334_1780391843734_864340,success,,43cb3672264999485933b4517201d98eaef4c58483106b1dac31d94a00f35ca2,1780391843734,1780391843848,1780391843880,1780391844164,114,32,284,430
250,333,bottleneck_250_333_1780391843729_597293,success,,ae364bd31b0cc9c31a0322768a35a8b3f1ee8489a5f82437f0ffbbcaa7f32f40,1780391843729,1780391843847,1780391843881,1780391844164,118,34,283,435
250,326,bottleneck_250_326_1780391843702_558629,success,,bc50f26baaddaf9e4c9b3ccd1f6f2da984e5e60f4583fa7ecd8464cb4bf6d4ce,1780391843702,1780391843863,1780391843887,1780391844164,161,24,277,462
250,339,bottleneck_250_339_1780391843753_809432,success,,57ef2dcf507b3d393382cb69404a16e7bfe23430995c4ffce89565da13e4e744,1780391843753,1780391843863,1780391843888,1780391844164,110,25,276,411
250,345,bottleneck_250_345_1780391843782_376402,success,,92f2927d099243d7950fe7aafe6003d9dbd71c1e61780c02dd6672d315f2e458,1780391843782,1780391843899,1780391843925,1780391844179,117,26,254,397
250,352,bottleneck_250_352_1780391843810_772392,success,,2817905f4343d7665124bf28f160d0b160fc22f92af824e5d28e292ffc55e7bb,1780391843810,1780391843884,1780391843902,1780391844180,74,18,278,370
250,341,bottleneck_250_341_1780391843762_88545,success,,48fd00d14f98886111894f13d8b4f6b5fa674dfef376f542c3f01673ee3951c2,1780391843762,1780391843890,1780391843918,1780391844180,128,28,262,418
250,349,bottleneck_250_349_1780391843794_623310,success,,58217a33386493cea47c2d175a15a0e9b9bf5c98540d943620b9bab313c8d865,1780391843794,1780391843896,1780391843917,1780391844180,102,21,263,386
250,346,bottleneck_250_346_1780391843782_762676,success,,e248eceea2085431c0134c84fad8824d0c9eef0b330aeddeb0af262e1d7e8af7,1780391843782,1780391843892,1780391843920,1780391844180,110,28,260,398
250,353,bottleneck_250_353_1780391843811_210329,success,,843c1310f2555a586443e6223ab353d510e2f50e0ddef7d944f8d20436f4bd5d,1780391843811,1780391843895,1780391843917,1780391844180,84,22,263,369
250,342,bottleneck_250_342_1780391843765_445073,success,,1e21b175195cf78fb003095227a3ecc5eec36e8911bce54b0bbd9ee75e8d5701,1780391843766,1780391843891,1780391843921,1780391844180,125,30,259,414
250,347,bottleneck_250_347_1780391843786_780852,success,,3697d35e42dc899522b7d35c4629c9ff3a2b9ecd6fcca3873c11309b29fb5b70,1780391843786,1780391843890,1780391843919,1780391844180,104,29,261,394
250,350,bottleneck_250_350_1780391843809_196764,success,,f8d6ecfdcf6dc9b2596f11217bbc471fe51457351535b900ebf5cb809ee049dd,1780391843809,1780391843896,1780391843924,1780391844180,87,28,256,371
250,343,bottleneck_250_343_1780391843770_183978,success,,3b537d76f7c354bf6f88cfb11667286cecb9a2dbdcd839c677a61a7dfcd19290,1780391843770,1780391843878,1780391843903,1780391844180,108,25,277,410
250,369,bottleneck_250_369_1780391843873_270421,success,,d079bde5cd1b4946d52fe3186d0134a671c1436f1a828742eaaf5302204a237a,1780391843873,1780391843936,1780391843947,1780391844203,63,11,256,330
250,348,bottleneck_250_348_1780391843791_493955,success,,c429d643de4c98f9a2d3035172cdbe63d3bbc400246720268f02a7722e44b9bc,1780391843791,1780391843897,1780391843926,1780391844203,106,29,277,412
250,344,bottleneck_250_344_1780391843776_156812,success,,ed5e0832f3520bc75671f5f2f1983d622a51061da6376b9219c6ab720bb845d1,1780391843776,1780391843898,1780391843923,1780391844203,122,25,280,427
250,351,bottleneck_250_351_1780391843809_424937,success,,08be26b3bbdda8130f4c63fb7dea5193f864149c9db25cf66d1787fe0b7bf3a3,1780391843809,1780391843901,1780391843926,1780391844203,92,25,277,394
250,340,bottleneck_250_340_1780391843757_290046,success,,fda0171c16b7128bdd5a01257e9bb02f47d83370a479c1ee58d5522af82a717a,1780391843757,1780391843900,1780391843927,1780391844203,143,27,276,446
250,368,bottleneck_250_368_1780391843872_150482,success,,85eae2ef2ce4024a7f7e65f970c77bfc59fb1500544f6ddd6932345d363f0394,1780391843872,1780391843931,1780391843941,1780391844203,59,10,262,331
250,362,bottleneck_250_362_1780391843849_643969,success,,ea4bc74e7c3805ecf1adb49dffb79ee82765ab6173b22a4ac248275afa283407,1780391843849,1780391843930,1780391843942,1780391844203,81,12,261,354
250,363,bottleneck_250_363_1780391843850_421377,success,,5e208b3bace71b5b8a6dd0fc7826c39528046cc636d88ae4ba0b903144a80ea7,1780391843850,1780391843932,1780391843944,1780391844203,82,12,259,353
250,359,bottleneck_250_359_1780391843834_229147,success,,5877f2f7a3e09d685b32d733b50bc88d25ff991e77ddb76e77b18ef2e871f797,1780391843834,1780391843935,1780391843945,1780391844203,101,10,258,369
250,357,bottleneck_250_357_1780391843826_304181,success,,c9c96f1516e4b5ae3289469fef09ed43bf5e6819af6449b9714df86eb211dd5d,1780391843826,1780391843941,1780391843945,1780391844203,115,4,258,377
250,360,bottleneck_250_360_1780391843840_998833,success,,7ad42d6529632e438e98f6235d9ebbcea764c712c3ed5c8a86136b961e8da0ab,1780391843840,1780391843963,1780391843969,1780391844221,123,6,252,381
250,356,bottleneck_250_356_1780391843825_306702,success,,c5f64f959c32115007452dbab5a1c1317af69c9280e24a4794abd5e9b0d28ab7,1780391843825,1780391843934,1780391843952,1780391844223,109,18,271,398
250,355,bottleneck_250_355_1780391843824_866990,success,,1673099ee230882c376a58217a978f9bb02e1ccf988e2d325fdad56a72db0b9d,1780391843824,1780391843937,1780391843953,1780391844223,113,16,270,399
250,358,bottleneck_250_358_1780391843833_637750,success,,aca55eac80b38d90e657d6e3bf2469890ba2fc7596a02f9610190167f266272d,1780391843833,1780391843937,1780391843953,1780391844223,104,16,270,390
250,372,bottleneck_250_372_1780391843886_650041,success,,fb3bd6beda35e607c175d063b93fa895a53380cf05a707b5530f362a1475dffd,1780391843886,1780391843940,1780391843951,1780391844223,54,11,272,337
250,364,bottleneck_250_364_1780391843854_705122,success,,63658d96bee59e293b14e26958d8c54c3526b80b706eecae697706442fcfb9a9,1780391843854,1780391843957,1780391843964,1780391844223,103,7,259,369
250,365,bottleneck_250_365_1780391843861_60153,success,,952355b87019e262c1218106845e0d65ea15d4914fce6a50eb1f0f9a2d7e1a6b,1780391843861,1780391843960,1780391843965,1780391844223,99,5,258,362
250,366,bottleneck_250_366_1780391843862_573135,success,,0fdfbf6993fae686c77119062c03b0c5b9ea27853d3b7ef381e0bc6d3decaad5,1780391843862,1780391843958,1780391843964,1780391844223,96,6,259,361
250,354,bottleneck_250_354_1780391843823_295626,success,,e31e95a217a641b84b1324025448422d374a4e6c1616b806fb51c1b118cf7448,1780391843823,1780391843959,1780391843967,1780391844223,136,8,256,400
250,367,bottleneck_250_367_1780391843871_396857,success,,b93f3dfd0cdd3dd9afb46e989f3a1758cb8bff76cf56e8df56f751496c0d0b26,1780391843871,1780391843961,1780391843968,1780391844223,90,7,255,352
250,381,bottleneck_250_381_1780391843922_741341,success,,a733dfcc79e0fd3df6d9a9f4e3f71010722e3a5baf9ac4a24793a58f61c37b80,1780391843922,1780391844004,1780391844023,1780391844245,82,19,222,323
250,361,bottleneck_250_361_1780391843842_230452,success,,093af9f643b0235f24b77601636cb43bb89b4051cd2e9ca225bfa16bd22fd6ba,1780391843842,1780391843961,1780391843970,1780391844245,119,9,275,403
250,370,bottleneck_250_370_1780391843885_43430,success,,0e6b2b45c44514c76d60052abb5a45b8fdef0c1d1cd559991e11274eedb56f26,1780391843885,1780391843995,1780391843999,1780391844245,110,4,246,360
250,375,bottleneck_250_375_1780391843904_285161,success,,023cf91e58658cb1f6934ac5b6eb836e57195ac13c717ad1231a148468ec4401,1780391843904,1780391843996,1780391844007,1780391844245,92,11,238,341
250,378,bottleneck_250_378_1780391843910_874013,success,,0e3ffc0a65aceb41fdd2cdacd702077ebddd7330809ce494a3b9266660e5321b,1780391843910,1780391843997,1780391844019,1780391844245,87,22,226,335
250,374,bottleneck_250_374_1780391843893_719947,success,,e1c855ea2e5c32a71bf585fc0588e854642f0008f3fd806ad8590e499b9a4ef9,1780391843893,1780391843997,1780391844017,1780391844245,104,20,228,352
250,376,bottleneck_250_376_1780391843905_821350,success,,82ddf1da7daee7b37d33671671e3c7a9844935a8d5b6b326a61825beb1eee8d7,1780391843905,1780391844000,1780391844019,1780391844245,95,19,226,340
250,377,bottleneck_250_377_1780391843906_826185,success,,2ad950e81a19dfbb37d9266c4be446d35c6cbc82c8c5fce2d92f12992c96691c,1780391843906,1780391844002,1780391844025,1780391844245,96,23,220,339
250,379,bottleneck_250_379_1780391843913_10983,success,,01296749bed5d6106dab5e4de4a974d36e94eaaa9edcb33cf0484c1f6f2bbafb,1780391843913,1780391844003,1780391844023,1780391844245,90,20,222,332
250,387,bottleneck_250_387_1780391843946_97947,success,,ce3c7de16ff8225e07e6bfedfefa8d2f9bc0a4436da102c44f20d208a1f6cb8d,1780391843946,1780391844004,1780391844024,1780391844245,58,20,221,299
250,392,bottleneck_250_392_1780391843966_218040,success,,6071d7ed11705dddb66153b0cd5be30e58a4eca674991d7f7497eed47fdba638,1780391843966,1780391844035,1780391844049,1780391844257,69,14,208,291
250,382,bottleneck_250_382_1780391843928_401247,success,,50ef57271bb2c1f6ddd4cb92ca0c7375746bc703865b3434bedfd358c9138ccf,1780391843928,1780391844011,1780391844027,1780391844257,83,16,230,329
250,371,bottleneck_250_371_1780391843885_298365,success,,26c03ce2b9f53df5dba943325e04a706cb0b9e84b614499f76a79298278f52f2,1780391843885,1780391844010,1780391844026,1780391844257,125,16,231,372
250,386,bottleneck_250_386_1780391843943_998881,success,,07cebd829c593b98200170fd142b1ced9d11d052a2d5c4a4055ad1668e0b7d4b,1780391843943,1780391844009,1780391844029,1780391844257,66,20,228,314
250,384,bottleneck_250_384_1780391843933_112691,success,,a611fae87b97ecfcbb091863e55cead0e551db11633ec54d13ebba5d7f99d357,1780391843933,1780391844015,1780391844031,1780391844257,82,16,226,324
250,383,bottleneck_250_383_1780391843929_170390,success,,367ea01707014682afe60e5e21428e6574c96ee5ea7cfd076348f473abf29929,1780391843929,1780391844016,1780391844032,1780391844257,87,16,225,328
250,373,bottleneck_250_373_1780391843893_568142,success,,eb7d76e2b6f8a63919994469dbf734ba41ca2d7552e7876e7c9c9aa49429999a,1780391843893,1780391844007,1780391844030,1780391844257,114,23,227,364
250,385,bottleneck_250_385_1780391843939_475482,success,,f641fbe869c383a43018bb73c9171081ff545656a32f49ea180ff185113dfb32,1780391843939,1780391844008,1780391844028,1780391844257,69,20,229,318
250,380,bottleneck_250_380_1780391843922_472496,success,,997c3d287854db53b8f182ea0f11e764d1656f811df1ea9c307c7aa93d16fa62,1780391843922,1780391844018,1780391844044,1780391844257,96,26,213,335
250,391,bottleneck_250_391_1780391843962_671203,success,,c69c363e5ac4ad8e774f696b72f90d40c52f7ef2c6c1477f6e2fd64fbb765af4,1780391843962,1780391844032,1780391844051,1780391844257,70,19,206,295
250,400,bottleneck_250_400_1780391843998_799033,success,,cb9df3c183f42a3a7aecf8cf47dbe76ea7da6ca4663352b67175646a7b5c80d5,1780391843998,1780391844047,1780391844066,1780391844277,49,19,211,279
250,389,bottleneck_250_389_1780391843954_693899,success,,e685a404cce192a547a586a7cf73a607482e9f2d80337c69a03d518d71f2e44a,1780391843954,1780391844035,1780391844053,1780391844277,81,18,224,323
250,395,bottleneck_250_395_1780391843979_722145,success,,29ee0c65b477732ec01a90ff2fa27ef4f582c4c75127066f91b4ad6a0e2b8235,1780391843979,1780391844034,1780391844050,1780391844277,55,16,227,298
250,390,bottleneck_250_390_1780391843957_504008,success,,d66c766f89585bb35b7187e56f3072c16da44de09e86981e22051c4038bbbbe6,1780391843957,1780391844041,1780391844057,1780391844281,84,16,224,324
250,397,bottleneck_250_397_1780391843986_43599,success,,ff354a2970681564bf261b29c47b97593a4dd5e97831e6917996571e0d966a2c,1780391843986,1780391844033,1780391844052,1780391844281,47,19,229,295
250,396,bottleneck_250_396_1780391843982_522355,success,,0318e2ca2c140dad0e8e49055afbb699b8b3ecd2f31cf979272c4f4d7ddf8fc9,1780391843982,1780391844037,1780391844051,1780391844281,55,14,230,299
250,394,bottleneck_250_394_1780391843973_533536,success,,37f7640bbe6c38508a27db4880fd61389f3a52fa906bd8fdb82a4cb530f2a0aa,1780391843973,1780391844036,1780391844055,1780391844282,63,19,227,309
250,388,bottleneck_250_388_1780391843949_970174,success,,fa01e1d1c3710d7c51916d25bdfec0735cacbe656931c41b3e284d91b3fb7bed,1780391843949,1780391844043,1780391844063,1780391844282,94,20,219,333
250,393,bottleneck_250_393_1780391843969_540877,success,,d46f1b86b43e7b8f586d6331c07c46934003be508167e8fe41a13767a46d6274,1780391843969,1780391844043,1780391844063,1780391844282,74,20,219,313
250,401,bottleneck_250_401_1780391844001_835132,success,,bc68e9e3f2bd023b1862f8d079c76ac098725f1f4c1c41a327f2853a8e2b6d6c,1780391844001,1780391844048,1780391844065,1780391844284,47,17,219,283
250,411,bottleneck_250_411_1780391844045_407437,success,,c52251dc46980ecf583abf109698d885e973bf067348c6ad18cf63f08b0920c4,1780391844045,1780391844080,1780391844085,1780391844300,35,5,215,255
250,398,bottleneck_250_398_1780391843990_93504,success,,35b41f270299b088c16d556beb059ccf117b18f1fd5ecc2595d962a011ad8287,1780391843990,1780391844048,1780391844067,1780391844300,58,19,233,310
250,404,bottleneck_250_404_1780391844014_472392,success,,55e08713bfbb3853a89c0f0cb5f71ee73b17228018557319f93f346bd425dc5c,1780391844014,1780391844057,1780391844071,1780391844301,43,14,230,287
250,399,bottleneck_250_399_1780391843994_271397,success,,bba1dd9a684cbce4f54311f1a7d571587e0a98f64fdc5d55026ad16a51eaf362,1780391843994,1780391844054,1780391844070,1780391844301,60,16,231,307
250,402,bottleneck_250_402_1780391844006_577286,success,,7765f6b92122dc951666d6eedab925fab761de57f8caa32c63e564dd637e4a76,1780391844006,1780391844056,1780391844072,1780391844301,50,16,229,295
250,403,bottleneck_250_403_1780391844011_106607,success,,ecd56e33f4a9f202fa4ef10641b3872ed3d11c52f984a1a6d9520257927a8cec,1780391844011,1780391844058,1780391844073,1780391844301,47,15,228,290
250,406,bottleneck_250_406_1780391844022_716038,success,,a1d21a3092ddcfd726c1c7870fe910e1f6e81c9b20522c39159388fea67ede4c,1780391844022,1780391844062,1780391844074,1780391844301,40,12,227,279
250,405,bottleneck_250_405_1780391844020_402832,success,,476103ec140493da459f68f366e478db9e162d53ac431c3418ab8e8369f5a7e9,1780391844020,1780391844064,1780391844076,1780391844301,44,12,225,281
250,412,bottleneck_250_412_1780391844046_764814,success,,336e4bff7bae33f57c0e7a419d22cb3d7082f1b8477f8998e92fb12b32f7deb1,1780391844046,1780391844081,1780391844086,1780391844301,35,5,215,255
250,407,bottleneck_250_407_1780391844038_319804,success,,3897f3469d15daf89a6d87248868b9f5a2ee218aac67a5f4c839afa77bc7d25b,1780391844038,1780391844079,1780391844087,1780391844301,41,8,214,263
250,417,bottleneck_250_417_1780391844068_438798,success,,8c72aa3758beaa2deaae2804d418babaabddcee6ab02e38edd555746fea25097,1780391844068,1780391844109,1780391844115,1780391844337,41,6,222,269
250,410,bottleneck_250_410_1780391844040_490372,success,,c3e48a131c9a64476fa34f4f47cba29027a945eb448ffa63d9d8a40a0f538d27,1780391844040,1780391844079,1780391844090,1780391844337,39,11,247,297
250,409,bottleneck_250_409_1780391844039_291151,success,,5bb2b12bcdb3169e1c2dce65d627361bb8e8a7686605bc93a3bc23c64b0fb333,1780391844039,1780391844082,1780391844089,1780391844337,43,7,248,298
250,408,bottleneck_250_408_1780391844039_850653,success,,0a6c1c0267dca23d53f9203e6e9367ca57634670bda5a52f8d2cc94d8f16faf8,1780391844039,1780391844078,1780391844090,1780391844337,39,12,247,298
250,418,bottleneck_250_418_1780391844069_393658,success,,f7d845c9fbfc90c612972dfb6cc1e78d4afd74ed93cae25e75359e35b6050628,1780391844069,1780391844099,1780391844103,1780391844337,30,4,234,268
250,419,bottleneck_250_419_1780391844075_916888,success,,633160405f5f03ea0374cef777d6e39cc3f62b134be296ce91af541e1cc3856e,1780391844075,1780391844100,1780391844108,1780391844337,25,8,229,262
250,414,bottleneck_250_414_1780391844060_536224,success,,fa2b44d1f4abf084682cccc93fafc3db846e4d9640029ba96f1fff780b49e825,1780391844060,1780391844101,1780391844107,1780391844337,41,6,230,277
250,415,bottleneck_250_415_1780391844060_45366,success,,f2720b63b4335c1d4126ec19143239e02f06365634db35f88cdbb3719bb8735a,1780391844060,1780391844105,1780391844112,1780391844337,45,7,225,277
250,416,bottleneck_250_416_1780391844061_414148,success,,514703ec5b4d8edfaddb55ac1ab2835362737c8652a9e9f7c99d69af178721ca,1780391844061,1780391844104,1780391844112,1780391844337,43,8,225,276
250,413,bottleneck_250_413_1780391844059_587947,success,,a1e68700125b89b12f38334eb33ac8b2c643803985bc20df4b674dba03254d34,1780391844059,1780391844106,1780391844113,1780391844337,47,7,224,278
250,428,bottleneck_250_428_1780391844110_244817,success,,239fd94394de0cab67d8c4458b25d9b749b41bee29c40a01c8838a73529227a7,1780391844110,1780391844138,1780391844146,1780391844362,28,8,216,252
250,422,bottleneck_250_422_1780391844088_6668,success,,e3b498991d316e910a0235adc2f9da65bb6ea73eee997df922e919fbc0045fba,1780391844088,1780391844120,1780391844131,1780391844362,32,11,231,274
250,426,bottleneck_250_426_1780391844102_927401,success,,6d03c26d2eb06b696893838e6a66ae5bf713ba582d109c59ebcd1ed83f00f2dc,1780391844102,1780391844123,1780391844132,1780391844363,21,9,231,261
250,424,bottleneck_250_424_1780391844095_642106,success,,14f140ac98250493269bd79fbb9b8b10b2168dd2736e0557a38f5cce5cd668c3,1780391844095,1780391844124,1780391844133,1780391844363,29,9,230,268
250,427,bottleneck_250_427_1780391844107_570872,success,,85d750afc232a246615dd19d7857690e1032dc0af5c5a5a21249a3189c97d3a0,1780391844107,1780391844125,1780391844133,1780391844363,18,8,230,256
250,423,bottleneck_250_423_1780391844091_810715,success,,7f6bd58322667647df1ad400b0d99cf5530db65d34cf74f00a161cd409d168b5,1780391844091,1780391844127,1780391844135,1780391844363,36,8,228,272
250,425,bottleneck_250_425_1780391844098_724654,success,,ab30a28cfa1e191a1af78aeea8ceda88727157a7692ba46009615af059ba244a,1780391844098,1780391844126,1780391844136,1780391844363,28,10,227,265
250,430,bottleneck_250_430_1780391844118_27938,success,,9ecc59b9569f43ab36cc1dbb2989bfaee804167f9f6623311063c8805e6d34d0,1780391844118,1780391844139,1780391844143,1780391844363,21,4,220,245
250,420,bottleneck_250_420_1780391844077_961623,success,,1e39cd51339b713d7955bc8d599c33eef3b280b3aed59ea24e787941c33175e1,1780391844077,1780391844119,1780391844128,1780391844363,42,9,235,286
250,421,bottleneck_250_421_1780391844083_495134,success,,5139491dd1fa826f053743fd8944c75976f75e5fd33e2f11f9c46ccbefb1e7b5,1780391844083,1780391844117,1780391844128,1780391844363,34,11,235,280
250,438,bottleneck_250_438_1780391844150_548113,success,,8d7ce48f6ea83b62b75305804c189edfeda5b940b7ba1b74616e8fd9fb4b8b81,1780391844150,1780391844184,1780391844191,1780391844379,34,7,188,229
250,429,bottleneck_250_429_1780391844114_277574,success,,a87fbece4308f21112c29e6115f52e4e76fb771d4a5cf48ff73c5982d4b8489c,1780391844114,1780391844139,1780391844146,1780391844379,25,7,233,265
250,431,bottleneck_250_431_1780391844121_157931,success,,71184497d6d0b2302349d9485ba297f52a0f5b9c9838b92901c28f56d97ee4fc,1780391844121,1780391844137,1780391844148,1780391844379,16,11,231,258
250,432,bottleneck_250_432_1780391844129_121140,success,,2d8928b4818f160f64f912e0c763f78d77699552f80862d646036ac92202a6e6,1780391844129,1780391844144,1780391844151,1780391844379,15,7,228,250
250,433,bottleneck_250_433_1780391844130_122131,success,,91c2a4eca48488db1f5b20fce61b3e886445d2d737a6354587f627786764acce,1780391844130,1780391844149,1780391844153,1780391844379,19,4,226,249
250,436,bottleneck_250_436_1780391844141_78090,success,,77b112347156b31469a8531357c13dc126af668b22a596902fdf0e1c449d19ba,1780391844141,1780391844161,1780391844169,1780391844379,20,8,210,238
250,435,bottleneck_250_435_1780391844140_775776,success,,86efe41b2a69346d11fdf3261ac80ed627a02b0f0090a21437c5246971eeba00,1780391844140,1780391844163,1780391844167,1780391844379,23,4,212,239
250,434,bottleneck_250_434_1780391844134_483642,success,,8eda9c2c0c70d02e362329ccab64bc08f7a29b2b1f49374e6cbae0ae6ddbd237,1780391844134,1780391844163,1780391844167,1780391844379,29,4,212,245
250,437,bottleneck_250_437_1780391844145_805159,success,,ffb824991f8d76a7a27a09da29eb05f803cc4bbe4042732c5a5b3fc8b5350163,1780391844145,1780391844162,1780391844168,1780391844379,17,6,211,234
250,439,bottleneck_250_439_1780391844154_905873,success,,d7f4f45fded0f901a1985ac6abfa62eb88a80e06ada60634cb0114634f8868f7,1780391844154,1780391844186,1780391844189,1780391844379,32,3,190,225
250,449,bottleneck_250_449_1780391844194_914803,success,,50f9d25b2072f055b2d5f3b231f3725f307728a73f2a17344b1e6917c98997c3,1780391844194,1780391844219,1780391844232,1780391844394,25,13,162,200
250,440,bottleneck_250_440_1780391844157_56754,success,,978853c462d9780263d97dc53bb1c3cf2e2e8ded38a8b9ad4a411689f8c1e9e2,1780391844157,1780391844187,1780391844192,1780391844394,30,5,202,237
250,444,bottleneck_250_444_1780391844173_470850,success,,d4131fe468244f35f3a3081470e0b1f65b7db2bbc8369f7a1d9641f16bb1a982,1780391844173,1780391844193,1780391844199,1780391844395,20,6,196,222
250,443,bottleneck_250_443_1780391844170_679210,success,,d827b1b169ca84d869c554aaeae74226767342cc3274f5e7c6dbe65559076a6f,1780391844170,1780391844196,1780391844200,1780391844395,26,4,195,225
250,445,bottleneck_250_445_1780391844178_767650,success,,be7a39368d99cef98888ea4f337040fc96b0d400e2c34cd6609b5c8a7e097dc4,1780391844178,1780391844197,1780391844201,1780391844395,19,4,194,217
250,441,bottleneck_250_441_1780391844164_905382,success,,23b64c68a1812cd9ee0d6bcacf45fc8bfa127bc55fca837b07e6bd4e3434ece9,1780391844164,1780391844195,1780391844200,1780391844395,31,5,195,231
250,442,bottleneck_250_442_1780391844165_754937,success,,eebdcc094d111c46d08e21eaf52b79004745bdc29cdc3728bd2f7fc3ac76b821,1780391844165,1780391844197,1780391844203,1780391844395,32,6,192,230
250,446,bottleneck_250_446_1780391844182_691247,success,,23f6aed48707e809328367e039a5b55cb2b44ac9ae46d89aaddf37ff05cfac55,1780391844182,1780391844216,1780391844226,1780391844395,34,10,169,213
250,448,bottleneck_250_448_1780391844190_55977,success,,7fc82c7b88037d295345ed9560bd90f5b80d1ae45c8033f507be54b7004df32e,1780391844190,1780391844217,1780391844224,1780391844396,27,7,172,206
250,450,bottleneck_250_450_1780391844198_981802,success,,a6559f648181752cbf6458fbebf6d3c583c33bfe801e51bd16cfd13605dff3f8,1780391844198,1780391844219,1780391844229,1780391844396,21,10,167,198
250,457,bottleneck_250_457_1780391844225_466984,success,,4ec0aff1d903d32e3181d53d0a6a3b7c049ee0ac198dfd1ad0bff23b5c3a1773,1780391844225,1780391844275,1780391844286,1780391844428,50,11,142,203
250,447,bottleneck_250_447_1780391844185_481346,success,,5717e5f2e135dcedfd6d660b7853ff21ba6c1e48f5982e5831e0651caf377124,1780391844185,1780391844220,1780391844233,1780391844428,35,13,195,243
250,453,bottleneck_250_453_1780391844211_934717,success,,a7c7b7b3d1e10d6c79dcfb99d93a50a8341721ed52041a9a9893e1e59d1ce3d7,1780391844211,1780391844236,1780391844239,1780391844428,25,3,189,217
250,454,bottleneck_250_454_1780391844215_742279,success,,94e44d9bce0e50f4105381eb9938708f9cd1f888f75b62d94cd4388218d0456b,1780391844215,1780391844261,1780391844276,1780391844428,46,15,152,213
250,455,bottleneck_250_455_1780391844218_59864,success,,ef20ef287298ab38e4b81eb1ffff7dae7ab58df680e2789b280e36d8c60a6a89,1780391844218,1780391844262,1780391844277,1780391844428,44,15,151,210
250,456,bottleneck_250_456_1780391844221_704776,success,,6ed32695865df29bb6825733e6ca97398d846f7239e86bba2aac89f59f8d0220,1780391844221,1780391844267,1780391844283,1780391844428,46,16,145,207
250,458,bottleneck_250_458_1780391844230_761108,success,,72bbf89b0e8791d7de417e6d875e962d7daa9c32420b7ae67cc4737fa72dcba1,1780391844230,1780391844264,1780391844282,1780391844428,34,18,146,198
250,452,bottleneck_250_452_1780391844205_659472,success,,27784958114189748d500d6106be7b262cb8626acc75552fb9b4450c883b6cad,1780391844205,1780391844266,1780391844284,1780391844428,61,18,144,223
250,460,bottleneck_250_460_1780391844237_390472,success,,ebf4e0bcf7750dbaea8bd59d10276c58b77c30e4d0390b8a6f21599b168d1f6d,1780391844237,1780391844268,1780391844284,1780391844428,31,16,144,191
250,451,bottleneck_250_451_1780391844202_142876,success,,6387f0d5fe182190daf8dc33127a8249779f1cc211c3f8ef8a83f9d1f01dbdab,1780391844202,1780391844267,1780391844285,1780391844428,65,18,143,226
250,472,bottleneck_250_472_1780391844290_275156,success,,4ff01fe7a6757a7d18f7594a08bdfb2e6b51531572c32d5d8f16cbf5a08678e1,1780391844290,1780391844328,1780391844340,1780391844459,38,12,119,169
250,461,bottleneck_250_461_1780391844241_717485,success,,8f112c5f95aa3ea9d0c710da5b97297bb2764b4b1bc92a5a7bdc2a788137f35d,1780391844241,1780391844265,1780391844287,1780391844459,24,22,172,218
250,459,bottleneck_250_459_1780391844233_938925,success,,7b9b62fd9a9e5c77218b06bd05c3c01520d7a64da73e674a7ddd974e1ed3f7f7,1780391844233,1780391844274,1780391844286,1780391844459,41,12,173,226
250,464,bottleneck_250_464_1780391844253_709724,success,,4ac4b7c30e03bb7996f0df556a5f678dcff71bef14d8dfbc8db57c32ec621499,1780391844253,1780391844279,1780391844295,1780391844459,26,16,164,206
250,462,bottleneck_250_462_1780391844246_430372,success,,f2f9aa65398ec35e1ab40fc128b40908d118dd9ec2f4efa0a4a4b65ffd9b7f96,1780391844246,1780391844281,1780391844292,1780391844459,35,11,167,213
250,463,bottleneck_250_463_1780391844249_439161,success,,2234aa3036cc2fa6160f3cf87f5a048a34db5c01b449fafdb24e829cc8e8c4fe,1780391844249,1780391844280,1780391844297,1780391844459,31,17,162,210
250,468,bottleneck_250_468_1780391844270_861850,success,,b996e6f5902591049710f0e85828d1aff043faede3054b94df5cf79458d06e71,1780391844270,1780391844293,1780391844301,1780391844459,23,8,158,189
250,466,bottleneck_250_466_1780391844263_934723,success,,e81f270ccb4bf3ee58996f7209fe269307a5afda85c92c74f6abf91d7267c91e,1780391844263,1780391844296,1780391844302,1780391844459,33,6,157,196
250,465,bottleneck_250_465_1780391844257_787608,success,,6ee2b8eee21b139b0e41b155852036e2f0554f1e86568062bee0f38a6dde963a,1780391844257,1780391844296,1780391844303,1780391844459,39,7,156,202
250,467,bottleneck_250_467_1780391844269_574343,success,,7cdfdf985646d889aa3530d0e6939bb956c034758da106fb4b3fd20218b506a9,1780391844269,1780391844327,1780391844337,1780391844459,58,10,122,190
250,480,bottleneck_250_480_1780391844317_856785,success,,ed23912c37fdb501e37f8648f11498fa2bcddd0cae0a344a74ba7da473b0b767,1780391844317,1780391844358,1780391844365,1780391844508,41,7,143,191
250,473,bottleneck_250_473_1780391844290_990328,success,,e59d477b209047e9787d56fe2b2aadfeebb850ba775de4aa38f642f4f64fd906,1780391844290,1780391844330,1780391844347,1780391844515,40,17,168,225
250,471,bottleneck_250_471_1780391844289_866607,success,,5566098c24b71b803645b188e0c27055db5fe66fccaca087c40f75393019f53e,1780391844289,1780391844331,1780391844346,1780391844515,42,15,169,226
250,469,bottleneck_250_469_1780391844277_942141,success,,392ebdb34fedefd1ea952a2890fd059c8524950f1fa6ab087a1fcfb6898efea1,1780391844277,1780391844332,1780391844348,1780391844515,55,16,167,238
250,476,bottleneck_250_476_1780391844301_250664,success,,ed27af5335fd5b1b6fd3fb5806ec8aaffb925a690869db353392a3fed2629d93,1780391844301,1780391844332,1780391844349,1780391844515,31,17,166,214
250,470,bottleneck_250_470_1780391844278_712894,success,,e9b33fa35b05586775146a1db8d92a574ec6ba3cc07e79f87bd564a4c6178ae9,1780391844278,1780391844334,1780391844349,1780391844515,56,15,166,237
250,475,bottleneck_250_475_1780391844299_751878,success,,d2fdf8159e9b9a77008ca4db34cbc2d4dcca369373319cd75131d0e22e07dcd2,1780391844299,1780391844335,1780391844351,1780391844515,36,16,164,216
250,474,bottleneck_250_474_1780391844299_675763,success,,ee3733156e4dc3286ab2ec6ae0224e9699ee56f6cc5ea2da03bc36fe54a1ac74,1780391844299,1780391844336,1780391844350,1780391844515,37,14,165,216
250,481,bottleneck_250_481_1780391844321_726461,success,,af4da0bf5022a364bc92bd98e4b662d336fe39d56eba78e8675a821b95358d93,1780391844321,1780391844354,1780391844363,1780391844515,33,9,152,194
250,478,bottleneck_250_478_1780391844310_670860,success,,0b4fe61eb49ab2f8881a3f25564fda5c8fc58a15191659069fded6265e71ec6b,1780391844310,1780391844354,1780391844363,1780391844515,44,9,152,205
250,489,bottleneck_250_489_1780391844360_158523,success,,ce7670e2b3459f9150f371a067c627c023cf8db1d8fc5ef00f1b7a1d37ce6e35,1780391844360,1780391844403,1780391844410,1780391844583,43,7,173,223
250,479,bottleneck_250_479_1780391844313_815207,success,,23e328bc21f97ad092fb7029387bb736ed5eb3f53927c62a2e0eae26502c30ae,1780391844313,1780391844356,1780391844368,1780391844586,43,12,218,273
250,482,bottleneck_250_482_1780391844325_645183,success,,00a49adab9cdd41c3a182d3a726e9e564711b432bc206d809bfbf39dad18bc55,1780391844325,1780391844352,1780391844367,1780391844586,27,15,219,261
250,477,bottleneck_250_477_1780391844307_697203,success,,62c248c16c9c5927161d8f57313e26d83cb352a3bffc526bc0ee32ea1b2b4769,1780391844307,1780391844353,1780391844369,1780391844586,46,16,217,279
250,483,bottleneck_250_483_1780391844329_702244,success,,a3902894004f62f372405041210beecb7a03ab8c1459649d166f08256981f854,1780391844329,1780391844359,1780391844366,1780391844586,30,7,220,257
250,484,bottleneck_250_484_1780391844334_5297,success,,1ea506b657be18c6cd88957cb2cf1b654d17fd3ccb3b23686f6b913561e3d7c7,1780391844334,1780391844359,1780391844369,1780391844586,25,10,217,252
250,487,bottleneck_250_487_1780391844345_48981,success,,633a7e9dceef9ae6994a1b84ffec2b43af3ce16333ad091a7ed1961bdf1d4374,1780391844345,1780391844374,1780391844381,1780391844586,29,7,205,241
250,485,bottleneck_250_485_1780391844339_590240,success,,d8a831dc3b8ea873744266d0f5925af26fa3061de79b770fc184a967cc4a07d8,1780391844339,1780391844373,1780391844382,1780391844586,34,9,204,247
250,486,bottleneck_250_486_1780391844342_658810,success,,e51a0c5d44a1bf0ced587af200f000facb1824a29b8eac19d1377052468ffee9,1780391844342,1780391844375,1780391844383,1780391844586,33,8,203,244
250,488,bottleneck_250_488_1780391844351_188358,success,,1755bea2d1b3419ed180d866bd5b2762d8fa34d2fbc150c8af5afd9f885d06f1,1780391844351,1780391844372,1780391844380,1780391844586,21,8,206,235
250,496,bottleneck_250_496_1780391844382_547399,success,,862a7a9dd690ef62bb7635f6005053b147598bf00df8769be3c593dd52ca673a,1780391844382,1780391844418,1780391844433,1780391844617,36,15,184,235
250,493,bottleneck_250_493_1780391844370_705337,success,,1ca8fca016462342742109ddef2bbcc7715d0660047da6692af4436c855c632f,1780391844370,1780391844404,1780391844411,1780391844617,34,7,206,247
250,494,bottleneck_250_494_1780391844375_807399,success,,b965422dd000b8eddfc082b78f417c4824c2c0bc832496df933bdf8a1b6c134d,1780391844375,1780391844406,1780391844412,1780391844617,31,6,205,242
250,491,bottleneck_250_491_1780391844362_857634,success,,ab6514db4406e894c92bcabd4d8848ff9d8842b338e244dbc10ca9e03114709e,1780391844362,1780391844407,1780391844416,1780391844617,45,9,201,255
250,492,bottleneck_250_492_1780391844365_234933,success,,fb226e5fd548182506c4893dc7c262968a8a037f0bf5c2f54a8b0066e2afd469,1780391844365,1780391844409,1780391844417,1780391844617,44,8,200,252
250,495,bottleneck_250_495_1780391844377_259073,success,,01557467e94cfcabe948b0383c55dcbc4f4dad764d741091ca4fbf85e24ba3a6,1780391844377,1780391844408,1780391844416,1780391844617,31,8,201,240
250,490,bottleneck_250_490_1780391844361_272962,success,,5beb7d9b8079690fb184d6d6278ea4067831afabb4618690800599ae2814df50,1780391844361,1780391844410,1780391844428,1780391844617,49,18,189,256
250,497,bottleneck_250_497_1780391844385_300881,success,,679953777c27fd97eeda3caf0d5dae2376d8ff8bb2131b27318bcb695d077e48,1780391844385,1780391844420,1780391844431,1780391844617,35,11,186,232
250,500,bottleneck_250_500_1780391844398_716568,success,,18b4b9e064d191800f0a77fd003ed444f6b3fa501756fc77f0fe0ebd4cfc77d4,1780391844398,1780391844419,1780391844430,1780391844617,21,11,187,219
250,499,bottleneck_250_499_1780391844393_494728,success,,491da099060fbe88b70354cd0a12ca953b172c47f65ff26b7fc5e17ff708de42,1780391844393,1780391844420,1780391844432,1780391844617,27,12,185,224
250,511,bottleneck_250_511_1780391844441_459020,success,,ea29831f08c57c1c7ab54a2cdc66dacb76ac528aac107366fdf14d9144967b1d,1780391844441,1780391844529,1780391844541,1780391844670,88,12,129,229
250,498,bottleneck_250_498_1780391844390_525224,success,,80599ae0b12c313df065dd57f76f321b4f46231af27672170d99b747ef0512ff,1780391844390,1780391844427,1780391844436,1780391844671,37,9,235,281
250,502,bottleneck_250_502_1780391844407_542192,success,,f3de3a3197e22713ce9ef8ba9b09bfb8c5d50b6e153da932ad4a5d603b004a13,1780391844407,1780391844449,1780391844456,1780391844671,42,7,215,264
250,503,bottleneck_250_503_1780391844413_743689,success,,a0be1d61d072f2d6e32c37fe65dab2d7fb292be417364d636b6b76b9ad121864,1780391844413,1780391844450,1780391844465,1780391844675,37,15,210,262
250,504,bottleneck_250_504_1780391844414_347485,success,,c869c435c0f93a585e78b23824a17ee466c21fc6d18d7506d6b8572be78430aa,1780391844414,1780391844451,1780391844467,1780391844675,37,16,208,261
250,506,bottleneck_250_506_1780391844423_856242,success,,d463d42bad2c3b37bcf353cd369d12dc6bd985808addd36ba25cd8f5d58ec479,1780391844423,1780391844452,1780391844471,1780391844675,29,19,204,252
250,501,bottleneck_250_501_1780391844402_477395,success,,9784d5fb80b8897940cb62ccce883067b866dd995ed3c394512a4b3be3b398dc,1780391844402,1780391844468,1780391844477,1780391844676,66,9,199,274
250,507,bottleneck_250_507_1780391844425_588991,success,,54ad347d7f5a39bcb3a074b76efaf722509c5a9b3313ac8cd4fdb6893ab1d68c,1780391844425,1780391844472,1780391844491,1780391844676,47,19,185,251
250,505,bottleneck_250_505_1780391844422_315997,success,,d94007f3e2ebbda573554733346f743b20d1c8232fbc43b7d8d7b4f3c3795554,1780391844422,1780391844469,1780391844489,1780391844678,47,20,189,256
250,515,bottleneck_250_515_1780391844457_451979,success,,a6cfe9d11ab3837c9315ec171993844662cc26b133109cba15b1e112157ebbf8,1780391844457,1780391844528,1780391844541,1780391844678,71,13,137,221
250,519,bottleneck_250_519_1780391844475_241669,success,,287d2a67f74e858d53fb69ab8e5d4a94f3d4dd4043849970f1b895101f226ade,1780391844475,1780391844554,1780391844582,1780391844712,79,28,130,237
250,509,bottleneck_250_509_1780391844435_269472,success,,167bd6a9f346de12906fdabe76b2671903d13e923cc2abf8b3c88c5e866e98ac,1780391844435,1780391844532,1780391844542,1780391844712,97,10,170,277
250,512,bottleneck_250_512_1780391844445_129244,success,,fcedc7d414e2644fb58cc88b316c392d4582f3393b5cd39e87686a3522c41935,1780391844445,1780391844530,1780391844542,1780391844713,85,12,171,268
250,510,bottleneck_250_510_1780391844437_199148,success,,c164c8275bd8c7cd4a116cc6db1ef2ff71836cd7af5f812c512c90eaf1e8c744,1780391844437,1780391844533,1780391844545,1780391844713,96,12,168,276
250,517,bottleneck_250_517_1780391844466_520722,success,,835bd3cf258d9b5f0233979a0be1e6b8a924acca4c45e22c7aa9044197747ad4,1780391844466,1780391844537,1780391844548,1780391844713,71,11,165,247
250,513,bottleneck_250_513_1780391844449_147100,success,,8e474d886f8519f1307033b98186f8a3a2d875117b568ab1935d451bca1207d4,1780391844449,1780391844540,1780391844549,1780391844713,91,9,164,264
250,516,bottleneck_250_516_1780391844461_210044,success,,06189333721c4024f63ef3676690a8d36af2d5e073509ac7e14a31aa67ed3ebd,1780391844461,1780391844536,1780391844550,1780391844713,75,14,163,252
250,514,bottleneck_250_514_1780391844453_815142,success,,aee93a2028d042b677a133d58fea84aaede1eb7045f828a6890b5d925330ef96,1780391844453,1780391844539,1780391844551,1780391844713,86,12,162,260
250,508,bottleneck_250_508_1780391844429_937477,success,,b04d6cc27e05ae62f77b8350173b3db26b495ebbd5f98d218777fe90f040632d,1780391844429,1780391844537,1780391844548,1780391844713,108,11,165,284
250,526,bottleneck_250_526_1780391844501_80796,success,,dd71b810ca852e5fc3ac2498465531eb6dd8bfd80a1cd654f87111a314e789f6,1780391844501,1780391844552,1780391844580,1780391844713,51,28,133,212
250,525,bottleneck_250_525_1780391844497_525198,success,,94db7d5d3d8e84b35b455610aa3d94fa52253f9478fa99c5311fa8ea76aa327c,1780391844497,1780391844564,1780391844593,1780391844751,67,29,158,254
250,524,bottleneck_250_524_1780391844493_402624,success,,202795ff6f4d686b0b8b5e3812a33e42d50a45488f3f5346879016cc71880e6b,1780391844493,1780391844559,1780391844583,1780391844752,66,24,169,259
250,518,bottleneck_250_518_1780391844473_542206,success,,cc5b9fa1be6abbaf8a687478fb0583db4d7987e0a96ab59b326ce7a134088123,1780391844473,1780391844559,1780391844585,1780391844752,86,26,167,279
250,528,bottleneck_250_528_1780391844511_62218,success,,1f639e7da2ac98e65f956e8bca8dcf334d825407ed7eb97d797ad11420b9c10f,1780391844511,1780391844558,1780391844586,1780391844752,47,28,166,241
250,520,bottleneck_250_520_1780391844479_568695,success,,36bfbc79499ec0d64c00b98ea7cdbc10e4d36d936accb71889386786ea60c622,1780391844479,1780391844563,1780391844592,1780391844752,84,29,160,273
250,529,bottleneck_250_529_1780391844514_467774,success,,994e723ecf542632105985d90d4d24b7671d49e049be7796b10574683b95af2a,1780391844514,1780391844566,1780391844592,1780391844752,52,26,160,238
250,522,bottleneck_250_522_1780391844486_824263,success,,1220b2730e64e34097f3271835f0769d1cb06761fd0f4bc12532da11bc2a489b,1780391844486,1780391844567,1780391844590,1780391844752,81,23,162,266
250,530,bottleneck_250_530_1780391844518_250726,success,,b981ffb01b8d52c92768a36e1dc57c83b4ba4b8db4a039abc7ab0c41bc6a6422,1780391844518,1780391844564,1780391844591,1780391844752,46,27,161,234
250,527,bottleneck_250_527_1780391844505_197966,success,,271bfba84209337d91841398597243f26f90d0d89debf7f86b74f1a22c01a91c,1780391844505,1780391844555,1780391844582,1780391844752,50,27,170,247
250,523,bottleneck_250_523_1780391844492_76663,success,,f104817d99c7556d1e56d9bc0ac5873cdb2241ea14eb00fcf91785007e37f9c6,1780391844492,1780391844557,1780391844584,1780391844752,65,27,168,260
250,543,bottleneck_250_543_1780391844569_446155,success,,522f823bb9346cd861d9e1a2c5b1af35eaaff377e2b1da72834fd9d3d5cfab0b,1780391844569,1780391844644,1780391844670,1780391844794,75,26,124,225
250,532,bottleneck_250_532_1780391844526_390464,success,,1ec03d049912487a6acff6515171c71731ed63837fd08699c546638bb039aa2a,1780391844526,1780391844637,1780391844667,1780391844794,111,30,127,268
250,531,bottleneck_250_531_1780391844522_270332,success,,5e71fdb4f4e63e15fcc22832e66fdc208915ec401099677db68015fdfc3dad04,1780391844522,1780391844597,1780391844601,1780391844794,75,4,193,272
250,554,bottleneck_250_554_1780391844613_315448,success,,7b780a0cf696e9c6d7decf0320d298e68ce31fe1e85b2f6160bfe5389ea8ae52,1780391844613,1780391844647,1780391844669,1780391844794,34,22,125,181
250,533,bottleneck_250_533_1780391844533_563973,success,,8592959ebc7ef69db8dd6d598a703bb2891b18c5d5a38b07aa34760f00f55946,1780391844533,1780391844647,1780391844669,1780391844794,114,22,125,261
250,541,bottleneck_250_541_1780391844562_60578,success,,44906b9a8f78e32b9877165e8c973e56635c572ec5c17ca6e0e468ea7f84158a,1780391844562,1780391844645,1780391844668,1780391844794,83,23,126,232
250,534,bottleneck_250_534_1780391844534_89951,success,,8eb21800b8baf5ae2fa0ec9364c84859f425be31ed8cb04f160431da6d38b9ff,1780391844534,1780391844642,1780391844681,1780391844794,108,39,113,260
250,548,bottleneck_250_548_1780391844595_42838,success,,c2c853aa619800159ca8c96a28fdb00b345ae9302139e207d7b8e9711a3b14fb,1780391844595,1780391844646,1780391844680,1780391844794,51,34,114,199
250,538,bottleneck_250_538_1780391844551_39065,success,,fe2d5990378e71732d2d332249a64d06884d0c835362996b178a5efff9915d95,1780391844551,1780391844643,1780391844683,1780391844794,92,40,111,243
250,521,bottleneck_250_521_1780391844481_953835,success,,7f3a6d7b6a0ea849152e5ca0dfd0cce350e81a2494e51dff74592063274f9277,1780391844481,1780391844579,1780391844594,1780391844795,98,15,201,314
250,540,bottleneck_250_540_1780391844560_780372,success,,b0d0ab04f3a9f1f2447710999e2772b8ebe800fe12ae4f20977f2ab9e6c70951,1780391844560,1780391844656,1780391844691,1780391844821,96,35,130,261
250,549,bottleneck_250_549_1780391844596_508359,success,,b035ce71a72e9d9d14faa7c02e3c78ef8a2492bf136f86f3635fc2438e72315c,1780391844596,1780391844662,1780391844691,1780391844826,66,29,135,230
250,539,bottleneck_250_539_1780391844553_940529,success,,0a70d9bf89b8a42dd7f667a6b0a735ba1d64e13565ebe4708bb75c036b0c1b36,1780391844553,1780391844658,1780391844676,1780391844826,105,18,150,273
250,544,bottleneck_250_544_1780391844574_31583,success,,d56cf6bbbddda83dd083773b61a20a965d0357771495a3937bf0f320257bdc28,1780391844574,1780391844653,1780391844678,1780391844826,79,25,148,252
250,550,bottleneck_250_550_1780391844598_4564,success,,570724a6da788cf418b84977a20981bcb265bdc1add39225fa923ae4931fb772,1780391844598,1780391844660,1780391844692,1780391844826,62,32,134,228
250,536,bottleneck_250_536_1780391844544_199113,success,,4124d1fad8f6dab55d96612c11750107785b4419221492c513673eabcac6b223,1780391844544,1780391844664,1780391844693,1780391844826,120,29,133,282
250,535,bottleneck_250_535_1780391844543_898504,success,,ad2c7640722e0f424bec263e5626a879b6f7b798c977cea7f8ec06d777d5fc01,1780391844543,1780391844652,1780391844679,1780391844826,109,27,147,283
250,542,bottleneck_250_542_1780391844568_760011,success,,15dc5e255c0d8e3f4e0e4ba29ec767b6a02cf9f5bcf23b48ad167cd0235daf01,1780391844568,1780391844651,1780391844675,1780391844826,83,24,151,258
250,545,bottleneck_250_545_1780391844577_315263,success,,32fae12d520dad3f8e80ee9ba2d2f11d28a8b472d3cbea3d246caf0cd1eb92e3,1780391844578,1780391844654,1780391844684,1780391844826,76,30,142,248
250,537,bottleneck_250_537_1780391844546_522919,success,,9d401a531582fda3cf35cba78e19129337c2d6c9f649ed8d76b7e174b955c519,1780391844546,1780391844661,1780391844686,1780391844826,115,25,140,280
250,564,bottleneck_250_564_1780391844656_140239,success,,14be9fa38b2c6ecda75f70ea52c39925e01cdb50ff6b9f7220ecc033c0901207,1780391844656,1780391844742,1780391844772,1780391844837,86,30,65,181
250,547,bottleneck_250_547_1780391844587_17200,success,,11f47734f6866d999c2022e95d805d8a7c5001d1acb4ff2f37bae1a9b687d197,1780391844587,1780391844666,1780391844701,1780391844837,79,35,136,250
250,546,bottleneck_250_546_1780391844587_631648,success,,51ae2689506ebb321aae18351d73f14630f858e13e4bc8581f7ad03bb7e48e6a,1780391844587,1780391844688,1780391844704,1780391844837,101,16,133,250
250,555,bottleneck_250_555_1780391844617_963971,success,,583932051406e03253f5c759cade4f56f328ab90ef84d0ed0a70fe4cf26dc747,1780391844617,1780391844690,1780391844706,1780391844837,73,16,131,220
250,553,bottleneck_250_553_1780391844609_803939,success,,2ab04854fc224bf7e1f60cf262d88a9eb0d98e944bf4ab9d25dc4f1ba8e78a37,1780391844609,1780391844699,1780391844708,1780391844837,90,9,129,228
250,551,bottleneck_250_551_1780391844602_970873,success,,ad80ef676a2eed0d60548c0f732e7d8c73f9e3dea25a3204deee0250e8ccf839,1780391844602,1780391844700,1780391844729,1780391844837,98,29,108,235
250,552,bottleneck_250_552_1780391844605_360023,success,,0964b7fa0b8fb1180ee299aca38a065d0733a810a8c62d6f2a8b1c8a99cb3547,1780391844605,1780391844702,1780391844728,1780391844837,97,26,109,232
250,566,bottleneck_250_566_1780391844662_738403,success,,0c3df494742870cd1e74fc26fbdb8c845fdf1954168cf8ae380c3d4b45243dcf,1780391844662,1780391844733,1780391844751,1780391844837,71,18,86,175
250,557,bottleneck_250_557_1780391844625_478511,success,,1eaff3c9999fb1f85403bbc218024b6f47e51b5720d8cd3f289acc666158b8b3,1780391844626,1780391844734,1780391844752,1780391844837,108,18,85,211
250,563,bottleneck_250_563_1780391844649_72636,success,,59997b835c2eea33d4d6a8184b61620c02f8125f996cb2b7239d3f2a369ba110,1780391844649,1780391844737,1780391844770,1780391844837,88,33,67,188
250,576,bottleneck_250_576_1780391844703_846265,success,,7d7e9f641df836ae30d936ba0bca14a1930586fdd86db01ed951c14b9b2f7f23,1780391844703,1780391844760,1780391844782,1780391844874,57,22,92,171
250,562,bottleneck_250_562_1780391844648_972617,success,,8616a92c0d7e7faca392cdb8c463b303f0c2f61d692e44801694752ef419aa62,1780391844648,1780391844740,1780391844773,1780391844874,92,33,101,226
250,561,bottleneck_250_561_1780391844641_595233,success,,a0b1e9566bacadfbc0fb77f9bfc9ed2fe5fcbb39db238142f3d1148861305a13,1780391844641,1780391844743,1780391844774,1780391844874,102,31,100,233
250,559,bottleneck_250_559_1780391844634_954811,success,,c03e02785febfb77b39a3a847f30071c2466324c6c94dfd8b184bcdcfe1c4cc0,1780391844634,1780391844738,1780391844775,1780391844874,104,37,99,240
250,556,bottleneck_250_556_1780391844622_284859,success,,986d651bce4a619bcc366502fdc237ab85aeca60137d68dea847181c2d5c2817,1780391844622,1780391844741,1780391844776,1780391844874,119,35,98,252
250,558,bottleneck_250_558_1780391844630_366068,success,,25ded541d1b4ab2b86935ced47fb38e72164c049dad613568a2bb27e13dd0505,1780391844630,1780391844749,1780391844778,1780391844874,119,29,96,244
250,565,bottleneck_250_565_1780391844657_202511,success,,f0f598741559819568418502cfdc716f3492f223e19067bacd24a5cc41a9f4c5,1780391844657,1780391844750,1780391844780,1780391844874,93,30,94,217
250,560,bottleneck_250_560_1780391844639_302444,success,,67db3952da6e2f4da25d406b03bb55c56b8ff5bd112db30b4af1dfe69eb6f71a,1780391844639,1780391844748,1780391844779,1780391844874,109,31,95,235
250,567,bottleneck_250_567_1780391844671_941695,success,,6d7c30859485b9950c6d932ccd606dbb75c8bd29c5db9e154417f1322e2e698c,1780391844671,1780391844753,1780391844782,1780391844874,82,29,92,203
250,572,bottleneck_250_572_1780391844695_583749,success,,dee06f5f785566537be03efbc473bc85fea6ee322b30353cdfbfbc644aece919,1780391844695,1780391844753,1780391844783,1780391844874,58,30,91,179
250,579,bottleneck_250_579_1780391844714_471937,success,,8f37dbd095b57956e9714b60ac994227ac56224f9c72dad08d7faca4d815ac31,1780391844714,1780391844797,1780391844809,1780391844909,83,12,100,195
250,571,bottleneck_250_571_1780391844695_780914,success,,2481d7ec6463d8b24be2169f1efd07e868d7effd51c6754359da3b4d2863a858,1780391844695,1780391844759,1780391844790,1780391844909,64,31,119,214
250,574,bottleneck_250_574_1780391844697_309511,success,,506b68dcee650d4c2e83fe11a51e2de53462e3e7e5bb58eca29ef88403d72338,1780391844697,1780391844763,1780391844792,1780391844909,66,29,117,212
250,575,bottleneck_250_575_1780391844698_785840,success,,116bfd72e5e832588484c9af5541ff8c85fad2e398eff92db2052e6f3c62f42c,1780391844698,1780391844761,1780391844791,1780391844909,63,30,118,211
250,568,bottleneck_250_568_1780391844672_75310,success,,c341fcbac1978ea8cf5bc4c4b570493091ff34e790fa802f0480d4b24ff906e4,1780391844672,1780391844764,1780391844794,1780391844909,92,30,115,237
250,573,bottleneck_250_573_1780391844696_489766,success,,b2537d99a9975920a8601c4e260e07b23cf872225e6422676bbc11332f3b90c6,1780391844696,1780391844768,1780391844793,1780391844909,72,25,116,213
250,570,bottleneck_250_570_1780391844694_35356,success,,80a35d1b6ef2c08d4a6caef047d791b91faed9cf1a50fecacd9a810077df9c83,1780391844694,1780391844777,1780391844805,1780391844909,83,28,104,215
250,569,bottleneck_250_569_1780391844673_84604,success,,e3dd39a425f151d9d1785f7fef512ae4230a9c4a182b3cbaf256ba284180e10d,1780391844673,1780391844776,1780391844804,1780391844909,103,28,105,236
250,577,bottleneck_250_577_1780391844707_377886,success,,87db3b766fc6863107d5dff666e6aabdfdb33458d93f4da5f90b5c4f9d6699c0,1780391844707,1780391844802,1780391844807,1780391844909,95,5,102,202
250,580,bottleneck_250_580_1780391844717_243577,success,,6772437341814c23deda5811afb7238129294466e263117f4df6459ab94c528d,1780391844717,1780391844796,1780391844808,1780391844909,79,12,101,192
250,591,bottleneck_250_591_1780391844765_705586,success,,9b252ea7b796c3d6063300c23f9ce4aa3b5a07ecda3f964843bb369f5587e187,1780391844765,1780391844828,1780391844841,1780391844924,63,13,83,159
250,581,bottleneck_250_581_1780391844722_242778,success,,b4f6ba1c59c0918ecfa8ce2630efc7b4fbf15f6f00184ddb723f9857d3b638aa,1780391844722,1780391844798,1780391844813,1780391844924,76,15,111,202
250,582,bottleneck_250_582_1780391844726_584310,success,,3fee8f75b2c46b6d98259eac5f8efdc6a47c2d84549aa5c410e866aa1161f4e0,1780391844726,1780391844795,1780391844817,1780391844925,69,22,108,199
250,583,bottleneck_250_583_1780391844729_886540,success,,f03d88630ae5f1def55925c9976cc8239ad53673291c0eeed57b3f2107490dac,1780391844729,1780391844796,1780391844811,1780391844925,67,15,114,196
250,584,bottleneck_250_584_1780391844735_249864,success,,56c05840690dc8131189caa1c719fb59d08b99da5ab7fbdbfd9a7436006443dd,1780391844735,1780391844799,1780391844816,1780391844925,64,17,109,190
250,586,bottleneck_250_586_1780391844745_218377,success,,3434d28bef4a51d5b948bacc3e6c4b3c2d9c8143a421f6e6c53f9dd5afccdcfa,1780391844745,1780391844823,1780391844833,1780391844925,78,10,92,180
250,587,bottleneck_250_587_1780391844746_844869,success,,edd4a6d7d1a010a71fea30ba20a4bf2adb54e30701c2d50cdaea7b5a38ba988c,1780391844746,1780391844825,1780391844834,1780391844925,79,9,91,179
250,578,bottleneck_250_578_1780391844710_370522,success,,a63a7c489bbbabda49c163523131f4eda68f45124b99c653b9c1d23913cfdeaa,1780391844710,1780391844803,1780391844818,1780391844930,93,15,112,220
250,589,bottleneck_250_589_1780391844756_80922,success,,91c1f854e94cc902334bbe0b4efa4e13e09ab65ad5726b32718bc5f5919ba83a,1780391844756,1780391844821,1780391844833,1780391844931,65,12,98,175
250,585,bottleneck_250_585_1780391844744_387268,success,,a61c8d74e1529c3bf916cd4c7f95f861b7f6fc8f2f36bc3c10a8ab6c253103cd,1780391844744,1780391844824,1780391844835,1780391844933,80,11,98,189
250,594,bottleneck_250_594_1780391844785_981136,success,,18e82463f1092ebc7615ff83f7d6fa2054ae5de1770924751ef9962a2f4c9001,1780391844785,1780391844860,1780391844884,1780391844953,75,24,69,168
250,603,bottleneck_250_603_1780391844810_599323,success,,6d45809b7ef83d60b05ed44e58c093526ea200c2870ba6a03b9ad49d36fa9387,1780391844810,1780391844848,1780391844869,1780391844953,38,21,84,143
250,592,bottleneck_250_592_1780391844767_760705,success,,492d521999ab44325db49fc35811b8ed3ee68a567d59bfe313d95332f86d0f4c,1780391844767,1780391844829,1780391844843,1780391844953,62,14,110,186
250,599,bottleneck_250_599_1780391844799_708069,success,,625b79b32f0461deb89e13b39aba7e674e279b80f142a5f913f6dc50a0e72e9e,1780391844799,1780391844849,1780391844871,1780391844953,50,22,82,154
250,600,bottleneck_250_600_1780391844800_983760,success,,76d96cac1280b6c043f254568d59bb647e960553d2aaea99a54a6fde356ae6bc,1780391844800,1780391844850,1780391844872,1780391844953,50,22,81,153
250,596,bottleneck_250_596_1780391844787_320765,success,,122561e505ca727d66669f9b33875e90e517bf7793c3aecf8c1387dd64e17cf6,1780391844787,1780391844853,1780391844885,1780391844953,66,32,68,166
250,590,bottleneck_250_590_1780391844757_254206,success,,b583e1a2205fba392fa18f28cd0bad97b68e22da6d18b325d7b7cfb5055d8120,1780391844757,1780391844826,1780391844844,1780391844953,69,18,109,196
250,597,bottleneck_250_597_1780391844787_634050,success,,6620484cd279c65409326396c9e229882491906f6e68c524824b44ea118796b6,1780391844787,1780391844858,1780391844885,1780391844953,71,27,68,166
250,602,bottleneck_250_602_1780391844806_441073,success,,12dfd2d56b8df66115c9a0aa8fd037c92d1b9bca96a693aa93e8198dfe8cfe8e,1780391844806,1780391844854,1780391844884,1780391844953,48,30,69,147
250,588,bottleneck_250_588_1780391844755_269991,success,,689d7ab9f7e8b35c322ad55d4c2ed5b2c4aba19dc05ec106e0bc48f295e64224,1780391844755,1780391844827,1780391844844,1780391844953,72,17,109,198
250,604,bottleneck_250_604_1780391844819_484452,success,,bcfb05c4e37cce1f7f585e11f82773d799677c93acfe764c9b0745df20c611ca,1780391844819,1780391844879,1780391844896,1780391844969,60,17,73,150
250,598,bottleneck_250_598_1780391844789_944724,success,,4bc94983b8cd5d719b764fda04f710a72cce814d5d25192ccea9a44c30ec35b9,1780391844789,1780391844854,1780391844886,1780391844972,65,32,86,183
250,601,bottleneck_250_601_1780391844801_438046,success,,09f5a7198f901e750fd4473fc9a87d40b0e6f110cd90b83c7a2f885649c5892a,1780391844801,1780391844856,1780391844887,1780391844972,55,31,85,171
250,605,bottleneck_250_605_1780391844820_856059,success,,d125a7ffe147acee1a8b2383d7d65f3ade881020513507bf95dcf9b888eeb344,1780391844820,1780391844876,1780391844895,1780391844973,56,19,78,153
250,609,bottleneck_250_609_1780391844836_413486,success,,1999f5f792f33cffede65e9ab814e4bebe0af38803c6dc8bd9cf07df89638a7e,1780391844836,1780391844878,1780391844897,1780391844973,42,19,76,137
250,607,bottleneck_250_607_1780391844830_142925,success,,3187c18cbb2629230f862e98bd99083e7657921fc1c141eb6a04ca2e8634dd87,1780391844830,1780391844877,1780391844897,1780391844973,47,20,76,143
250,606,bottleneck_250_606_1780391844829_886141,success,,6bbc59d34b10c91c6013c0d050390080316b61391df6f9b61cc7f9a7766401e0,1780391844829,1780391844881,1780391844898,1780391844973,52,17,75,144
250,593,bottleneck_250_593_1780391844784_892858,success,,642ecc1b9e16ff07d1c5febdd207dba424cdcb986807246d3f842020a07ecf68,1780391844784,1780391844857,1780391844889,1780391844973,73,32,84,189
250,608,bottleneck_250_608_1780391844831_328295,success,,4a78beeaee6f4c3fd39adb34a1e352c62d5b7430401022ae4e30e5e05b45c2b4,1780391844831,1780391844882,1780391844914,1780391844973,51,32,59,142
250,595,bottleneck_250_595_1780391844786_782642,success,,16105eeab922e89860b4c6f76af06a260690703d312d6cb847a9de29689c9258,1780391844786,1780391844868,1780391844888,1780391844973,82,20,85,187
250,622,bottleneck_250_622_1780391844891_167979,success,,3d06f8ff1b11a9b461988f4967743f463bc78a6bd00a797594172032836e21ea,1780391844891,1780391844933,1780391844945,1780391845000,42,12,55,109
250,611,bottleneck_250_611_1780391844845_59250,success,,b3278eb0661b8feb812f831fb95a54414bf612e12e300eb9bfe69af44316f983,1780391844845,1780391844902,1780391844918,1780391845001,57,16,83,156
250,612,bottleneck_250_612_1780391844846_855251,success,,13f5ee1308575513c4aea4c740bfd01a5bf7b73c168a0ffc2127a9e7f28a21f8,1780391844846,1780391844900,1780391844917,1780391845001,54,17,84,155
250,617,bottleneck_250_617_1780391844866_141739,success,,f9b29c09b65aab753be8b1d2328d65b07d3b50a7648b91080fabfece313ce630,1780391844866,1780391844904,1780391844921,1780391845001,38,17,80,135
250,614,bottleneck_250_614_1780391844861_451824,success,,97b8bd92ffbbdb25ae8e913e275097da977ace8e7105d469d6e9045d5c466419,1780391844861,1780391844901,1780391844923,1780391845001,40,22,78,140
250,616,bottleneck_250_616_1780391844863_997044,success,,22a63241c170d48e6658efd3d6c70ec0fc8f5c0ddf13ee82ac5c4c4aff7a4cc6,1780391844863,1780391844902,1780391844924,1780391845001,39,22,77,138
250,615,bottleneck_250_615_1780391844862_646090,success,,b434902223a1194c3e8f797060d3d6d61f20e9f62327d11b665a9412e504d848,1780391844862,1780391844907,1780391844934,1780391845001,45,27,67,139
250,613,bottleneck_250_613_1780391844851_513251,success,,855109cf26affdd94bc3dfc5ffa642ca43da27bc20b5175a6be1d294d012ba05,1780391844851,1780391844908,1780391844932,1780391845001,57,24,69,150
250,624,bottleneck_250_624_1780391844894_839859,success,,24dcf567fa7c77cbf245110e19359cd11a7eb54941f3bedc831e9d2bb6205459,1780391844894,1780391844931,1780391844942,1780391845001,37,11,59,107
250,610,bottleneck_250_610_1780391844838_80676,success,,5f64fb84b4b289c18f09af875cccb91d7e3a6381007085483a2467d4a541a305,1780391844838,1780391844883,1780391844916,1780391845002,45,33,86,164
250,630,bottleneck_250_630_1780391844919_726852,success,,dabf9e0c704f08112b4c9107bd56704113f9f58a625ad855a1446f593e21855a,1780391844919,1780391844969,1780391844984,1780391845019,50,15,35,100
250,620,bottleneck_250_620_1780391844879_219024,success,,d98f6d1bcb8747b0a095e0cd360da531233cc2a890f5974080d048fb8dc69d93,1780391844879,1780391844932,1780391844946,1780391845019,53,14,73,140
250,621,bottleneck_250_621_1780391844891_255617,success,,0773fc66b63b0cbc42d99294936170a2fa56d7bb3b13a20bd3b8279fc0841c26,1780391844891,1780391844937,1780391844947,1780391845019,46,10,72,128
250,623,bottleneck_250_623_1780391844892_549166,success,,42ea301815fd4a7ef32f9941bbbee41789ba6a812e3fde1fc98e6c21639cd1ca,1780391844892,1780391844939,1780391844948,1780391845019,47,9,71,127
250,619,bottleneck_250_619_1780391844875_358194,success,,259a0ff52f133fe8b2a17918ae475d1893186e2b5298c0c6f8c8406a7e275478,1780391844875,1780391844937,1780391844950,1780391845019,62,13,69,144
250,618,bottleneck_250_618_1780391844874_786988,success,,c3e3f6ad8038bfefc6f87cb67015e7027fca5710854e5a5f80a5d5110ef92a3a,1780391844874,1780391844936,1780391844953,1780391845019,62,17,66,145
250,625,bottleneck_250_625_1780391844899_715074,success,,899c52dfc443c2bf8b16b5e23c86da4146abe07acdf9ab7923e4109300542dd6,1780391844899,1780391844941,1780391844954,1780391845019,42,13,65,120
250,633,bottleneck_250_633_1780391844929_661864,success,,4802f6e8add81b28a78e2825e79419668c2151b9add046c42d85861b477d6cff,1780391844929,1780391844961,1780391844975,1780391845019,32,14,44,90
250,631,bottleneck_250_631_1780391844922_789970,success,,8ac7faabfba424527ea764223c406a81e57bf845ff94e5a207ae7605481bc29e,1780391844922,1780391844964,1780391844974,1780391845019,42,10,45,97
250,626,bottleneck_250_626_1780391844909_722146,success,,65be9e7b87b35cf33771b159378e96c1dcaed7e937722a951a13d4223e12da3d,1780391844909,1780391844966,1780391844983,1780391845019,57,17,36,110
250,638,bottleneck_250_638_1780391844952_560555,success,,e52bec26e847253e248c85b60e8f73596654b57e7d51e46ea1e2ba098a6070d5,1780391844952,1780391844997,1780391845008,1780391845050,45,11,42,98
250,637,bottleneck_250_637_1780391844951_921741,success,,2c7555ff0695bc6a6b2bd26975d7bbda38cea758b16fa9a9f833c033e88fd4d9,1780391844951,1780391844994,1780391845005,1780391845050,43,11,45,99
250,627,bottleneck_250_627_1780391844910_608407,success,,91ab4b57a4b5758eb8a55d76cba1861f53e1d0c302c4d2edd15c1c781324c4a0,1780391844910,1780391844973,1780391844988,1780391845050,63,15,62,140
250,640,bottleneck_250_640_1780391844957_835616,success,,ea5c76757a073e1a3b74f9af38b9594474e689eb9b71b302f80938cded217038,1780391844957,1780391844995,1780391845005,1780391845050,38,10,45,93
250,632,bottleneck_250_632_1780391844927_475912,success,,18b02c7ac5356702b95d949f295ad75ee27d1aaa8039f01a10a627749fab23d2,1780391844927,1780391844981,1780391844990,1780391845050,54,9,60,123
250,629,bottleneck_250_629_1780391844913_458239,success,,d4f0680dfc0a61e0dcd269da0860046627351ae9dbd6fdddbeb7faf24855d101,1780391844913,1780391844972,1780391844989,1780391845050,59,17,61,137
250,634,bottleneck_250_634_1780391844935_773700,success,,f0b4a476dc61a053bdc3d7aeb3a5065b3e5b7e959c60a99a0e610c3702b47819,1780391844935,1780391844982,1780391845004,1780391845050,47,22,46,115
250,635,bottleneck_250_635_1780391844942_185134,success,,cbc866166b55a2564760ec697893d427d8d295c0599d4cba88ad685453bc03cd,1780391844942,1780391844979,1780391844993,1780391845050,37,14,57,108
250,628,bottleneck_250_628_1780391844911_703287,success,,6c7fa6469506f68340df680e07133081e058d0746d4d76eab212009f1aecf352,1780391844911,1780391844970,1780391844985,1780391845050,59,15,65,139
250,636,bottleneck_250_636_1780391844943_211813,success,,32e866c2f152ed7647d2dfae919db687b7876f70e087960712b88c3d5f0db015,1780391844943,1780391844983,1780391845003,1780391845050,40,20,47,107
250,654,bottleneck_250_654_1780391845014_25938,success,,51bac4d06a1206b057dfe965004168a87e2c9bc5994353f05fc497b1f259e947,1780391845014,1780391845044,1780391845054,1780391845079,30,10,25,65
250,645,bottleneck_250_645_1780391844977_422660,success,,9d754054e795efe257f1296922e4a57482a26baa779ade9907fde5850454ec09,1780391844977,1780391845016,1780391845037,1780391845079,39,21,42,102
250,641,bottleneck_250_641_1780391844962_753725,success,,e6fe098a9e5da48a67914852810664fd59acae4eb7964f2e01b804e88c0598fc,1780391844962,1780391845000,1780391845009,1780391845079,38,9,70,117
250,639,bottleneck_250_639_1780391844955_458899,success,,c9331ee999b5b5fb8a57b76a055d840cfd0276e83f5d11e29fb0f0d0c74aa43a,1780391844955,1780391845002,1780391845017,1780391845079,47,15,62,124
250,643,bottleneck_250_643_1780391844976_850924,success,,a85fd70a82a48fc4c087e47a7efcdea4d3d8e797e41a2261b46bb79c799010df,1780391844976,1780391845013,1780391845039,1780391845079,37,26,40,103
250,646,bottleneck_250_646_1780391844986_761276,success,,8273d82cc37a964c6b1b63d5f11cf520bee162557e6f4761d53e65f40fb85588,1780391844986,1780391845014,1780391845040,1780391845079,28,26,39,93
250,642,bottleneck_250_642_1780391844968_11254,success,,f6067b1f34bca0d3f35882c11f8a297ebf277d9ef54c2e8e822e0f925f427a94,1780391844968,1780391845002,1780391845018,1780391845079,34,16,61,111
250,647,bottleneck_250_647_1780391844987_143627,success,,20c758345126a9fc8741cb77bfe0091acf5424ce235206a0f5c91967233c65a7,1780391844987,1780391845015,1780391845036,1780391845079,28,21,43,92
250,653,bottleneck_250_653_1780391845010_247000,success,,87595b0223494684573298ca2e234a5a1a62f77d49087c484377d824c3f195f3,1780391845010,1780391845042,1780391845051,1780391845079,32,9,28,69
250,644,bottleneck_250_644_1780391844977_443989,success,,a784ece54f0cd23d964e7934c68c19618df2df6c302819eb9ee58be423b97106,1780391844977,1780391845011,1780391845020,1780391845079,34,9,59,102
250,662,bottleneck_250_662_1780391845047_364433,success,,5fb1e81c48bca48c7d0fc7f09995b0d52e07af592c79bfab77f074e15aa58f1c,1780391845047,1780391845069,1780391845082,1780391845118,22,13,36,71
250,648,bottleneck_250_648_1780391844997_161656,success,,6f341c2b41aac66e2bfeef57d71e38405b924b61da2aa65551d7a80f5ba7fbaa,1780391844997,1780391845041,1780391845053,1780391845118,44,12,65,121
250,651,bottleneck_250_651_1780391845006_76418,success,,710400923284e6f749a59c378f9d181ba44a003edd7a7f10c1c744b3b4a9ea8f,1780391845006,1780391845043,1780391845054,1780391845118,37,11,64,112
250,650,bottleneck_250_650_1780391844999_799189,success,,a2f1c2ab23c482ca44156f37c450e8cc64641b9e0d5aae45a0a89ead18eb2474,1780391844999,1780391845044,1780391845051,1780391845118,45,7,67,119
250,649,bottleneck_250_649_1780391844999_901984,success,,597d86830824763c377e864451c79eb8cc4b7d067267c11ec7d7567bb26ffb38,1780391844999,1780391845048,1780391845057,1780391845119,49,9,62,120
250,652,bottleneck_250_652_1780391845007_941327,success,,c3a76d4abac1a020fdc1085ab7094fe9a2bb4bb3962b0605186487cba0eca78e,1780391845007,1780391845049,1780391845058,1780391845119,42,9,61,112
250,660,bottleneck_250_660_1780391845045_562116,success,,572ce355b53c1bd56fe50528c917e5f9fa06dc37b1966234ce1300c4a0b98f59,1780391845045,1780391845063,1780391845078,1780391845119,18,15,41,74
250,655,bottleneck_250_655_1780391845019_755135,success,,a06ae1e9420b17cf6000408f7ba0960b508312eea9b54d58b6b99a82cdbe39af,1780391845019,1780391845074,1780391845080,1780391845119,55,6,39,100
250,659,bottleneck_250_659_1780391845035_82441,success,,39a100dc29b3c904f11bb1755b061f5276c376cd9af12974b9c4cf3955a3392c,1780391845035,1780391845069,1780391845081,1780391845119,34,12,38,84
250,656,bottleneck_250_656_1780391845022_982576,success,,be4a8c022cbd82ab69a17b4262c8d25529d76d7aa5f7b9d19691de55945fe0d9,1780391845022,1780391845070,1780391845083,1780391845119,48,13,36,97
250,669,bottleneck_250_669_1780391845076_162097,success,,d85501877676284e435e58f52d3637f11be5be94351cc7cb1b5a49af9f87ea20,1780391845076,1780391845103,1780391845124,1780391845132,27,21,8,56
250,665,bottleneck_250_665_1780391845059_277072,success,,08764d2f245f0995797958fc1a961bb41a41aaff5da8f94a1bd1e77f449dfd9c,1780391845059,1780391845091,1780391845112,1780391845132,32,21,20,73
250,670,bottleneck_250_670_1780391845079_539032,success,,9038b3650364b0f283307c2849abd769084cbc65d3480eaf24e438d3d8b8e6ab,1780391845079,1780391845104,1780391845123,1780391845133,25,19,10,54
250,667,bottleneck_250_667_1780391845065_2551,success,,5715f23c112769908401db9fbec4cef157dec297c5468a176a0fb2c65647e7a8,1780391845065,1780391845090,1780391845114,1780391845133,25,24,19,68
250,657,bottleneck_250_657_1780391845026_791403,success,,c42b9f3883d73d87fdc87c088efe1c13855f60869bf698d6bbfb4ca9bdafd8db,1780391845026,1780391845067,1780391845083,1780391845133,41,16,50,107
250,664,bottleneck_250_664_1780391845055_904982,success,,9672854e4e39f54bfacda5c14a79ad5669c7ee03ede3024ab0b818e43dd13e04,1780391845055,1780391845088,1780391845113,1780391845133,33,25,20,78
250,658,bottleneck_250_658_1780391845034_150256,success,,51419efbdc84823555ff803076d816b2afe9f49347dbb6d9582f8f18cec7d3ce,1780391845034,1780391845071,1780391845087,1780391845133,37,16,46,99
250,663,bottleneck_250_663_1780391845050_612509,success,,f6459e4b1ba8d951b3bd0324016fe98b60da8e118df75a6a4d1b288153179256,1780391845050,1780391845077,1780391845093,1780391845133,27,16,40,83
250,666,bottleneck_250_666_1780391845062_887632,success,,d07af2e078a7bdd03ef5f3599797995883c1979730ea13aad47f3892c0727f54,1780391845062,1780391845092,1780391845114,1780391845136,30,22,22,74
250,661,bottleneck_250_661_1780391845046_783992,success,,7364d58c2a5f8a3db5875b971eb56c6d03e26ec55362cce4e6777f3b899ccc1f,1780391845046,1780391845072,1780391845086,1780391845136,26,14,50,90
250,682,bottleneck_250_682_1780391845128_25667,success,,78dfdd4ccb71594ef32532453abbb06e5ce29079d3ad83299a1521cb50ebe184,1780391845128,1780391845147,1780391845160,1780391845179,19,13,19,51
250,678,bottleneck_250_678_1780391845116_579589,success,,2a9bc443351ecbcfca7c771befa692bce6b1bd7ec526ef24894b1c03b7298bb8,1780391845116,1780391845143,1780391845153,1780391845179,27,10,26,63
250,679,bottleneck_250_679_1780391845117_818632,success,,003da13895d71ed689a47b22cfd1d8d7b67b8096185a85c3af8d7bd8ef3bf411,1780391845117,1780391845148,1780391845156,1780391845179,31,8,23,62
250,672,bottleneck_250_672_1780391845085_917264,success,,6649c61dc7bdb0be02b23c0cc47173419517a57d660871ba1e58465a22a8ae28,1780391845085,1780391845108,1780391845125,1780391845179,23,17,54,94
250,675,bottleneck_250_675_1780391845100_385006,success,,0803427f94d187a1c5109c077e774681a68f9028a9892e9ea3cab390a24d614c,1780391845100,1780391845119,1780391845133,1780391845179,19,14,46,79
250,668,bottleneck_250_668_1780391845075_412770,success,,9f9f95b62411a2e2c7b33e2436a4a2b988f9ca69b77d8df7a4acfe85613a8ebd,1780391845075,1780391845106,1780391845121,1780391845179,31,15,58,104
250,674,bottleneck_250_674_1780391845099_391233,success,,e088163fbddb8072cd532692cdace18cbc2e76209451e317521c5bce58709268,1780391845099,1780391845120,1780391845135,1780391845179,21,15,44,80
250,676,bottleneck_250_676_1780391845101_811140,success,,da057a4198f08183e220ffe70c3d7b14c14bd8718c48d27d2b6935c7d1add40d,1780391845101,1780391845122,1780391845135,1780391845179,21,13,44,78
250,673,bottleneck_250_673_1780391845094_342210,success,,de671ef896a1c4ff1938779778cf986dc67aa68f18275c9d04e8a706f55019a8,1780391845094,1780391845120,1780391845134,1780391845179,26,14,45,85
250,671,bottleneck_250_671_1780391845084_526723,success,,de16ff8c0d298d4d19d9564e4f70c9d09078d1c49810a45c92466e0fbd15283b,1780391845084,1780391845107,1780391845125,1780391845179,23,18,54,95
250,689,bottleneck_250_689_1780391845157_506956,success,,0196a0d0bba629c38b141d5a0613f761f1054d755fa1bc3e13e58e007159cfeb,1780391845157,1780391845185,1780391845187,1780391845218,28,2,31,61
250,677,bottleneck_250_677_1780391845115_304140,success,,b76177ad7f66486ac3904fae74bc36f984680a7589a47d87da076df7ea241d5a,1780391845115,1780391845145,1780391845161,1780391845218,30,16,57,103
250,684,bottleneck_250_684_1780391845136_896186,success,,ac44b46bc28b0fd70f7724dba6f9684c8ff1c0d450079b4283ea31eedc31e3f9,1780391845136,1780391845155,1780391845171,1780391845219,19,16,48,83
250,681,bottleneck_250_681_1780391845128_693547,success,,f55adaf74335cbbf3426ac55f6c054f53638f649dc2816bb8ce38c1dc4316a67,1780391845128,1780391845146,1780391845162,1780391845219,18,16,57,91
250,680,bottleneck_250_680_1780391845117_209665,success,,a28dc500a33947130e29214d6599e3c816e486bc1725974649446735442051a7,1780391845117,1780391845149,1780391845164,1780391845219,32,15,55,102
250,683,bottleneck_250_683_1780391845129_610727,success,,8983fdfd8e83dc6852a511d0ad4d593f3294f5cd1479413ceb16b6d04e94af6a,1780391845129,1780391845152,1780391845165,1780391845219,23,13,54,90
250,686,bottleneck_250_686_1780391845144_770853,success,,72f8217f4da73eab71d9d1c884731c6e3f10f47b8517d3df27575cd61ee77f2e,1780391845144,1780391845163,1780391845173,1780391845219,19,10,46,75
250,685,bottleneck_250_685_1780391845137_132555,success,,622ecb43968d27242743690e2a92a10e774b1d35b23ad8b89f92a61bbfee621e,1780391845137,1780391845154,1780391845169,1780391845219,17,15,50,82
250,688,bottleneck_250_688_1780391845151_549254,success,,b1132529467141a64d6de37a2bbb9d254e6fb725df563d8227cab807ea0b38eb,1780391845151,1780391845170,1780391845175,1780391845219,19,5,44,68
250,687,bottleneck_250_687_1780391845150_636241,success,,62e568295713cb2efa735bd9604c3065c469dc71ffbcece750825a12508af3d3,1780391845150,1780391845172,1780391845176,1780391845219,22,4,43,69
250,699,bottleneck_250_699_1780391845196_945417,success,,8163cf9cb895ff5dabda19c8982273420f16964bc0c953cd0d9679c19ecd318b,1780391845196,1780391845210,1780391845213,1780391845242,14,3,29,46
250,690,bottleneck_250_690_1780391845158_532146,success,,4d509fecc5551112b5e91a45082f8eb02a9a4f6db1587590903fb82b3e54ffe7,1780391845158,1780391845186,1780391845195,1780391845242,28,9,47,84
250,695,bottleneck_250_695_1780391845177_366550,success,,8e927a4f978c01df3f3846cfd5caff1e6a31724f58f855e0723100702d8ea53c,1780391845177,1780391845193,1780391845203,1780391845242,16,10,39,65
250,691,bottleneck_250_691_1780391845167_449821,success,,d5126ae13a083a551f36d0d8c2a2a15154568e46b4451271d4a884e13913e610,1780391845167,1780391845193,1780391845204,1780391845242,26,11,38,75
250,692,bottleneck_250_692_1780391845168_437816,success,,b9464008450e9abcf9a370c03a5192835461fbe9a5518362ae35bfd3d88b1f74,1780391845168,1780391845191,1780391845199,1780391845242,23,8,43,74
250,693,bottleneck_250_693_1780391845174_666365,success,,f42cd9958cc7cea42a289bdbf6c38808abacfba7d2168c4f15440c9ebc65100f,1780391845174,1780391845192,1780391845202,1780391845242,18,10,40,68
250,696,bottleneck_250_696_1780391845183_568593,success,,748894a4f06e75301e168d2a3ae2640ab62dc8e469648dc0a6050b6d16e78f17,1780391845183,1780391845198,1780391845206,1780391845242,15,8,36,59
250,697,bottleneck_250_697_1780391845186_167160,success,,7a250c0d0ad07e2cfa35085567f52769fc3b58cecbe5c3241dcde7d1feab8a5e,1780391845186,1780391845197,1780391845207,1780391845242,11,10,35,56
250,698,bottleneck_250_698_1780391845189_483274,success,,ffa56bc30e07b1850d83d22557047b6da1a7e972b5cf8058443e0b99c46eee2e,1780391845189,1780391845209,1780391845211,1780391845242,20,2,31,53
250,694,bottleneck_250_694_1780391845174_762500,success,,5fb884fd3cdb9ddb2579df4bda863f4f0c87dec02921fadb76e89a250b449ae5,1780391845174,1780391845194,1780391845208,1780391845242,20,14,34,68
250,709,bottleneck_250_709_1780391845235_70664,success,,9d4d5f1a28fe7fe847049c2f5129314151bf4841109b69d1ed84b955b3b568dd,1780391845235,1780391845249,1780391845254,1780391845275,14,5,21,40
250,700,bottleneck_250_700_1780391845200_381058,success,,bba056ad5d75232a67de2da281bff02d6f0357542761bf82278a94af40da849d,1780391845200,1780391845220,1780391845224,1780391845275,20,4,51,75
250,701,bottleneck_250_701_1780391845201_258018,success,,aaa066f455f666786fe1d94b21006e1453d6b9dc0aa6e9cd5531e7818cbdd1c6,1780391845201,1780391845221,1780391845227,1780391845276,20,6,49,75
250,702,bottleneck_250_702_1780391845205_200156,success,,ebb485c33da699d79112817a9ab8b8a14bc6fab5d9597b67d1dd9d3641a4d9f1,1780391845205,1780391845228,1780391845232,1780391845276,23,4,44,71
250,704,bottleneck_250_704_1780391845213_604997,success,,48bfb5744ed773f6bc96bea91da600efdb9208d740f12f13c927b9fe2b445841,1780391845213,1780391845230,1780391845236,1780391845276,17,6,40,63
250,705,bottleneck_250_705_1780391845217_741275,success,,d7effdd16458c008b83533bffd939f2b0e8ba09c15aa7f99c1e59bb2dfbdeb40,1780391845217,1780391845233,1780391845238,1780391845276,16,5,38,59
250,703,bottleneck_250_703_1780391845210_588258,success,,7618ea6493cdbeacef4827d02cfd8fed423594851b3ba6bf41058a83ab57d2a4,1780391845210,1780391845234,1780391845240,1780391845276,24,6,36,66
250,706,bottleneck_250_706_1780391845222_958305,success,,c788ba5c7e7452b6ed9ea39704d5cac13f03c3861cd27663c92517e2be94e917,1780391845222,1780391845234,1780391845239,1780391845276,12,5,37,54
250,707,bottleneck_250_707_1780391845225_552189,success,,ffb8396fd0aae44441ada17c842d55e891425edc526825dff77a5b1ae8e111d7,1780391845225,1780391845244,1780391845247,1780391845276,19,3,29,51
250,708,bottleneck_250_708_1780391845231_628671,success,,f20e74e5d2050866e614d44fcef40a43bbff016a8a88338b895ff0ea817f8adb,1780391845231,1780391845248,1780391845252,1780391845276,17,4,24,45
250,712,bottleneck_250_712_1780391845246_815784,success,,ef8ea7489b067b9df345261e8142bf73ffbfabc519584c29b6a9adb62ea5715d,1780391845246,1780391845255,1780391845260,1780391845315,9,5,55,69
250,718,bottleneck_250_718_1780391845270_766705,success,,8e743cf64e985e926cf55dbb9a68e7ee4ce305df793a22169d47a8b39e369c77,1780391845270,1780391845283,1780391845289,1780391845315,13,6,26,45
250,713,bottleneck_250_713_1780391845251_572273,success,,8a01d5ae32c38c50ed6f3d18912349f164ba47b99a3b322e89d1d6415c95049d,1780391845251,1780391845272,1780391845276,1780391845315,21,4,39,64
250,714,bottleneck_250_714_1780391845253_950117,success,,eefa227a5615bab0d578fd810bdc1b6534455a08881cd325f0d31e80b290f8b5,1780391845253,1780391845271,1780391845277,1780391845315,18,6,38,62
250,715,bottleneck_250_715_1780391845258_841798,success,,4aa1af07f7cad659f3bbaf2294687f584629493a763753bff48a2b893cc0b67e,1780391845258,1780391845273,1780391845277,1780391845315,15,4,38,57
250,717,bottleneck_250_717_1780391845265_618781,success,,110d15ddfdd5a0d6cfdf01fbf0077632e5d1fb899cdc485423eab224c4b92cf8,1780391845265,1780391845281,1780391845285,1780391845315,16,4,30,50
250,711,bottleneck_250_711_1780391845241_839760,success,,d6d82512b530cdccd9b057a556e1ec82987737e694eafaeb48aa94dabe25cfbe,1780391845241,1780391845250,1780391845256,1780391845315,9,6,59,74
250,710,bottleneck_250_710_1780391845238_460622,success,,aa308fd6c308da5d9b9d4811aa6345f309fe9593c796e4e68c6671a8c7d900d9,1780391845238,1780391845249,1780391845257,1780391845315,11,8,58,77
250,716,bottleneck_250_716_1780391845262_581843,success,,1e94ef8b11ffaddff916aabac02bf1170745393353231005f2218d5ab1f84fc7,1780391845262,1780391845282,1780391845286,1780391845315,20,4,29,53
250,719,bottleneck_250_719_1780391845274_480026,success,,37147e57bd3ce915b6c10dbbb5075058631cfde0ce9cd12a5b311eb8839f9f6c,1780391845274,1780391845281,1780391845288,1780391845315,7,7,27,41
250,720,bottleneck_250_720_1780391845278_694232,success,,2cafeb10a93b6bfa99be2f76fced8565f3dd19f7452deafbea3d9fac3714978a,1780391845278,1780391845285,1780391845291,1780391845355,7,6,64,77
250,723,bottleneck_250_723_1780391845292_350619,success,,f19efd9d3d63dc58ab2a3b4dcd9d1529e2ea3c551b41769dfeaf4019a6ffc269,1780391845292,1780391845308,1780391845312,1780391845355,16,4,43,63
250,722,bottleneck_250_722_1780391845287_844205,success,,2c5a9c33c50e8e5e4ec80a40e78ad7e4a887bc468435a2b182e4e492aeec60de,1780391845287,1780391845295,1780391845301,1780391845355,8,6,54,68
250,724,bottleneck_250_724_1780391845293_824041,success,,9c22a79c9e16d3e22f0e7029cb041be011e2dc5b241eb04bfcebd742f45eee7d,1780391845293,1780391845309,1780391845313,1780391845355,16,4,42,62
250,725,bottleneck_250_725_1780391845297_955643,success,,b370f22321e37218fa3c8d058f3b6f9cdf5bd8fafc2ba575002f94d3ca45ed4f,1780391845297,1780391845310,1780391845314,1780391845355,13,4,41,58
250,721,bottleneck_250_721_1780391845284_131851,success,,5ef9e85351faaafda45480edb4210bb18799e9246c2ef8b67cd43ab3a1e1dbfb,1780391845284,1780391845294,1780391845300,1780391845355,10,6,55,71
250,728,bottleneck_250_728_1780391845311_605601,success,,40d829338eee080830a98c8e6f0ee34b83b24b996dbe9141c6371a8aa1e3dc8f,1780391845311,1780391845323,1780391845328,1780391845355,12,5,27,44
250,729,bottleneck_250_729_1780391845313_740696,success,,66fa19026efced6bbc8fc0ee8148151df3bce5db1b0e09cedd044498028e93de,1780391845313,1780391845324,1780391845329,1780391845355,11,5,26,42
250,726,bottleneck_250_726_1780391845302_679316,success,,f2d96082600522b41a1ed380db73b05eac69029f4769b2e48f2e9272ab7f36dd,1780391845302,1780391845326,1780391845331,1780391845356,24,5,25,54
250,727,bottleneck_250_727_1780391845305_3165,success,,a55187ef2379b8d900a6bdd686ea927a0c26c6c66ae997236e8357cc15b06b8c,1780391845305,1780391845325,1780391845333,1780391845356,20,8,23,51
250,739,bottleneck_250_739_1780391845354_776583,success,,fe6cb592c69b9fe086b5f8a31f20f2aab9a5efa442037614f7cf00a7bb11bff4,1780391845354,1780391845372,1780391845383,1780391845438,18,11,55,84
250,730,bottleneck_250_730_1780391845318_223671,success,,a6821a97cc42d538067dc12b08c7b0610b59c69f6312b18a53decde4e722cf1a,1780391845318,1780391845327,1780391845334,1780391845440,9,7,106,122
250,731,bottleneck_250_731_1780391845322_393708,success,,5336942f2ae7a0fdc5512e484eaf8417e6206f545072ec27d9211c63836a0ea3,1780391845322,1780391845330,1780391845338,1780391845440,8,8,102,118
250,732,bottleneck_250_732_1780391845327_727891,success,,6ee15d15d1d05dbc3dc2da7c3968aeae4feae09cffdc35486bd239ab293b6978,1780391845327,1780391845335,1780391845343,1780391845440,8,8,97,113
250,733,bottleneck_250_733_1780391845330_915421,success,,b9c2c17e04b89308ea2ea0604df55be6672c06ea311f69f65ba62b0b1d8f06d5,1780391845330,1780391845343,1780391845347,1780391845440,13,4,93,110
250,737,bottleneck_250_737_1780391845345_587722,success,,01aa81242b838cf46a9db7e73d0f98eb86bdb4b579f3c3f22beaa72c8691a863,1780391845345,1780391845372,1780391845381,1780391845440,27,9,59,95
250,740,bottleneck_250_740_1780391845358_462951,success,,f08a55957dd5e405cca0a83be4cdcb5feff8b48ecdc46a6154c0b5aa76735725,1780391845358,1780391845373,1780391845382,1780391845440,15,9,58,82
250,738,bottleneck_250_738_1780391845349_6568,success,,1780c9e77361d943876fe66bc4cc19c892e6835097131b4d23f31496a87c98b5,1780391845349,1780391845370,1780391845382,1780391845440,21,12,58,91
250,735,bottleneck_250_735_1780391845337_896860,success,,ae93db56b85f25863d76a693d9d72998544a0752fb1b329ea3a5b6bfb1964ded,1780391845337,1780391845366,1780391845376,1780391845440,29,10,64,103
250,734,bottleneck_250_734_1780391845333_338070,success,,c0762ed4fca9ab42074d883edfed16105b0c79cd8611df1fe5defaed882b554a,1780391845333,1780391845368,1780391845378,1780391845440,35,10,62,107
250,747,bottleneck_250_747_1780391845388_567663,success,,2abaa14c2ffb0ccd46bb1d5e58025b78c61a2a5675d4c29be9518b8cea82de75,1780391845388,1780391845400,1780391845410,1780391845472,12,10,62,84
250,741,bottleneck_250_741_1780391845362_141397,success,,35c814052bd000fa7228d74bd47670d442effaa206fcbf959dc745446384b12d,1780391845362,1780391845377,1780391845386,1780391845472,15,9,86,110
250,736,bottleneck_250_736_1780391845341_103296,success,,ee0290f136eb26f9585347d56ae3070d64022ed4fb22c41e57a74dc47f8f3323,1780391845341,1780391845374,1780391845384,1780391845472,33,10,88,131
250,745,bottleneck_250_745_1780391845379_569401,success,,e4157ab93e92d8327cb004da66c7a2fe96393de4449df4732f8b7a1455f80c38,1780391845379,1780391845390,1780391845397,1780391845472,11,7,75,93
250,743,bottleneck_250_743_1780391845369_254545,success,,8c86107d854b35d61d83f515b41d5d5c478a1f86f9a656f0e4e02305d36651f1,1780391845369,1780391845386,1780391845394,1780391845472,17,8,78,103
250,742,bottleneck_250_742_1780391845368_220077,success,,f4dc3431b707f36d30d19a6d059c506009a0745e4a6f55d5aaa8d9c082c7db5b,1780391845368,1780391845385,1780391845396,1780391845472,17,11,76,104
250,744,bottleneck_250_744_1780391845375_401724,success,,1df4f6e01b4caa146129620e7717369d7809e20b095d2192c01853d0b170b4e2,1780391845375,1780391845389,1780391845397,1780391845472,14,8,75,97
250,748,bottleneck_250_748_1780391845390_378349,success,,d9c1aa692e62548079a211db3cfed509b0e14efc0eda4e113f4973940094a21c,1780391845390,1780391845401,1780391845408,1780391845472,11,7,64,82
250,746,bottleneck_250_746_1780391845387_220444,success,,7ba8cdad65c5b6003ac1d0e7568e99ff1e1f544fb1f3c652ed0a3f8fe886974b,1780391845387,1780391845399,1780391845407,1780391845472,12,8,65,85
250,749,bottleneck_250_749_1780391845395_751891,success,,976ece9050b4e9a6b279430104f0c704cdd7fe4643995f66277c28576da593e0,1780391845395,1780391845402,1780391845409,1780391845472,7,7,63,77
250,758,bottleneck_250_758_1780391845431_704008,success,,2918a58416a98d0193b97280f43418597b69c9fa4ddb2b6e7219499e01f5000a,1780391845431,1780391845461,1780391845479,1780391845533,30,18,54,102
250,753,bottleneck_250_753_1780391845411_463218,success,,a8ba8cf2c673463b260da1aea497984187c028e6fcbe6514f1f0c3eb8151701d,1780391845411,1780391845460,1780391845469,1780391845535,49,9,66,124
250,750,bottleneck_250_750_1780391845398_530890,success,,4bfd71446ca177fc00d66c4d013150e8d218992f85a0152ec672a17ba75b7f86,1780391845398,1780391845415,1780391845419,1780391845535,17,4,116,137
250,751,bottleneck_250_751_1780391845401_664785,success,,7fd12cc709c3db2f0097a5796a1308a3a18064ad063149b40957294da92f1088,1780391845401,1780391845417,1780391845419,1780391845535,16,2,116,134
250,759,bottleneck_250_759_1780391845433_907656,success,,164670b6ba12a4f60ba4aaa2b401bc1f8587d9ab9472f46ea7c8d642e3a0e269,1780391845433,1780391845463,1780391845474,1780391845535,30,11,61,102
250,755,bottleneck_250_755_1780391845418_7066,success,,5ac1354598927cac4b0beadd6d26217003d4a0772b2e0a913e3daadc6b766ecc,1780391845418,1780391845464,1780391845475,1780391845535,46,11,60,117
250,760,bottleneck_250_760_1780391845438_547130,success,,6c003f34e1024be3f49db09d11b0e485ef7761902ae44903453a80048201494f,1780391845438,1780391845467,1780391845473,1780391845535,29,6,62,97
250,752,bottleneck_250_752_1780391845405_888713,success,,5cbfa91e0654e7847a28d3eef83a1e7a130f2b71911fb7f1d02c786a23e691e5,1780391845405,1780391845462,1780391845472,1780391845535,57,10,63,130
250,756,bottleneck_250_756_1780391845422_385183,success,,4c574319bbc9a0f38258fc5ea762e5ea0d0890a51b0fd3cfd2268a50b5f354d5,1780391845422,1780391845463,1780391845474,1780391845535,41,11,61,113
250,754,bottleneck_250_754_1780391845416_315740,success,,66abf421691b2b89b40dc2a699190d0e064aa59be18e36d9f3acb32d6c5c1f49,1780391845416,1780391845468,1780391845476,1780391845535,52,8,59,119
250,772,bottleneck_250_772_1780391845486_977622,success,,26c284de20635ac4c87f02e902470597301e520a447c6a0d84b0664514b5b6c4,1780391845486,1780391845553,1780391845562,1780391845644,67,9,82,158
250,761,bottleneck_250_761_1780391845442_64094,success,,af594cc16efc7a0020d8d644ba60966f6c0167d72558d63269f00d1604f6f4ef,1780391845442,1780391845493,1780391845499,1780391845646,51,6,147,204
250,757,bottleneck_250_757_1780391845425_421572,success,,e742a29133ef85acf45e335b5b9d1bd041a66d1a95bc6ff5d1c339cf28d09263,1780391845425,1780391845468,1780391845480,1780391845646,43,12,166,221
250,762,bottleneck_250_762_1780391845445_708057,success,,bf76c2ed3f81922d6eaaf576d6d8c451a70ea31739d1935738b8c8d5d6bf3e6b,1780391845445,1780391845488,1780391845496,1780391845646,43,8,150,201
250,763,bottleneck_250_763_1780391845449_70483,success,,f55329216fc64a79249fbbe533798e6d1f87b55171fba05330ccfe7e36b379cf,1780391845449,1780391845489,1780391845497,1780391845646,40,8,149,197
250,766,bottleneck_250_766_1780391845465_277735,success,,4ea841817936178ead11c7352dbdc81116ab3fd9210884d0d63cce85026dae36,1780391845465,1780391845494,1780391845501,1780391845648,29,7,147,183
250,768,bottleneck_250_768_1780391845471_37744,success,,e080916fa7d96fc80495f892424fb755f4a6cfddf55e7f1a3f144aa859894b28,1780391845471,1780391845491,1780391845500,1780391845648,20,9,148,177
250,765,bottleneck_250_765_1780391845457_248813,success,,e0dc50f7fb927c76f5b104395e8d7ef06ae7c6ae56199ed522a20fa27fed9a8a,1780391845457,1780391845492,1780391845498,1780391845648,35,6,150,191
250,767,bottleneck_250_767_1780391845466_425721,success,,a64144ba180fccb3ba9a19a81202725eacd75895b537f25bea29e9a43a36400c,1780391845466,1780391845495,1780391845504,1780391845648,29,9,144,182
250,764,bottleneck_250_764_1780391845453_793007,success,,9b0448a2def7fa0513ec6bfe2329b261768c09a07cbf3754c3af77da2ee0ec4d,1780391845453,1780391845490,1780391845503,1780391845648,37,13,145,195
250,782,bottleneck_250_782_1780391845525_851666,success,,3a48db8f162d15f848027c95c46fa839fb529594c7552ce12be066882eeea9a3,1780391845525,1780391845617,1780391845644,1780391845703,92,27,59,178
250,769,bottleneck_250_769_1780391845477_131679,success,,f42fef2d75fe3c1bc2e998d637b5e86e2fe035f336353b7b1d0c1102704a98cc,1780391845477,1780391845558,1780391845567,1780391845703,81,9,136,226
250,773,bottleneck_250_773_1780391845491_92582,success,,5dd62962dad8ea68fbc8ea122860b1b5a1f8c556349f287a3afe57781b437127,1780391845491,1780391845595,1780391845611,1780391845703,104,16,92,212
250,770,bottleneck_250_770_1780391845478_191388,success,,74e41b67ac056a360051e08172bf1ee799b9481e4b8c4c333c6846f15209db9c,1780391845478,1780391845556,1780391845566,1780391845703,78,10,137,225
250,771,bottleneck_250_771_1780391845482_586577,success,,64a53d014a0be6b6d26f1adeb0d41ffc12f3a20371c3a91111c15ecce919a843,1780391845482,1780391845559,1780391845567,1780391845703,77,8,136,221
250,778,bottleneck_250_778_1780391845510_700483,success,,31abeaeeba1f78bf3a690025c60e9812d9fd1b5b49a52bebd6a1b6a6d1b4f19e,1780391845510,1780391845593,1780391845611,1780391845703,83,18,92,193
250,774,bottleneck_250_774_1780391845494_362987,success,,01fc327e3f6d671d68e04b12ca5164166ea8aff81db52f1745e2044739bc72c2,1780391845494,1780391845604,1780391845617,1780391845706,110,13,89,212
250,784,bottleneck_250_784_1780391845533_556409,success,,7f89110bd03f6f811e3fb552956406af40cf1b91491c00359b130f119fcb50a5,1780391845533,1780391845603,1780391845618,1780391845706,70,15,88,173
250,779,bottleneck_250_779_1780391845513_343847,success,,8f8435a5609cd88c590f774965950e11c8d1349a0b52177e4801ea8caf181ab3,1780391845513,1780391845606,1780391845616,1780391845706,93,10,90,193
250,776,bottleneck_250_776_1780391845502_726889,success,,46820c855afe73730ae6174c575b64e451025ef3a9661a2b08e4a2248821dff2,1780391845502,1780391845600,1780391845615,1780391845706,98,15,91,204
250,791,bottleneck_250_791_1780391845561_845232,success,,8deff4aee9ec3d06b2bf050b33605aef029c987a96d735fb1c55ae6ce31e236d,1780391845561,1780391845630,1780391845652,1780391845744,69,22,92,183
250,780,bottleneck_250_780_1780391845517_413743,success,,6bc014e57ed7783caaf02e64f8c549730d7dd83cbd4dbada5cab55e0e699b480,1780391845517,1780391845619,1780391845645,1780391845744,102,26,99,227
250,777,bottleneck_250_777_1780391845506_627027,success,,f1eba14b26c608a74137de662cf35100d2d150f1d1cc04e7ef30a321402e7c91,1780391845506,1780391845608,1780391845647,1780391845744,102,39,97,238
250,793,bottleneck_250_793_1780391845569_850864,success,,88762d5596dadb910f49e9b7334c915bd3fba7519a7068e9c0a04ab27f760c91,1780391845569,1780391845609,1780391845646,1780391845744,40,37,98,175
250,790,bottleneck_250_790_1780391845560_40855,success,,e81fef510d3310b31a22d921b143d501cdcf7d6f988947dd1083d848d0ae54fc,1780391845560,1780391845622,1780391845648,1780391845744,62,26,96,184
250,775,bottleneck_250_775_1780391845497_5074,success,,e1ff81aeef809a8ecd22382e12272455efc33a257d75b20846e33674c035235d,1780391845497,1780391845620,1780391845648,1780391845744,123,28,96,247
250,783,bottleneck_250_783_1780391845529_57507,success,,70b240447ad21fcf67132535abb13ceca87f1a7df2d5c01d13fb59d76ce61c5c,1780391845529,1780391845622,1780391845650,1780391845744,93,28,94,215
250,785,bottleneck_250_785_1780391845538_325975,success,,5c253a2cb8c6b12a98e8c5713464f7d54c3e50d0c8ac2fe93f549352f063267f,1780391845538,1780391845623,1780391845649,1780391845744,85,26,95,206
250,792,bottleneck_250_792_1780391845568_963837,success,,7065eb7a1c9d73fc0e7c9f9199535a7f48df5da38c484473d60e642118b3a1ba,1780391845568,1780391845620,1780391845650,1780391845744,52,30,94,176
250,794,bottleneck_250_794_1780391845573_773486,success,,8f5ea4c5844df584bdf099caa6cc7623e220ee1505f452305b1845d1c2e9fd1c,1780391845573,1780391845632,1780391845651,1780391845744,59,19,93,171
250,807,bottleneck_250_807_1780391845628_661901,success,,ef31aeafb4271af39a7d8f11c2e12a2f3063953771df3efadf7873087d2dc19e,1780391845628,1780391845677,1780391845693,1780391845795,49,16,102,167
250,781,bottleneck_250_781_1780391845521_346822,success,,51bd37d399531c3378b1735d6ee0cb8fa3d2e1d068941fbdb63f12440d78a194,1780391845521,1780391845630,1780391845653,1780391845795,109,23,142,274
250,789,bottleneck_250_789_1780391845555_984546,success,,4bb2df16f8083a81aa1e3e26216b77abfaddf55c2fe0b7b349d71bc94240796a,1780391845555,1780391845629,1780391845654,1780391845795,74,25,141,240
250,786,bottleneck_250_786_1780391845541_931447,success,,e4f5385de773e345d0262def2f1fc6e6742d532a8bd1c65c44e02abd06be01ec,1780391845541,1780391845631,1780391845655,1780391845795,90,24,140,254
250,788,bottleneck_250_788_1780391845551_315657,success,,f64e2ad93583c774848ac3616d78736079d785b316d1e69eb8c86a0faa1b77f0,1780391845551,1780391845638,1780391845660,1780391845795,87,22,135,244
250,796,bottleneck_250_796_1780391845582_794673,success,,45c18772856f8cadc4bac26a04a3ea9fee7f5a5343187b16b14b86c703dff9da,1780391845582,1780391845639,1780391845661,1780391845795,57,22,134,213
250,787,bottleneck_250_787_1780391845545_827498,success,,318acaf1e99d4d5dd88f3bcee2d3ae66991eacb8c5431fa6e29074e366cd01e8,1780391845545,1780391845643,1780391845664,1780391845795,98,21,131,250
250,800,bottleneck_250_800_1780391845599_609951,success,,7261bfb73f63c8781c7e372e39abe4982271b1f313ab6c8637bd1e3b3507ce4e,1780391845599,1780391845677,1780391845693,1780391845797,78,16,104,198
250,795,bottleneck_250_795_1780391845577_277926,success,,42e7d49afe52307a54f041de6a847760f27ed5c77ed5f1aca6e59eeb18bb4f14,1780391845577,1780391845642,1780391845663,1780391845797,65,21,134,220
250,797,bottleneck_250_797_1780391845586_933825,success,,5d2b430272ca5118a0ac8e2177ba942a2e1193c656e24ba39aeb1d7044e27bd2,1780391845586,1780391845641,1780391845662,1780391845797,55,21,135,211
250,804,bottleneck_250_804_1780391845614_646583,success,,f09c68eeb19dc63109498adf1bc5b9c09ef083d7ace84d55c2212aa13520a898,1780391845614,1780391845679,1780391845698,1780391845837,65,19,139,223
250,801,bottleneck_250_801_1780391845602_225840,success,,53ca3d3a01c20a6191079cf4bf697ac57ea0cacedc7cf569255ae707da98dcb7,1780391845602,1780391845681,1780391845697,1780391845837,79,16,140,235
250,810,bottleneck_250_810_1780391845640_464064,success,,b6e612a44410c567e7d458378aba09096d64a1f4e64a5394fd6ddb43e983316c,1780391845640,1780391845691,1780391845707,1780391845837,51,16,130,197
250,805,bottleneck_250_805_1780391845625_207042,success,,c26774a38a494cdba88b7471e7d28624a1cd9f422cd00bc638090e3e2bbe2699,1780391845625,1780391845682,1780391845699,1780391845837,57,17,138,212
250,809,bottleneck_250_809_1780391845634_239356,success,,836f0ed54b2952e8e1661e5e0e7af685e3a3fb60434bead483281b95272c64c3,1780391845634,1780391845683,1780391845697,1780391845837,49,14,140,203
250,802,bottleneck_250_802_1780391845612_171972,success,,51a98efc91959c7f4070589abfed63df1b02d0557e9785159ddb0201ce318478,1780391845612,1780391845680,1780391845700,1780391845837,68,20,137,225
250,808,bottleneck_250_808_1780391845633_780266,success,,a5f1e37d7877170f9847556beb6bd51916865b13b9840bc1462830919a66a969,1780391845633,1780391845684,1780391845701,1780391845837,51,17,136,204
250,803,bottleneck_250_803_1780391845613_160962,success,,380f480e5ae319a7ef395a5453726031204b41ed15153fe4fefd795fb2499d7d,1780391845613,1780391845683,1780391845700,1780391845837,70,17,137,224
250,799,bottleneck_250_799_1780391845598_429024,success,,1d828948064f5a4f8ca65ad4814d49007a207565dfdcbe4dcc14132d6423ac24,1780391845598,1780391845690,1780391845702,1780391845837,92,12,135,239
250,798,bottleneck_250_798_1780391845590_855221,success,,437b3e9a6bc07ff242e063e4e984d3de6d57e18314253a75ea8c6fa3f7ef17f1,1780391845590,1780391845688,1780391845702,1780391845838,98,14,136,248
250,816,bottleneck_250_816_1780391845665_822955,success,,b819fbffd9565179dedd283c6faa51764cf0529aab8207ebb941bfe0a4f35ae4,1780391845665,1780391845776,1780391845787,1780391845859,111,11,72,194
250,811,bottleneck_250_811_1780391845656_555331,success,,bead533d7984e5a77dbfc8fdfd15dfc8c4778b501e44a3a85d031c918a4c1de1,1780391845656,1780391845726,1780391845737,1780391845859,70,11,122,203
250,813,bottleneck_250_813_1780391845658_753726,success,,fa32a01de8faf37825b25f0af186cd57c2854dee2e823f3036e6afa0286cfed2,1780391845658,1780391845724,1780391845736,1780391845859,66,12,123,201
250,815,bottleneck_250_815_1780391845659_62640,success,,7ae52a3b1f5b88a551c36255d736da834b82f567a8f32937360d227f9858512d,1780391845659,1780391845727,1780391845743,1780391845859,68,16,116,200
250,806,bottleneck_250_806_1780391845627_87668,success,,ec93c40da957e1e18a28ff2daf53a1eab0322cdfcdc7f0a5ea39c6d5fd61a11e,1780391845627,1780391845692,1780391845708,1780391845859,65,16,151,232
250,814,bottleneck_250_814_1780391845659_177864,success,,d557ec0856d9d9c845e58b5743997beaf6473d37bb0725308df4ef6d54d95070,1780391845659,1780391845738,1780391845770,1780391845859,79,32,89,200
250,817,bottleneck_250_817_1780391845666_706664,success,,ffbc3d45f149619f5406469ee76ad66fb669e5b7c49454ac18cfdd25783e89ce,1780391845666,1780391845739,1780391845771,1780391845859,73,32,88,193
250,821,bottleneck_250_821_1780391845685_942478,success,,24ad9b1a58ee054f79dacdbc1124ecadd4e2d8628440271f503f75ea51837fe4,1780391845685,1780391845773,1780391845783,1780391845859,88,10,76,174
250,818,bottleneck_250_818_1780391845670_353141,success,,8dff833ac95deaa8f47cd77d0dc793604e690551b8924e32550352d52e5d69c9,1780391845670,1780391845775,1780391845784,1780391845859,105,9,75,189
250,823,bottleneck_250_823_1780391845694_58722,success,,c6a9a6fea9ca5b19e1900f92790d685f21e4e0dc00f4d037bb1f68e6f63cb737,1780391845694,1780391845774,1780391845784,1780391845859,80,10,75,165
250,830,bottleneck_250_830_1780391845718_927568,success,,504f649080510f8d6dc8f9a04649a2471c5c370a198d97b9cce02665a3d0e918,1780391845718,1780391845807,1780391845825,1780391845875,89,18,50,157
250,824,bottleneck_250_824_1780391845696_904080,success,,f4dbcbbaf54bdb49e5ffb740e218b5e58aaed4fa4aec218782c40b874e9b5899,1780391845696,1780391845780,1780391845791,1780391845875,84,11,84,179
250,820,bottleneck_250_820_1780391845678_912159,success,,91e1f135dc59889eee855718fa8b4f19f4581a6969b6b18711fb8cf12295664d,1780391845678,1780391845777,1780391845787,1780391845875,99,10,88,197
250,812,bottleneck_250_812_1780391845657_712126,success,,61227fc0689e8f3f36802cebcdd4653b3afa1a4858faf480bcd433594dd831b0,1780391845657,1780391845782,1780391845789,1780391845876,125,7,87,219
250,822,bottleneck_250_822_1780391845686_481546,success,,44a89965845d95ec7caab16447442bdcd5b29039d0e4eab6fe97b8defaa7b235,1780391845686,1780391845781,1780391845789,1780391845876,95,8,87,190
250,819,bottleneck_250_819_1780391845675_712580,success,,6661faacedcde150585cca36c271353ed1c6a1555ff476f03fd1c46aeb13d5b6,1780391845675,1780391845779,1780391845790,1780391845876,104,11,86,201
250,835,bottleneck_250_835_1780391845741_781276,success,,32135797e78d2bcb0526346d4baa1874251db1cb753993bc45bbdaeeed1acec0,1780391845741,1780391845802,1780391845824,1780391845876,61,22,52,135
250,837,bottleneck_250_837_1780391845746_295046,success,,684302c24c6bda27e51b804485bbf8307f3ab32f55b8397d3b4a246527429a5b,1780391845746,1780391845801,1780391845810,1780391845876,55,9,66,130
250,832,bottleneck_250_832_1780391845728_833335,success,,cf80d81ef6fd7133fe2424cb74fb6c17ded62e9e259b0f699355f1cf7624db2c,1780391845728,1780391845805,1780391845825,1780391845876,77,20,51,148
250,827,bottleneck_250_827_1780391845705_973101,success,,98489831b1335e3ba965d6964d69ecf96f86eb48214859addea4caba422fbe79,1780391845705,1780391845806,1780391845826,1780391845876,101,20,50,171
250,842,bottleneck_250_842_1780391845765_96663,success,,5afef35a0359acff9e8a8d383d2cd97e7b1cbcb6ddc691202999f5de68347d47,1780391845765,1780391845841,1780391845865,1780391845900,76,24,35,135
250,833,bottleneck_250_833_1780391845730_68973,success,,66dcc294397909e6b04be3ade005257d52ed219ee5e0de862cc5a4d3fe0fe58c,1780391845730,1780391845808,1780391845827,1780391845903,78,19,76,173
250,831,bottleneck_250_831_1780391845721_525432,success,,35f617643139b31ca96dcd4b6e109f48c690480ab496f35bce0e78eb2c589f38,1780391845721,1780391845815,1780391845834,1780391845912,94,19,78,191
250,829,bottleneck_250_829_1780391845713_798914,success,,d13ae821d53b48b335cff0b0e7494d73d9e3267cf08d9a1b6dc5a8a1f8d6b9ce,1780391845713,1780391845811,1780391845835,1780391845912,98,24,77,199
250,836,bottleneck_250_836_1780391845741_790280,success,,a66794a654e43e7fe71bb33c2cd144c64547bb1be0d963e32576326af00ccf3e,1780391845741,1780391845814,1780391845833,1780391845912,73,19,79,171
250,840,bottleneck_250_840_1780391845757_643810,success,,471bc52939e2c88d2eb8f2de85820d8351273412c7fae36ba402f5579ce030d4,1780391845757,1780391845816,1780391845836,1780391845912,59,20,76,155
250,834,bottleneck_250_834_1780391845734_779849,success,,8de3b27f482891a1fb1242237b0d15f2c05361277cb23e1e7511fd93138c00b9,1780391845734,1780391845817,1780391845837,1780391845912,83,20,75,178
250,826,bottleneck_250_826_1780391845704_424091,success,,3e550760f808d384aeb77f1e60744c5edf7db2604eafc8c5d36e5cd779d60684,1780391845704,1780391845821,1780391845838,1780391845912,117,17,74,208
250,828,bottleneck_250_828_1780391845710_264313,success,,42578dba990300208c10077acba44d626a5bdc3d16a492b39ec3f0f0c40b58dd,1780391845710,1780391845822,1780391845839,1780391845912,112,17,73,202
250,839,bottleneck_250_839_1780391845755_399637,success,,27f86a5fbee52177200d6a2528c584bc1151df31d96c22596850c66d07f34b5b,1780391845755,1780391845840,1780391845864,1780391845912,85,24,48,157
250,850,bottleneck_250_850_1780391845798_314649,success,,296fcb6097204b89a95a2f490ac4ffe52f7a7af873ba7e1d935696b20e2aed46,1780391845798,1780391845856,1780391845883,1780391845923,58,27,40,125
250,846,bottleneck_250_846_1780391845785_197882,success,,de02d5c7de93b10b474096a89ff37d4bd368b010ac0f28858409f5f78fa403ec,1780391845785,1780391845845,1780391845868,1780391845923,60,23,55,138
250,841,bottleneck_250_841_1780391845761_137953,success,,2420b3864b160c07200965464b18899ebc233a3172bdf24be0309829f774e158,1780391845761,1780391845842,1780391845866,1780391845923,81,24,57,162
250,838,bottleneck_250_838_1780391845750_252864,success,,712b7f745e8e4cc53b6a61f3a57bcd39d77b9e9240fa7310919ea00eb3f0d1f2,1780391845750,1780391845842,1780391845867,1780391845923,92,25,56,173
250,843,bottleneck_250_843_1780391845772_450642,success,,d69fbe1ea536294084da16e62c562ecd5064532158818d96f40d09f16653a24e,1780391845772,1780391845844,1780391845867,1780391845926,72,23,59,154
250,847,bottleneck_250_847_1780391845786_319351,success,,7d98d18d9f50bdfb39a136a7d4a9a61f4397d09eb9c5cedf2a65c826f45aa8ee,1780391845786,1780391845852,1780391845869,1780391845926,66,17,57,140
250,845,bottleneck_250_845_1780391845778_49192,success,,375d996f00e5769d9da9dcc00900b74a63732eedc6d6a426911d2c0a51ff7ff3,1780391845778,1780391845853,1780391845869,1780391845927,75,16,58,149
250,849,bottleneck_250_849_1780391845793_526417,success,,361610d4de6bcdae40e89159a605979c4514e6a8eae96aeedb145593ddac1bd3,1780391845793,1780391845854,1780391845875,1780391845927,61,21,52,134
250,848,bottleneck_250_848_1780391845792_948026,success,,96baa8e678dc000418238d4512f54d1bca61d99dbde188d56f2844da5557ed6f,1780391845792,1780391845855,1780391845874,1780391845927,63,19,53,135
250,844,bottleneck_250_844_1780391845774_955497,success,,c6a61bb625a98d1a2c0abb92d3bb6dd4d30afa2faf972195431fde14092216b5,1780391845774,1780391845857,1780391845882,1780391845927,83,25,45,153
250,865,bottleneck_250_865_1780391845860_315828,success,,bf29d67292544ea7274506afa34d89a414727028147779b1f9ed82de1bc17ebb,1780391845860,1780391845884,1780391845900,1780391845959,24,16,59,99
250,851,bottleneck_250_851_1780391845803_518744,success,,24e428f1e63313793387dca92a154e4b861e927d79a0c919f68627616753239a,1780391845803,1780391845863,1780391845876,1780391845959,60,13,83,156
250,854,bottleneck_250_854_1780391845818_832239,success,,c63444fc528307d62771c713abb842fb2ec21a84b8813d6da731abb874d01b89,1780391845818,1780391845862,1780391845883,1780391845959,44,21,76,141
250,825,bottleneck_250_825_1780391845703_898174,success,,8843a43aeb1a9aba2574e5f6da5e9346bf33ea2edcc44d8690f4a952d6c1a7be,1780391845703,1780391845858,1780391845880,1780391845959,155,22,79,256
250,853,bottleneck_250_853_1780391845809_469319,success,,7ef944dc66415041ff38f8babaa478b9f121eee74d81ed1f33e947ad675ff4f5,1780391845809,1780391845861,1780391845879,1780391845959,52,18,80,150
250,855,bottleneck_250_855_1780391845819_35800,success,,2c57f29a1630f2881acb2f15eafc9eb04968bce86fd3076b3e305bd1df541d7e,1780391845819,1780391845861,1780391845877,1780391845959,42,16,82,140
250,857,bottleneck_250_857_1780391845829_232757,success,,6d5fef99c3e5d1ebdc4a98d42e5250bed7d623284558caf59fe78dbae8ba7f8c,1780391845829,1780391845879,1780391845891,1780391845959,50,12,68,130
250,852,bottleneck_250_852_1780391845809_911877,success,,05f7927aedc26d602f60cb783333f75c296465a7bb70a6bf2c0882b09f6e23b3,1780391845809,1780391845864,1780391845888,1780391845959,55,24,71,150
250,858,bottleneck_250_858_1780391845832_308501,success,,52eee59545d3644901c46a64f2988f250c9e7b9295b59e4c1e9a21a5c34b00d5,1780391845832,1780391845881,1780391845895,1780391845959,49,14,64,127
250,856,bottleneck_250_856_1780391845829_201551,success,,12d5a8c895d1e61bd1474807d9cd70d299d3bca19aac9c7471828845152aafc1,1780391845829,1780391845882,1780391845896,1780391845959,53,14,63,130
250,870,bottleneck_250_870_1780391845878_167762,success,,1b7ec78d1f894258d1ac1a6adf8b449d719780a3a879c614163b53bbb2c920b8,1780391845878,1780391845921,1780391845937,1780391845966,43,16,29,88
250,862,bottleneck_250_862_1780391845849_537287,success,,1d2bb229acf9fa2f9eb7a73c2112baccfd866c58dba9835861cdfcbdedc5fa5e,1780391845849,1780391845908,1780391845916,1780391845966,59,8,50,117
250,869,bottleneck_250_869_1780391845873_699429,success,,31dbbec85e74853121efe53739cb52c057ec08a4debf4af396cbf5f8f1a6d100,1780391845873,1780391845903,1780391845913,1780391845966,30,10,53,93
250,859,bottleneck_250_859_1780391845846_344677,success,,62543e8f885198b5e1a4f4462b8494bd17f54d6e504206b926fb247fd0b6a288,1780391845846,1780391845904,1780391845912,1780391845966,58,8,54,120
250,861,bottleneck_250_861_1780391845848_816590,success,,e6b3aaf757e7c671dd7573703616634530da7f18f821245f654afd7f0be44650,1780391845848,1780391845909,1780391845917,1780391845966,61,8,49,118
250,866,bottleneck_250_866_1780391845871_241390,success,,fcca072aec965311519a09b622e76129f9cec623d65de3bcf80643b36641ca76,1780391845871,1780391845919,1780391845930,1780391845966,48,11,36,95
250,864,bottleneck_250_864_1780391845859_955054,success,,8c488a68bde7c1d6750bcd221a858ebe64832b3919183645e332d96b5a1d764d,1780391845859,1780391845907,1780391845915,1780391845966,48,8,51,107
250,863,bottleneck_250_863_1780391845850_358541,success,,543966308671a89a4699bceb1087dc74cdc9c38cf80acdf7b1c06c70c5d26969,1780391845850,1780391845908,1780391845915,1780391845966,58,7,51,116
250,860,bottleneck_250_860_1780391845847_885493,success,,77c4a4ea311e2c101c47d5125076dc28afcdb670bac733efe1e838e3a8a8bbb0,1780391845847,1780391845911,1780391845918,1780391845966,64,7,48,119
250,872,bottleneck_250_872_1780391845886_622438,success,,9ad9ec3f231ba5eb9219a23cd720c8fa9b3be549b9b5cf3ebf288d92e572eb0c,1780391845886,1780391845920,1780391845928,1780391845966,34,8,38,80
250,878,bottleneck_250_878_1780391845910_766123,success,,41de35ae74a0ccf3fad85bceae74fee389244094058e45d91dc8eb3909872871,1780391845910,1780391845948,1780391845961,1780391845998,38,13,37,88
250,875,bottleneck_250_875_1780391845898_470500,success,,d4a93c7baaf88db656bfe37099ec349d86209336180dd780adedbbcd8a7b917d,1780391845898,1780391845929,1780391845950,1780391846001,31,21,51,103
250,877,bottleneck_250_877_1780391845905_841033,success,,8e5188dd520d0ba312d042f1878410439936d44ff0e9c9fb843ac95f4795340d,1780391845905,1780391845939,1780391845952,1780391846001,34,13,49,96
250,868,bottleneck_250_868_1780391845872_22214,success,,319a01576d02b6bb4492066ec77a1f48816679004077c33a19a578460944fdee,1780391845872,1780391845938,1780391845953,1780391846001,66,15,48,129
250,867,bottleneck_250_867_1780391845872_257406,success,,8db4480436e6e9a1b5a4f8af9c186be554816aefdc5b07810c546f371668fa17,1780391845872,1780391845940,1780391845953,1780391846001,68,13,48,129
250,876,bottleneck_250_876_1780391845902_565112,success,,6d4a3e891a308bc920ca1137cdb0b6073e2dac3a93f8fdf2e6b6faa3aedc0eb2,1780391845902,1780391845941,1780391845954,1780391846001,39,13,47,99
250,871,bottleneck_250_871_1780391845885_39777,success,,461aec43068cb05449f4b4856f160cee205b96e1949f2dea539efb16a149a13f,1780391845885,1780391845941,1780391845955,1780391846001,56,14,46,116
250,874,bottleneck_250_874_1780391845894_784764,success,,92768fee69b400e974dd1f0c53121abf21b54539236d16957912f990a4cfed20,1780391845894,1780391845946,1780391845960,1780391846001,52,14,41,107
250,873,bottleneck_250_873_1780391845892_125476,success,,04fb1370eeb353d88297e0d2f11201b51d12ce43d5b51701842fa13cfda7c265,1780391845892,1780391845945,1780391845959,1780391846001,53,14,42,109
250,879,bottleneck_250_879_1780391845914_783114,success,,daf56f6eaa932e408fde0c813b6e24470df32fbb0e5aea588bc7ecefc721f77a,1780391845914,1780391845949,1780391845961,1780391846001,35,12,40,87
250,889,bottleneck_250_889_1780391845957_396601,success,,6d3c931755915ef88490bb7b84f9e45d9025857cf169ff71578337094229108c,1780391845957,1780391846003,1780391846014,1780391846047,46,11,33,90
250,880,bottleneck_250_880_1780391845918_397363,success,,5f03af92fb01d3e9897c5a07e493bc0561cc5f29450ec56ff07b1f77c4b2f5c9,1780391845918,1780391845947,1780391845962,1780391846047,29,15,85,129
250,881,bottleneck_250_881_1780391845922_856446,success,,8b41857948cc9bbabcd168e44bdb4e9b557dcac6ce4791e655d3c52f50d98587,1780391845922,1780391845952,1780391845964,1780391846048,30,12,84,126
250,884,bottleneck_250_884_1780391845935_523442,success,,f2d4c4c46f9fa1d0d76e1b205d1ca8a462a4349a39d4c4f40bdcea5b40a4f256,1780391845935,1780391845972,1780391845992,1780391846048,37,20,56,113
250,887,bottleneck_250_887_1780391845946_191963,success,,3177a08811d1f1986bdcb58cd5c40d3dcc4e8001a838c3742e3f67cc6114ec2c,1780391845946,1780391845976,1780391845990,1780391846048,30,14,58,102
250,886,bottleneck_250_886_1780391845943_168419,success,,532a63d0d002ec3695a4c627d4dd2f2218bfa193f778348ea60c660dc218fa43,1780391845943,1780391845974,1780391845991,1780391846048,31,17,57,105
250,885,bottleneck_250_885_1780391845942_776934,success,,c2576124a5ddfb1d9eb16588af6a3c02d785dac66558ab46d9c936582e126d4d,1780391845942,1780391845981,1780391845993,1780391846048,39,12,55,106
250,882,bottleneck_250_882_1780391845927_946722,success,,433bca1dcd5cb09a9949553687a5e2a43206b9acd6e15977c28b6f1377d1dac6,1780391845927,1780391845977,1780391845994,1780391846048,50,17,54,121
250,883,bottleneck_250_883_1780391845934_944864,success,,f8550dfd1cdd87d99e36601a25f6660b1c5cba6a426c8d3ab5ba27d756a32da6,1780391845934,1780391845983,1780391845993,1780391846048,49,10,55,114
250,893,bottleneck_250_893_1780391845970_676736,success,,2ca4ca235c5b9d6bd9c0a188161e08d30b96bfa185bb052e0e2e3a26174725a9,1780391845970,1780391846000,1780391846010,1780391846048,30,10,38,78
250,901,bottleneck_250_901_1780391846001_176971,success,,daf1cdaf9a8a3878815bacca492dd605443065fd7e51c97a77234b2ffd36fd35,1780391846001,1780391846024,1780391846044,1780391846064,23,20,20,63
250,891,bottleneck_250_891_1780391845963_222112,success,,7acfb2c008c1a26e983cea6b7513ecf325d122932f9c79844bb8eb4ea909ddbe,1780391845963,1780391846007,1780391846015,1780391846064,44,8,49,101
250,890,bottleneck_250_890_1780391845958_426370,success,,194e7d235cb76f47092890e5775da38a4b3b5850791bf593e9ba76840a14abb7,1780391845958,1780391846006,1780391846016,1780391846064,48,10,48,106
250,892,bottleneck_250_892_1780391845966_311133,success,,437defed6cc413030f8504f8045cdea5957a0b09d9b4b4ef10a1c50154547bcb,1780391845966,1780391846004,1780391846023,1780391846064,38,19,41,98
250,888,bottleneck_250_888_1780391845956_133680,success,,44cdf6924e9fdd5284fd2af6f7c3720163a6ac5272cc6b57dbf39c488e57173b,1780391845956,1780391846008,1780391846027,1780391846064,52,19,37,108
250,895,bottleneck_250_895_1780391845979_241440,success,,712ab4f0305929364b7a766fee20e1be2bce3fb4d5e3d248a19e6160c9ae0fa5,1780391845979,1780391846011,1780391846027,1780391846064,32,16,37,85
250,900,bottleneck_250_900_1780391845998_639876,success,,347b52215ee0fd4cad65d320de59563b99f73378c4b00e503146c02e59c415b0,1780391845998,1780391846012,1780391846029,1780391846064,14,17,35,66
250,897,bottleneck_250_897_1780391845985_679899,success,,e12a59568f40f8f8d03362e7fc0600a9927cbaed3f28c45014bd7b46032e0bfa,1780391845985,1780391846013,1780391846031,1780391846064,28,18,33,79
250,894,bottleneck_250_894_1780391845978_697191,success,,7bb2e1b4a3347505394f4f0ea5f9e903140cc92129dce5e54dd207a485fb6005,1780391845978,1780391846012,1780391846032,1780391846064,34,20,32,86
250,896,bottleneck_250_896_1780391845984_928005,success,,2339cc2ed319d3f245b60ea736b38e4f35a57daa64cfed21f385113ff9011a73,1780391845984,1780391846020,1780391846043,1780391846064,36,23,21,80
250,907,bottleneck_250_907_1780391846034_19439,success,,17efa52b0a31c0297caab0559b6f4b1829f2b1e2cff850f66b5ddb4ce344967b,1780391846034,1780391846069,1780391846078,1780391846100,35,9,22,66
250,909,bottleneck_250_909_1780391846037_541574,success,,98ececb577fe75c0872f872137822d95b8c6e9967bc2fc1fff025f4e8a9c3270,1780391846037,1780391846064,1780391846068,1780391846100,27,4,32,63
250,902,bottleneck_250_902_1780391846008_725101,success,,b9c18039f095efb5ec405f0dbda66789f06be69473ab565256005fbf06c962e3,1780391846008,1780391846039,1780391846054,1780391846100,31,15,46,92
250,898,bottleneck_250_898_1780391845989_7337,success,,825661529278123f33bf7e6defb9cd731c25f155acbca555ef13f057bcd13a5a,1780391845989,1780391846021,1780391846045,1780391846101,32,24,56,112
250,908,bottleneck_250_908_1780391846035_560816,success,,8ad1b0a1e5398905739d67709df824c19aab42cceb8d3fcb6ffbaa7f7e63d35c,1780391846035,1780391846066,1780391846075,1780391846101,31,9,26,66
250,899,bottleneck_250_899_1780391845995_413551,success,,222efc3bdb897ebb2e253986cbc10b20e20e84603d5d8a41f357fe66bad18c38,1780391845995,1780391846026,1780391846044,1780391846101,31,18,57,106
250,904,bottleneck_250_904_1780391846017_463502,success,,c4fc0e7436200b24e1b5eaed433af70852aea7af7a8c2fb9ad38182021546369,1780391846017,1780391846042,1780391846057,1780391846101,25,15,44,84
250,903,bottleneck_250_903_1780391846009_375235,success,,fb249b1d4cc4bae5eac94bcf20291b51c6c9fe4b21b3ca023487344101f244e0,1780391846009,1780391846041,1780391846056,1780391846101,32,15,45,92
250,905,bottleneck_250_905_1780391846018_652916,success,,18e4439afa7e4db6db764ec9e58558585b18bfa57c67e44de9dc708125f12a80,1780391846018,1780391846041,1780391846053,1780391846101,23,12,48,83
250,906,bottleneck_250_906_1780391846033_934366,success,,252bdb425f054e03dd72f63857321fff36caceface4ac67ab86f385d3261f628,1780391846033,1780391846068,1780391846075,1780391846101,35,7,26,68
250,918,bottleneck_250_918_1780391846070_316655,success,,b9768c0dac43b658c2a45c2ba2a0fa6678e4c0348d7229d02cde3671e3c233f4,1780391846070,1780391846085,1780391846095,1780391846116,15,10,21,46
250,911,bottleneck_250_911_1780391846046_535105,success,,63431377f24fc43736b1a91a6e5615242fbf2162b8ece2016e9488824109a13a,1780391846046,1780391846074,1780391846084,1780391846117,28,10,33,71
250,915,bottleneck_250_915_1780391846058_725851,success,,d707f784145f219ad4f353f8e2e7f1425d60b60d768b4947402594447b0d2425,1780391846058,1780391846080,1780391846089,1780391846117,22,9,28,59
250,916,bottleneck_250_916_1780391846061_903505,success,,db63c54d0c63140a9d9e4d967cb9a2ebc9cdeb8a6b9f9292422f61a977683979,1780391846061,1780391846079,1780391846091,1780391846117,18,12,26,56
250,917,bottleneck_250_917_1780391846067_118107,success,,5bccf22b7f12b9f0dd8e8307d3126455cab79d15ad957b346e35b9e5dba0ace0,1780391846067,1780391846080,1780391846092,1780391846117,13,12,25,50
250,914,bottleneck_250_914_1780391846055_220141,success,,14f81a8d4e9ff172aae4e80a2320036c16e8ceb5f61f5bee1d734a663800dd61,1780391846055,1780391846081,1780391846093,1780391846117,26,12,24,62
250,920,bottleneck_250_920_1780391846077_487,success,,90335a02b681fe6edab926c100c95c10c46c454731a692b241828180e01b3ed8,1780391846077,1780391846088,1780391846095,1780391846117,11,7,22,40
250,913,bottleneck_250_913_1780391846050_858,success,,27f7d1cd193209efa6a54d2ccec61532eb2022f64eea4c2b32f678a6ce4ccbcf,1780391846050,1780391846072,1780391846083,1780391846117,22,11,34,67
250,910,bottleneck_250_910_1780391846037_358679,success,,ef6fbc36cf99929ac89e6a7e0e5158aef1dcca983161fd84e70492a9de56b05a,1780391846037,1780391846071,1780391846083,1780391846117,34,12,34,80
250,912,bottleneck_250_912_1780391846047_270860,success,,cb4bd77b942fa4279e03005a267634ef0ab12a1a49c1b475839dcb25b01ac55b,1780391846047,1780391846073,1780391846082,1780391846117,26,9,35,70
250,929,bottleneck_250_929_1780391846116_490703,success,,5b94db60749e6e816029889475570861e507ba955bad39754b2035f1d7c6564d,1780391846116,1780391846125,1780391846129,1780391846166,9,4,37,50
250,922,bottleneck_250_922_1780391846086_402435,success,,6a47ead122d98d86e20039d24d25ea80b7a3304a8ff57425a6872827f4a8f4db,1780391846086,1780391846097,1780391846099,1780391846166,11,2,67,80
250,924,bottleneck_250_924_1780391846094_737226,success,,46ada27015e55b5313aa4859b8234624c8fdb5d9240e221c37712e23d74e09e2,1780391846094,1780391846113,1780391846119,1780391846166,19,6,47,72
250,921,bottleneck_250_921_1780391846085_884112,success,,fefa7bf39b8ade963d27859a52060604717af8a8d290a1a1c1b570eaebc79e6d,1780391846085,1780391846112,1780391846116,1780391846166,27,4,50,81
250,926,bottleneck_250_926_1780391846102_221261,success,,42f936ba894942bc9ce786c0a3380ef50ee6e97b5e8e2e6ab479007b6c1b9fdf,1780391846102,1780391846113,1780391846118,1780391846166,11,5,48,64
250,925,bottleneck_250_925_1780391846097_399109,success,,e0b5cb88cb50c332e06992d2b4882ef5ef57c1384322b09a3cf7f74d0874c8a7,1780391846097,1780391846114,1780391846117,1780391846166,17,3,49,69
250,927,bottleneck_250_927_1780391846105_623915,success,,82687888d9699afd50980e7ee2c4d803a2a613f79aa8cf5b74a74f53477e56f3,1780391846105,1780391846122,1780391846125,1780391846166,17,3,41,61
250,923,bottleneck_250_923_1780391846090_212317,success,,76be4cf562211ebe3158883eb6abc8603d089e32dd3ca44d47ee11cea32f2cc2,1780391846090,1780391846115,1780391846121,1780391846166,25,6,45,76
250,928,bottleneck_250_928_1780391846109_384299,success,,90965541b689dd7990bc5bc1f647fc091fdac173f2ca755c9fa06cae7c11cc73,1780391846109,1780391846123,1780391846128,1780391846166,14,5,38,57
250,919,bottleneck_250_919_1780391846076_648215,success,,4c8d93855cce87f0c17c35418ac433cd87901ec11ddfab96255d70f2f47e86cd,1780391846076,1780391846092,1780391846096,1780391846168,16,4,72,92
250,941,bottleneck_250_941_1780391846161_613715,success,,25bb2b337c53c30a44ec9896217591522f6713a179461c3cb1755dda78aefa5c,1780391846161,1780391846179,1780391846187,1780391846208,18,8,21,47
250,939,bottleneck_250_939_1780391846153_949217,success,,d701c680112f06df8cbbd79d0def38650d87b2f5d868f42330700ddf1ad125a1,1780391846153,1780391846180,1780391846191,1780391846208,27,11,17,55
250,930,bottleneck_250_930_1780391846120_656494,success,,0fdf413346fb12d1d5ee29b1f5a77dc259afaeeeee8b8f73fbb991a313e05c98,1780391846120,1780391846127,1780391846133,1780391846208,7,6,75,88
250,931,bottleneck_250_931_1780391846124_223806,success,,9a430086f246dd8058cf2ae8ffa538eb79e6773852c9ff7d488076dab4704cb9,1780391846124,1780391846131,1780391846135,1780391846208,7,4,73,84
250,932,bottleneck_250_932_1780391846126_856475,success,,8754fa124a7ccb99150f5f3b966ae3116f46f181cc0605dc6778f8d8ef9f82fb,1780391846126,1780391846133,1780391846137,1780391846208,7,4,71,82
250,933,bottleneck_250_933_1780391846130_604433,success,,3f45a74f4523bf8577bbc7b58b08bd6541ca460f111409bd48f15ea03b034353,1780391846130,1780391846136,1780391846142,1780391846208,6,6,66,78
250,934,bottleneck_250_934_1780391846134_337558,success,,363bfbfb691dd81c3f1069c5e6b7dab8b8013f24ca6f7ac8f54864e07731c98c,1780391846134,1780391846143,1780391846146,1780391846208,9,3,62,74
250,935,bottleneck_250_935_1780391846138_793531,success,,8babd0fcd4bf6264fd7cf0119996c0acf486cc2bdc95945f4758f7def45cf312,1780391846138,1780391846148,1780391846151,1780391846208,10,3,57,70
250,936,bottleneck_250_936_1780391846141_705528,success,,9dcc4e6eea9d518f08931357e6387ba00a5580aa71ea70192a69fc7844313d64,1780391846141,1780391846152,1780391846156,1780391846208,11,4,52,67
250,937,bottleneck_250_937_1780391846147_948795,success,,5220eb2bb5472ef8e070ba2a71704654ce324937c0d889c76e1f396d194cc676,1780391846147,1780391846160,1780391846162,1780391846208,13,2,46,61
250,952,bottleneck_250_952_1780391846205_215626,success,,29077948d7c3fb5749150bd5f819f6ed6f0757557b5a8b8faeff236df321d359,1780391846205,1780391846215,1780391846222,1780391846249,10,7,27,44
250,938,bottleneck_250_938_1780391846149_586194,success,,29f239bd9c98e23b74f796d3ea799506f591513372b33716e74d09d695f9fd40,1780391846149,1780391846181,1780391846190,1780391846249,32,9,59,100
250,945,bottleneck_250_945_1780391846178_385478,success,,6642775a3a65e38f0a3bf794352e3cb4f9c85c9db7007e45266af037a8b67819,1780391846178,1780391846188,1780391846195,1780391846250,10,7,55,72
250,944,bottleneck_250_944_1780391846174_654549,success,,f69905e8dfede7c36137b55de20997070b08b6ec119701af8e0959e363bbde6e,1780391846174,1780391846182,1780391846189,1780391846250,8,7,61,76
250,942,bottleneck_250_942_1780391846165_283133,success,,98d515648b72830a99822ebede3ff91af6db8c3d56b71aa2e4edcd1b7adb7d53,1780391846165,1780391846183,1780391846193,1780391846250,18,10,57,85
250,940,bottleneck_250_940_1780391846157_233073,success,,c94bdde914e9f3bb2379deed89d1b5da3121e6e070a32c75e0b770e53d2f2cbb,1780391846157,1780391846183,1780391846194,1780391846250,26,11,56,93
250,947,bottleneck_250_947_1780391846186_897841,success,,56a636e4b73f0b591e5fef3a1fb22b6a68af59ea0d003674777a40a1766aebc5,1780391846186,1780391846200,1780391846202,1780391846250,14,2,48,64
250,943,bottleneck_250_943_1780391846170_139545,success,,769e88e8474ef3b1e68bcb73e65564a9fcba89e5cbc19a4c1161db5130352715,1780391846170,1780391846184,1780391846196,1780391846250,14,12,54,80
250,946,bottleneck_250_946_1780391846185_340836,success,,72d25aa5b84cb6e1ac0448b1969f760208882b5eaf92985db00ffe2b894acb39,1780391846185,1780391846200,1780391846204,1780391846250,15,4,46,65
250,949,bottleneck_250_949_1780391846195_555944,success,,44214e0ebb67d5c206b033d1031ee4f52e3919599c2bdbb57ae65a0e2dcc24d9,1780391846195,1780391846214,1780391846221,1780391846250,19,7,29,55
250,961,bottleneck_250_961_1780391846241_322955,success,,9e4708c206acc00a6b6bb91fdcb0f478fd36b17aa6501eea7d3021ac1042f87a,1780391846241,1780391846261,1780391846265,1780391846281,20,4,16,40
250,954,bottleneck_250_954_1780391846213_714830,success,,bae42be9639b448cd0e74fddebfcf27c0309f2654866eba0efc2d66a75d4b16f,1780391846213,1780391846230,1780391846236,1780391846281,17,6,45,68
250,950,bottleneck_250_950_1780391846197_621718,success,,a6689e77a942a124db35e43cd281c3848566036620cd0e8d5284d94e071a0b5f,1780391846197,1780391846217,1780391846224,1780391846281,20,7,57,84
250,951,bottleneck_250_951_1780391846201_627899,success,,f5099a3f6495e01363865b1c14b5fd97bd3d6b2868eaf7d6deb1502279d235c9,1780391846201,1780391846218,1780391846227,1780391846281,17,9,54,80
250,948,bottleneck_250_948_1780391846192_851475,success,,3a4c7f16da005c32cbe2d9c2f5b250807b135a49bfde9f09b16f1a06b000fa70,1780391846192,1780391846220,1780391846228,1780391846281,28,8,53,89
250,953,bottleneck_250_953_1780391846210_616119,success,,77996956eb37a2d3a138248caa36e3cff93f0b93ff4f605505e7b51fc949587d,1780391846210,1780391846223,1780391846233,1780391846281,13,10,48,71
250,958,bottleneck_250_958_1780391846231_836962,success,,a1aa201c7a0614177a1f18e28b3ee800320ce4727c9abdba21973f0f2932641c,1780391846231,1780391846253,1780391846257,1780391846281,22,4,24,50
250,955,bottleneck_250_955_1780391846219_81310,success,,c359e8484f0bb6da1b7c02fa1021bdff574c3b2c72d4cfdbe1abd704ff532c64,1780391846219,1780391846232,1780391846240,1780391846281,13,8,41,62
250,956,bottleneck_250_956_1780391846225_918384,success,,20dbe83c1541f78c9705acaf1dc23f039a21492aa859e060855c31c3b93f1f9b,1780391846225,1780391846255,1780391846260,1780391846281,30,5,21,56
250,957,bottleneck_250_957_1780391846226_916448,success,,26aa36d9ef0667025065e54dd38a4a84866cb54a44031641081542d9ac35dde6,1780391846226,1780391846253,1780391846259,1780391846281,27,6,22,55
250,971,bottleneck_250_971_1780391846281_17414,success,,0bbe96fe94c66b60bd5787c730f893e10d1fc5d4cd08ad95a8db2962ec2d2515,1780391846281,1780391846289,1780391846294,1780391846315,8,5,21,34
250,962,bottleneck_250_962_1780391846246_877224,success,,77923ef65e860d904e5292b489c210d32cc467df80f1a9011dbeb0c41c8f7e9d,1780391846246,1780391846264,1780391846271,1780391846316,18,7,45,70
250,960,bottleneck_250_960_1780391846238_221623,success,,0b4e497c858418d40098694f634441cf59d03d99d2630410c257bd785a21556b,1780391846238,1780391846262,1780391846270,1780391846316,24,8,46,78
250,964,bottleneck_250_964_1780391846254_249878,success,,620900e660e9674123e6c2f5e6f9784392c35535046157a4a857a36e0cdc28ac,1780391846254,1780391846267,1780391846278,1780391846317,13,11,39,63
250,965,bottleneck_250_965_1780391846258_509798,success,,923fe8ec75ffefa2af193eef24cfa0cbc9cd38b7c6afd045513fce526a791ec8,1780391846258,1780391846269,1780391846276,1780391846317,11,7,41,59
250,959,bottleneck_250_959_1780391846235_698217,success,,188e4572627dc06f20d4cd89e5a39a09272f867c16c45044f5e7d7359e9e68e9,1780391846235,1780391846268,1780391846277,1780391846317,33,9,40,82
250,967,bottleneck_250_967_1780391846266_982287,success,,473d2e67ea0b70b3ac80dad2009c5122e6f64210e4c43eab3170db9c306ff138,1780391846266,1780391846276,1780391846280,1780391846317,10,4,37,51
250,963,bottleneck_250_963_1780391846250_414835,success,,dfc529c96cd35c7bcba0aa015dc645ebacf1e4548f2862f9066c584bd3a510e9,1780391846250,1780391846264,1780391846272,1780391846317,14,8,45,67
250,966,bottleneck_250_966_1780391846263_69869,success,,f05fbbc828d115303403bdd85d9c97cc371ca5d2a63f6faa06cbf047803d2d65,1780391846263,1780391846275,1780391846279,1780391846317,12,4,38,54
250,968,bottleneck_250_968_1780391846273_322221,success,,6f0430c55eb69f753d5c91696c3bedd9b36025057a097b1cdd33c81d37cc42df,1780391846273,1780391846287,1780391846292,1780391846317,14,5,25,44
250,976,bottleneck_250_976_1780391846302_734270,success,,c9ef19c79c69393b687450c08bd73158b8ab4bc37f9502b49a479d0f6e2d672a,1780391846302,1780391846325,1780391846331,1780391846349,23,6,18,47
250,970,bottleneck_250_970_1780391846279_726112,success,,e83018ab344d57b5c4a4f1a79978b8e00abdaa8a86f7635f0b72d221f10502b7,1780391846279,1780391846290,1780391846296,1780391846349,11,6,53,70
250,972,bottleneck_250_972_1780391846286_337898,success,,29c3b78cac29103108c0952db0a43004acf2b57822a272a33740816d55125289,1780391846286,1780391846292,1780391846300,1780391846349,6,8,49,63
250,973,bottleneck_250_973_1780391846290_924413,success,,22c1d29c9844a3ddb1c982f61b66dae8035102fea0bf2d2a975e6fdc5cdf001c,1780391846290,1780391846304,1780391846307,1780391846349,14,3,42,59
250,974,bottleneck_250_974_1780391846293_585087,success,,bd7fc3c8f1943bc0ed2b0e735a1261affe38dabcd80ec1f7068e677948a7cfe4,1780391846293,1780391846305,1780391846308,1780391846349,12,3,41,56
250,975,bottleneck_250_975_1780391846298_705199,success,,e4ce58f4c0104abe7923a08d5a02e11bff60e32e16697b863a032fc29c60e97f,1780391846298,1780391846316,1780391846319,1780391846349,18,3,30,51
250,977,bottleneck_250_977_1780391846306_678198,success,,e4d4ddbb40b483945d39cf6adcccf4f0ae4c4b8865a69fdc97ddb1360ec38106,1780391846306,1780391846323,1780391846329,1780391846349,17,6,20,43
250,979,bottleneck_250_979_1780391846313_348658,success,,2f91fa734e3804b1c4e47fb5af689d376c762327f5bfe73d40161c05eea23c39,1780391846313,1780391846324,1780391846328,1780391846349,11,4,21,36
250,978,bottleneck_250_978_1780391846311_94605,success,,4bb8cf0a6332f6bfe8f186ac70f92bfd26033ebba4f2353dc15fa3c29db0ddca,1780391846311,1780391846323,1780391846330,1780391846349,12,7,19,38
250,969,bottleneck_250_969_1780391846274_883233,success,,6f18449c5d9b5656cd3a21ec18734fb9ca87b62eee829a19c279e86ac12c2956,1780391846274,1780391846288,1780391846295,1780391846349,14,7,54,75
250,989,bottleneck_250_989_1780391846355_664784,success,,1759c6a322c1a1d8a21a5a14a623c2661fac6889f061b1b6baf13bd8237ce25c,1780391846355,1780391846361,1780391846365,1780391846378,6,4,13,23
250,980,bottleneck_250_980_1780391846317_274960,success,,e2dfd6474d1cab9fbb4f828d338bab93124255818b540b06e26f7834516d90ad,1780391846317,1780391846326,1780391846332,1780391846378,9,6,46,61
250,981,bottleneck_250_981_1780391846321_395467,success,,d6afc526e77b51acdc6d3c46a3f94ce80b840a190620b8deaa014550938ddab2,1780391846321,1780391846327,1780391846333,1780391846378,6,6,45,57
250,982,bottleneck_250_982_1780391846327_164089,success,,bebd35cc5c19b8a0f49694c830f40d5d8b967abb936125ed1900a5af2b0fccc0,1780391846327,1780391846335,1780391846339,1780391846378,8,4,39,51
250,983,bottleneck_250_983_1780391846330_133131,success,,c69c9546a7bd28c670069a14a3b978443dadb66af0392063538925503a3e6110,1780391846330,1780391846340,1780391846342,1780391846378,10,2,36,48
250,985,bottleneck_250_985_1780391846337_963224,success,,f05d2ffce9f719308305ab46343aa30f82c366f906533bcbf17364c0d7924ba4,1780391846337,1780391846353,1780391846357,1780391846378,16,4,21,41
250,984,bottleneck_250_984_1780391846334_516033,success,,5498fe6d3ea47e009be180ee211ac73fc33fa8954aad56c04c9fe362bdc28109,1780391846334,1780391846352,1780391846356,1780391846378,18,4,22,44
250,986,bottleneck_250_986_1780391846341_697066,success,,8eecee422d144057155ee3f5fc1629873b8e3c31222029b7c1279ba9ebb9f6c0,1780391846341,1780391846354,1780391846359,1780391846378,13,5,19,37
250,987,bottleneck_250_987_1780391846347_923369,success,,c1d28f9070582144feebfeed3fbdb9e81c7610a7dc8cd1d7825426baa60e666e,1780391846347,1780391846358,1780391846362,1780391846378,11,4,16,31
250,988,bottleneck_250_988_1780391846351_995052,success,,dbbbd135ed85763cc68d595be409515ae38bad88716c7417b81b89468f273fb0,1780391846351,1780391846360,1780391846363,1780391846378,9,3,15,27
250,999,bottleneck_250_999_1780391846393_375064,success,,7242dbb58d9bc43c121a48bf5781d2fa290e0374eca79598ce4b55ec791cd5d8,1780391846393,1780391846399,1780391846401,1780391846420,6,2,19,27
250,991,bottleneck_250_991_1780391846364_326170,success,,5a69d72df4d19c411dd7f659778e1d6aabeb57bb621f05f4b579fb58f8087d64,1780391846364,1780391846383,1780391846392,1780391846420,19,9,28,56
250,990,bottleneck_250_990_1780391846357_962895,success,,7de5e42cd67af43c6c527cc0fb995359d8d620392570726cd1fa587a6a3f81a8,1780391846357,1780391846362,1780391846365,1780391846420,5,3,55,63
250,994,bottleneck_250_994_1780391846374_555687,success,,acd55412ebf2e5abadfbc705ef6ea24490ba11b20a8397ff4b37c4759c2d18fa,1780391846374,1780391846385,1780391846393,1780391846420,11,8,27,46
250,996,bottleneck_250_996_1780391846382_968139,success,,519b61d85961e118694e80ebb851d6d2bc9d4d88011d6171a7ef6c7d006441d9,1780391846382,1780391846389,1780391846394,1780391846420,7,5,26,38
250,992,bottleneck_250_992_1780391846366_35807,success,,ad82d6fea2b1cdc61e473f154bd87f2694a550d1fbfb92802c0fe8b220fb1efd,1780391846366,1780391846382,1780391846388,1780391846420,16,6,32,54
250,995,bottleneck_250_995_1780391846377_701284,success,,de8e6ceccaaf316e61fa9edd317cc887a50154df5f37edde4f22cb181ee36ab6,1780391846377,1780391846384,1780391846391,1780391846420,7,7,29,43
250,993,bottleneck_250_993_1780391846370_73858,success,,e9eafff8d73729b6636a4ceb2389412bd91d03cecd51ca50202abc2f68b94076,1780391846370,1780391846386,1780391846391,1780391846420,16,5,29,50
250,997,bottleneck_250_997_1780391846387_89019,success,,d082b90eabf32d6472266932732a046e7d568b9ffbbd2f417f81d3c6776bfc7f,1780391846387,1780391846395,1780391846397,1780391846420,8,2,23,33
250,998,bottleneck_250_998_1780391846390_436590,success,,7c16e60a79502a5009d5e8c055cd6dc117a560d30eba8db3da55fc33ac003fbc,1780391846390,1780391846396,1780391846399,1780391846420,6,3,21,30
250,1009,bottleneck_250_1009_1780391846434_820011,success,,09c87a24de8825324cd24e7a290fadc907fe79124fc4886efd988c77e8cea555,1780391846434,1780391846441,1780391846444,1780391846466,7,3,22,32
250,1003,bottleneck_250_1003_1780391846410_128831,success,,8f2fd35d02aa179fe8994593c41931ddedcfc9affc404916f86e6dd74ad0919f,1780391846410,1780391846427,1780391846431,1780391846466,17,4,35,56
250,1000,bottleneck_250_1000_1780391846398_432226,success,,b1a0064d518e3efed62a6833150149697d0e871e1d7a0aa421be404a20c8c0c0,1780391846398,1780391846403,1780391846405,1780391846466,5,2,61,68
250,1004,bottleneck_250_1004_1780391846413_206776,success,,d87c5d635b996f4e7dad2919d9c5de11950bc83db61aeb5615479331e21e7251,1780391846413,1780391846429,1780391846433,1780391846466,16,4,33,53
250,1001,bottleneck_250_1001_1780391846402_834405,success,,1e1ef4b6c0b48f752daac489809b51f8966d8d8066e5f199ebe4880d9d857758,1780391846402,1780391846407,1780391846410,1780391846466,5,3,56,64
250,1006,bottleneck_250_1006_1780391846422_982851,success,,7546fa1802151decb3c6826c9d38e8ec78be4cc0b784ba9f0573a3aee6a13072,1780391846422,1780391846428,1780391846433,1780391846466,6,5,33,44
250,1002,bottleneck_250_1002_1780391846406_382928,success,,872b77418a5f37c3564540a24b9b4300cb500d2d935bd19c8f6cc703adcba900,1780391846406,1780391846412,1780391846414,1780391846466,6,2,52,60
250,1005,bottleneck_250_1005_1780391846419_473851,success,,7b624c364f6682bfe8e445e07d0da558b51ce401af7fdf1d5dd2ac541d37d8b1,1780391846419,1780391846427,1780391846430,1780391846466,8,3,36,47
250,1007,bottleneck_250_1007_1780391846425_277594,success,,58a2208e389a42fd9650fb7b62d11aadf9914b27071348e066c82c691171f562,1780391846425,1780391846432,1780391846435,1780391846466,7,3,31,41
250,1008,bottleneck_250_1008_1780391846430_272906,success,,66e63e32450d9e21694fac41273b766639b58b148958c067d165050f24fa2d8f,1780391846430,1780391846436,1780391846439,1780391846468,6,3,29,38
250,1018,bottleneck_250_1018_1780391846470_704970,success,,1920bad938f5fabfab5c39e65d19ee3e7fe3dde66ea267431f5867fc00c606b4,1780391846470,1780391846479,1780391846488,1780391846518,9,9,30,48
250,1011,bottleneck_250_1011_1780391846442_115549,success,,e03b35974dbf87a8dadb4778605e40937b7c5fe4ba4d92bb1c8b40bebca07f07,1780391846442,1780391846450,1780391846455,1780391846518,8,5,63,76
250,1012,bottleneck_250_1012_1780391846446_829414,success,,3400cc73d27b8cd1f8b9611fd2e4b0c0d0d909336aa843b5c440a10464a839d9,1780391846446,1780391846457,1780391846460,1780391846518,11,3,58,72
250,1013,bottleneck_250_1013_1780391846449_346254,success,,525b8f6da955469ff0126d2ddf646ca853a6be4f04b87a76625cc589ab6a63ff,1780391846449,1780391846459,1780391846461,1780391846518,10,2,57,69
250,1010,bottleneck_250_1010_1780391846438_904942,success,,ccf86d8ee9f767b64354aa97eb7f12546595e4469f1b2ddef9dd453a7374d5a3,1780391846438,1780391846445,1780391846447,1780391846518,7,2,71,80
250,1016,bottleneck_250_1016_1780391846462_638474,success,,7b1c8f29179013d15ecc97ab07d2f9caaa412d429ffcd36d622dc9f6569eb508,1780391846462,1780391846474,1780391846480,1780391846519,12,6,39,57
250,1017,bottleneck_250_1017_1780391846465_822953,success,,8ec650761609370a487ab367d0a967771525a86f330aedfe16d893b45a0d9bcc,1780391846465,1780391846476,1780391846483,1780391846519,11,7,36,54
250,1015,bottleneck_250_1015_1780391846458_612340,success,,ba58b070978d72f2053a50181031049c63cdbe79c862a5a66a7d713fb5641e94,1780391846458,1780391846477,1780391846482,1780391846519,19,5,37,61
250,1014,bottleneck_250_1014_1780391846456_711455,success,,66f513e86a3cacfaeb3f855b4e0c4217b59e088671bf02b9928ff2fa0379a0ff,1780391846456,1780391846475,1780391846484,1780391846519,19,9,35,63
250,1019,bottleneck_250_1019_1780391846473_402653,success,,cea5eaae9fe235c2eb9b54b217ad315eb872a32709dc2a9e8983c5eb89025d64,1780391846473,1780391846480,1780391846487,1780391846519,7,7,32,46
250,1027,bottleneck_250_1027_1780391846505_232793,success,,2b7c25b4eea101fe619adbe8d2b45536a5270f439715a8a822791595099968ed,1780391846505,1780391846532,1780391846537,1780391846584,27,5,47,79
250,1020,bottleneck_250_1020_1780391846478_791515,success,,d124c7c4a025a911f29f6749480976b16d182fd1cd923e2857c17a2999a8801b,1780391846478,1780391846485,1780391846491,1780391846584,7,6,93,106
250,1021,bottleneck_250_1021_1780391846481_101428,success,,8bc35b60a3c6ea6d808899c5fdce52180900cecec8e5c0753fea8ef2b1c2bd70,1780391846481,1780391846493,1780391846504,1780391846584,12,11,80,103
250,1023,bottleneck_250_1023_1780391846489_821396,success,,afca2a8fe02bc2e351c1092c40a928289aebd18ab09002c99aa457dc1c65af1e,1780391846489,1780391846500,1780391846506,1780391846584,11,6,78,95
250,1022,bottleneck_250_1022_1780391846486_225856,success,,24910c2a59fdab602a904371f7ad8ee312d1f29406fc3f92ff77e28dd46e57eb,1780391846486,1780391846502,1780391846507,1780391846584,16,5,77,98
250,1024,bottleneck_250_1024_1780391846494_774984,success,,836537ae11da69c113801aedde3d15f7bdedb98ebc90fbef20ffe404b47afa8b,1780391846494,1780391846514,1780391846520,1780391846584,20,6,64,90
250,1025,bottleneck_250_1025_1780391846497_31011,success,,8dcb0c056ffdeaa9268f70db1c891b4a6ee9ba4713b485dc84cac598d0f95695,1780391846497,1780391846515,1780391846521,1780391846584,18,6,63,87
250,1026,bottleneck_250_1026_1780391846503_550069,success,,2e40e91f45eaf53b9266d967cf12ad31ec4e4661858fb00b135cde835e789db9,1780391846503,1780391846528,1780391846534,1780391846584,25,6,50,81
250,1028,bottleneck_250_1028_1780391846509_364988,success,,625408f1f1eaec678115de8198a16242c50e5e1d109a576ec4c71ccc4dcbe957,1780391846509,1780391846527,1780391846535,1780391846584,18,8,49,75
250,1029,bottleneck_250_1029_1780391846513_212690,success,,f1ffe865ff11ec27e7ff1441cbd2ff56206ff97ba163c0a4f910677fa17b3cc9,1780391846513,1780391846531,1780391846537,1780391846584,18,6,47,71
250,1040,bottleneck_250_1040_1780391846558_228503,success,,2d7ad8f035bc669fbb65c24af313de12d6a5d1134e309f82d5bfb2a2249efb1b,1780391846558,1780391846615,1780391846624,1780391846680,57,9,56,122
250,1033,bottleneck_250_1033_1780391846529_295153,success,,07ad48579f9fd28c984cd5a705694177154787ab14c89bc347166eb85f2fe73b,1780391846529,1780391846544,1780391846551,1780391846681,15,7,130,152
250,1034,bottleneck_250_1034_1780391846536_277400,success,,f80b509915fa2119147cbcd5db1623af3dec37fc3b9dd3153e738f2a509f552f,1780391846536,1780391846547,1780391846565,1780391846681,11,18,116,145
250,1032,bottleneck_250_1032_1780391846525_224173,success,,cca70c6b609b704694c67f0f9d490d4f3b0c5081461f77a5ca72f013edac73c1,1780391846525,1780391846543,1780391846552,1780391846681,18,9,129,156
250,1037,bottleneck_250_1037_1780391846545_65171,success,,cefcf75bc41e3b22c54947ac600e743d6fe84cb063285325f792fea42416948d,1780391846546,1780391846579,1780391846587,1780391846681,33,8,94,135
250,1036,bottleneck_250_1036_1780391846542_442021,success,,8bca4ca296552903860e66c6db57c346b908ce946a1b9ce2efe76ccd88c311fd,1780391846542,1780391846581,1780391846588,1780391846681,39,7,93,139
250,1035,bottleneck_250_1035_1780391846539_333053,success,,75ada20fc4bc270a85e9885f1942416b2162e56b0d5c54a931734cb8094864af,1780391846539,1780391846582,1780391846600,1780391846681,43,18,81,142
250,1038,bottleneck_250_1038_1780391846550_22765,success,,96dfffa355613783094bb2f5f40ddbbe30ec9cc9619279e608b3fff07255d23b,1780391846550,1780391846583,1780391846608,1780391846681,33,25,73,131
250,1030,bottleneck_250_1030_1780391846517_923991,success,,ce9615b1e89359a2d337073ff4be3ff5d3268c61bfe2e3635ad3d7b54bb93e2c,1780391846517,1780391846531,1780391846540,1780391846681,14,9,141,164
250,1031,bottleneck_250_1031_1780391846522_365302,success,,306c6db9cd0a667ef0cb8f2f2387b56ce0828fad8839c4ed3e8706f99064da5d,1780391846522,1780391846533,1780391846541,1780391846681,11,8,140,159
250,1047,bottleneck_250_1047_1780391846585_841510,success,,db4d10415b34b8532cfeef35c072997c88446a5004c938040bc15e1aee8391c2,1780391846585,1780391846676,1780391846682,1780391846741,91,6,59,156
250,1045,bottleneck_250_1045_1780391846577_673019,success,,f2b888771320021acf7b86ca7172aeb17c86dfb43d41ba59a655293bdd69fc71,1780391846577,1780391846629,1780391846640,1780391846741,52,11,101,164
250,1041,bottleneck_250_1041_1780391846561_639462,success,,c7ee24bcc7ea83eadfc77c47c609138a553c7293128b6d53b323c69a0981dc31,1780391846561,1780391846626,1780391846634,1780391846741,65,8,107,180
250,1049,bottleneck_250_1049_1780391846595_404760,success,,7f0b922990856838b372f60cdce3c0f93dc87371a3d89e9ebdd8358ac1f055e5,1780391846595,1780391846632,1780391846653,1780391846741,37,21,88,146
250,1048,bottleneck_250_1048_1780391846589_584721,success,,737e0f97653f4631d79d972bb64061e6856ea02e52e1afe987fb142f51ee8caf,1780391846589,1780391846628,1780391846637,1780391846741,39,9,104,152
250,1039,bottleneck_250_1039_1780391846553_846862,success,,f1675a4faad7487300faf1a530c2e13b93045c7b61c463708b5e9f4dd7638931,1780391846553,1780391846628,1780391846639,1780391846741,75,11,102,188
250,1043,bottleneck_250_1043_1780391846569_735377,success,,a2404515f75c1e6aa67529fa6c986231ae78c5ada1cf12f110c4776b5d195cc5,1780391846569,1780391846633,1780391846656,1780391846741,64,23,85,172
250,1042,bottleneck_250_1042_1780391846565_553875,success,,50d9e126294d912d0576d62a1a1c429fe8bb4905670dcb21cb227be152218981,1780391846565,1780391846636,1780391846660,1780391846741,71,24,81,176
250,1044,bottleneck_250_1044_1780391846573_588374,success,,d79108cb8c4d2ad0223bc9b0f86e8801ca9bfaf312918b7e0c132cae34e5df39,1780391846573,1780391846632,1780391846656,1780391846741,59,24,85,168
250,1050,bottleneck_250_1050_1780391846597_948769,success,,d4992ce2a9d6c83323f530724006f5d8fab5b47ad062ff03f1203b73a75ba9c8,1780391846597,1780391846637,1780391846654,1780391846742,40,17,88,145
250,1059,bottleneck_250_1059_1780391846635_740011,success,,469d3bb273d3205f18110c0018cda898a47e4d6fa7adb640d58c28fb06c62350,1780391846635,1780391846699,1780391846714,1780391846777,64,15,63,142
250,1051,bottleneck_250_1051_1780391846602_17249,success,,93fd7f26f48d41b6966d9559247add1a897ea7ceca552767699db8ad4edd2fed,1780391846602,1780391846691,1780391846709,1780391846778,89,18,69,176
250,1046,bottleneck_250_1046_1780391846584_630024,success,,ffc355685d7034237f422c489401af7f6dda54eeeb7bf5d877a41bd3cd449a7a,1780391846584,1780391846677,1780391846688,1780391846778,93,11,90,194
250,1056,bottleneck_250_1056_1780391846622_844394,success,,ce9f6e45320dad9d5c85d1c4798187419128cefec131cbd0b8e024d2eb2825ce,1780391846622,1780391846694,1780391846711,1780391846778,72,17,67,156
250,1055,bottleneck_250_1055_1780391846617_312316,success,,bf11b4e8ab37517250d340d1794709cdb3b9eba1fd4da4b61ad8c641896cf829,1780391846617,1780391846693,1780391846710,1780391846780,76,17,70,163
250,1054,bottleneck_250_1054_1780391846613_715948,success,,295f31ade7f27a4c9627b2da306b39150b613de1df49d5d628bdcb6b40cacb3c,1780391846613,1780391846692,1780391846709,1780391846780,79,17,71,167
250,1052,bottleneck_250_1052_1780391846605_84666,success,,7e6427a474371b8cfb5281f53dc3cd4a24db7a029243b0d33a90007cac89f9d9,1780391846605,1780391846690,1780391846711,1780391846780,85,21,69,175
250,1057,bottleneck_250_1057_1780391846625_903609,success,,ab9e36cbbba3066088eb9b0a3c29821a5023d355004ff0ac950e756f2dd2dc3b,1780391846625,1780391846696,1780391846717,1780391846780,71,21,63,155
250,1061,bottleneck_250_1061_1780391846641_692223,success,,6e798824149244a23a94822a3d3327e4c79d4b4931697a902f9a5b43aad0d1d7,1780391846641,1780391846698,1780391846715,1780391846780,57,17,65,139
250,1060,bottleneck_250_1060_1780391846639_722192,success,,75fc28a30536fc73bd331a4b54a5f52e642004cf831f7e65840a45dd7902040a,1780391846639,1780391846697,1780391846717,1780391846780,58,20,63,141
250,1071,bottleneck_250_1071_1780391846681_819411,success,,fcd8b1758a2bc9221fc5dd3b2e910b12a66220ca86c3053a235cfc8b50478d6d,1780391846681,1780391846731,1780391846753,1780391846815,50,22,62,134
250,1070,bottleneck_250_1070_1780391846677_242068,success,,c23ce9289974871a3dd48ec0901b006cfc28c9bc56ae1bbab2993de441407f63,1780391846677,1780391846726,1780391846742,1780391846816,49,16,74,139
250,1058,bottleneck_250_1058_1780391846630_586980,success,,0589e8ac350c4e9d2d6284986b04c7860cc144802546dce0a32182e2082bc4c8,1780391846630,1780391846699,1780391846716,1780391846817,69,17,101,187
250,1053,bottleneck_250_1053_1780391846610_612975,success,,67008275cd177a3bf9271d5338d41791f87e04fa93b94723a8cc86c466e26fc1,1780391846610,1780391846706,1780391846719,1780391846817,96,13,98,207
250,1065,bottleneck_250_1065_1780391846658_299339,success,,7587d29b4974fccf641d964efef874884dd47aac9ebc30b22d8f54ccf4fd9c7e,1780391846658,1780391846720,1780391846741,1780391846817,62,21,76,159
250,1062,bottleneck_250_1062_1780391846646_976947,success,,09696131da36600d00a433e05077385a38b46a34130509b90538d602039b60f6,1780391846646,1780391846724,1780391846747,1780391846817,78,23,70,171
250,1069,bottleneck_250_1069_1780391846674_887072,success,,f7ddfa9d9250c1b1dec06764448967d1408dcc665ad16ec3d656f9fa4ebae6a8,1780391846674,1780391846728,1780391846746,1780391846817,54,18,71,143
250,1072,bottleneck_250_1072_1780391846686_56306,success,,bf9d22abd36cccbc84058752899849d3554509d0fbedafe4fd3ccadb522cdfa0,1780391846686,1780391846725,1780391846748,1780391846817,39,23,69,131
250,1067,bottleneck_250_1067_1780391846665_629467,success,,e0b1ee34ea925a71e9dce11c619069bc74aa14672602e3a28a84ec0f450442f6,1780391846665,1780391846727,1780391846743,1780391846817,62,16,74,152
250,1063,bottleneck_250_1063_1780391846650_795363,success,,595a96c665d95e22cd01151ba71856bebf84772945c05add3c93d6986636bdd5,1780391846650,1780391846723,1780391846749,1780391846817,73,26,68,167
250,1080,bottleneck_250_1080_1780391846721_757520,success,,9fe0f4acaa5805c90996369c1bf0bfb70ad6826708317fef8c7938abde35171a,1780391846721,1780391846766,1780391846788,1780391846879,45,22,91,158
250,1068,bottleneck_250_1068_1780391846670_128798,success,,6aa942e5868da3ae121d24cfc1a35f5f9bc8bfdcd7620790d2d2431fa9a36f64,1780391846670,1780391846739,1780391846759,1780391846879,69,20,120,209
250,1066,bottleneck_250_1066_1780391846661_721123,success,,a4b3d38bb926c5e027dd202c7f8decb1c94ea3c219ff80bb89f4ee4afe9ca23c,1780391846661,1780391846732,1780391846755,1780391846879,71,23,124,218
250,1064,bottleneck_250_1064_1780391846657_189399,success,,4823aa40c2f76640e7b128fb44071dd93e5b2b2bcc49093ad9251e4dbad83a5e,1780391846657,1780391846741,1780391846763,1780391846879,84,22,116,222
250,1076,bottleneck_250_1076_1780391846702_127329,success,,0eb19934d2c17307f6e78063af4cf9943969223b811261c7be6abd0c90a87d55,1780391846702,1780391846750,1780391846767,1780391846879,48,17,112,177
250,1073,bottleneck_250_1073_1780391846690_37688,success,,f9a15d210d6e74e2f22f5d41c5b934732cacdfeda3ea43c81b399bd489552037,1780391846690,1780391846751,1780391846777,1780391846879,61,26,102,189
250,1074,bottleneck_250_1074_1780391846695_286524,success,,77e0b1edf18dad6b7d7bc064436cd0b935b36c3b7da7d04843cd994d92422cf1,1780391846695,1780391846757,1780391846777,1780391846879,62,20,102,184
250,1078,bottleneck_250_1078_1780391846712_887242,success,,ba80054cb25feb78b6dd00e77a1eb0ff8fd718b24017b30ca854639b99335e22,1780391846712,1780391846763,1780391846787,1780391846879,51,24,92,167
250,1075,bottleneck_250_1075_1780391846701_334662,success,,da79689e60a86906377aed2ac524c303a19ee95d5d7e61fb859020e2736ad030,1780391846701,1780391846768,1780391846785,1780391846879,67,17,94,178
250,1079,bottleneck_250_1079_1780391846713_486297,success,,a873f5074ea6339aac03de8c727a7ab55cb8b2932712df2bdf228fa7df8259d6,1780391846713,1780391846765,1780391846789,1780391846879,52,24,90,166
250,1100,bottleneck_250_1100_1780391846798_175140,success,,f0ffb016fac8a199ea43a0ffbeae6e94de60f1b2710b19d2b0117e59f782ce66,1780391846798,1780391846854,1780391846876,1780391846941,56,22,65,143
250,1081,bottleneck_250_1081_1780391846722_47954,success,,1d1d65e2751b1ccef2eeeeee087bd29401c3d6301d4cc74ebd0a1ed0e80adb7d,1780391846722,1780391846775,1780391846793,1780391846941,53,18,148,219
250,1077,bottleneck_250_1077_1780391846708_860476,success,,76188e957a90f72c08c9567a01a5bcb1e6b0fa4c14e4e6285e6a467b6a9d84b1,1780391846708,1780391846764,1780391846792,1780391846941,56,28,149,233
250,1092,bottleneck_250_1092_1780391846769_935140,success,,1be1015935db937aad949111a6c22c22110eaf951d8062fd1a9aec285c65aac0,1780391846769,1780391846845,1780391846868,1780391846941,76,23,73,172
250,1093,bottleneck_250_1093_1780391846770_492395,success,,ab03f82b633cdbccc0c3d8717ece276981ff08954bc2599e5fd72189722b42f1,1780391846770,1780391846841,1780391846848,1780391846941,71,7,93,171
250,1084,bottleneck_250_1084_1780391846735_409001,success,,246ede9d9b759160d2550ba05065ce06288edbc1b82eef34664ed32bc870c845,1780391846735,1780391846843,1780391846851,1780391846941,108,8,90,206
250,1082,bottleneck_250_1082_1780391846734_551625,success,,72c62862c61f3e05be9f05f45c4fdecf39dcda85bdf7f819b2341b6114bebe78,1780391846734,1780391846843,1780391846866,1780391846941,109,23,75,207
250,1090,bottleneck_250_1090_1780391846761_288890,success,,d460af8177d2427dd156bba3febe958691b6f8cb75801d6776cd961753c7ad02,1780391846761,1780391846844,1780391846869,1780391846944,83,25,75,183
250,1085,bottleneck_250_1085_1780391846737_964698,success,,c58851c60d962ac97c590f2684bfdaa044566f0d5517ec8229009da6682646ec,1780391846737,1780391846847,1780391846868,1780391846944,110,21,76,207
250,1094,bottleneck_250_1094_1780391846773_600387,success,,b4e4360a67a28fc93b35f942b7e4f02f17e6bf392e893f0cb551ad82a55635a5,1780391846773,1780391846846,1780391846870,1780391846944,73,24,74,171
250,1101,bottleneck_250_1101_1780391846801_559935,success,,585724df60ba2a2d673c48a6e54786b51b8a70977a416f673c90e73aac150976,1780391846801,1780391846862,1780391846880,1780391846965,61,18,85,164
250,1089,bottleneck_250_1089_1780391846760_636210,success,,1eb7661b22e8ec7794f650d31ad7f662888c3d5c8b5237f9fc354ed9d840564e,1780391846760,1780391846852,1780391846875,1780391846965,92,23,90,205
250,1091,bottleneck_250_1091_1780391846761_704481,success,,5dab2bac986705d3477e3a8dcc95e59557967ec1f166378f96397a16b65bb86b,1780391846761,1780391846850,1780391846875,1780391846965,89,25,90,204
250,1083,bottleneck_250_1083_1780391846735_128612,success,,f8a2c1d923bc39c28d631aa78ca3f78509df671b5519c0ac4127a8b128496ecc,1780391846735,1780391846853,1780391846874,1780391846966,118,21,92,231
250,1087,bottleneck_250_1087_1780391846745_699308,success,,8a260e65577765c328ad2d67a3ea498b727cef7e3518628b9750498aa87e5d7e,1780391846745,1780391846855,1780391846877,1780391846966,110,22,89,221
250,1103,bottleneck_250_1103_1780391846811_222813,success,,d861e88e22d75b0056ba0bef2c7b0f4b6994acdbd4f4ca0950e8016b4a090b60,1780391846811,1780391846856,1780391846878,1780391846966,45,22,88,155
250,1098,bottleneck_250_1098_1780391846791_940496,success,,bf2004e2652211f24f4689140429925ceea147e87e7cea0d92dcd1bfc179e0cf,1780391846791,1780391846854,1780391846877,1780391846966,63,23,89,175
250,1095,bottleneck_250_1095_1780391846778_255563,success,,b522cdbc55cc472b4ab15a2bfee525fa59db6c504911dc2aeb7abea25161288f,1780391846778,1780391846860,1780391846879,1780391846966,82,19,87,188
250,1099,bottleneck_250_1099_1780391846796_684667,success,,c052acb4a8e1038295d415526b03f6ca399499d18468fe4adbb1e2a3ea74bce0,1780391846796,1780391846859,1780391846881,1780391846966,63,22,85,170
250,1097,bottleneck_250_1097_1780391846790_390371,success,,a3af67925f1e6770c2a5ccbef835e66c0b1fb51c0870fda4f8ab601c0c8f5988,1780391846790,1780391846861,1780391846881,1780391846966,71,20,85,176
250,1116,bottleneck_250_1116_1780391846863_436645,success,,9362fa7209b8327dfd2307287c51434ec70726ad196561f0d41077bfa8790072,1780391846863,1780391846901,1780391846918,1780391847012,38,17,94,149
250,1086,bottleneck_250_1086_1780391846744_290253,success,,28d2753f36614faad7ac1706bfac7d6d5b32293c4268da0107f7736014752495,1780391846744,1780391846866,1780391846888,1780391847013,122,22,125,269
250,1088,bottleneck_250_1088_1780391846751_287288,success,,0347cb64a867a7d97bfa190573c7d529e75a20f054332903a153ff9b7f4665c6,1780391846751,1780391846862,1780391846882,1780391847015,111,20,133,264
250,1102,bottleneck_250_1102_1780391846806_709046,success,,5fb504edf93c49e926158dfe104108607126c69ab984d9dc6c9252d6b42170a0,1780391846806,1780391846867,1780391846889,1780391847015,61,22,126,209
250,1105,bottleneck_250_1105_1780391846818_330102,success,,ecc6b4e900f56cfd2d20de0c6b8a315b96bece69e9e4eefcf3ef758834afc6e7,1780391846818,1780391846865,1780391846890,1780391847015,47,25,125,197
250,1096,bottleneck_250_1096_1780391846783_535658,success,,48bf25a6f17808940c173f7cdfc5de5f3bb2dd8d53a5ddc4d499a1521077c812,1780391846783,1780391846864,1780391846891,1780391847015,81,27,124,232
250,1118,bottleneck_250_1118_1780391846871_321546,success,,8fbfa87b6ae9f3b39d15cdc81e5230384ce3a916905cc67ef80a271a93c85819,1780391846871,1780391846905,1780391846914,1780391847015,34,9,101,144
250,1104,bottleneck_250_1104_1780391846813_625888,success,,ee2b372df559d63849db724c762af038772fcd85982b786107752c1df6514fe0,1780391846813,1780391846879,1780391846910,1780391847015,66,31,105,202
250,1108,bottleneck_250_1108_1780391846829_214206,success,,6dcb6cc7cb0134f3689e077e671d30160acdf142f6308703eb7281ab4ca6cb1f,1780391846829,1780391846892,1780391846915,1780391847015,63,23,100,186
250,1106,bottleneck_250_1106_1780391846823_216846,success,,3b90b57569a8ac48bb085a3baf17493ea991eee3afc7b581e197e8f5e124f0d8,1780391846823,1780391846891,1780391846916,1780391847015,68,25,99,192
250,1123,bottleneck_250_1123_1780391846896_61800,success,,7d028abc84be8eb789fa57d40528e01bda6ca19d5f9692d036c87cbe7e26f163,1780391846896,1780391846925,1780391846936,1780391847038,29,11,102,142
250,1114,bottleneck_250_1114_1780391846857_597829,success,,8a5757f713379f2d146714d02ccf7f6603987e248c33c62f34a177cd55ce2df0,1780391846857,1780391846893,1780391846917,1780391847039,36,24,122,182
250,1110,bottleneck_250_1110_1780391846837_660819,success,,59c052f77e46bc4a1e717b6482801a0b89741a60f78e013233ab29af5db8b348,1780391846837,1780391846903,1780391846918,1780391847039,66,15,121,202
250,1117,bottleneck_250_1117_1780391846871_11980,success,,b206edf6c5fa09dc187f911e52c6bf5e15956dbb74e9581669ee256cfab5c0c7,1780391846871,1780391846894,1780391846919,1780391847039,23,25,120,168
250,1111,bottleneck_250_1111_1780391846842_80126,success,,d9ac6f404ecf3f6a151741326fb95e6c516a48265efe86b53e03e13cdd6e00f3,1780391846842,1780391846900,1780391846920,1780391847039,58,20,119,197
250,1113,bottleneck_250_1113_1780391846849_643121,success,,248b1342883265990aeea5bb9288de41b7f111265777edee986f469ed287e15a,1780391846849,1780391846902,1780391846914,1780391847039,53,12,125,190
250,1112,bottleneck_250_1112_1780391846849_161094,success,,0840c44c0ce98595d101a3050a0b6766018716c80c4a6ba48d54bfbf5d70f0a5,1780391846849,1780391846899,1780391846923,1780391847039,50,24,116,190
250,1109,bottleneck_250_1109_1780391846833_65416,success,,09a493e5e9eb2fef7fe3487b92177a257d16741d0039c8cf352d2ddcf993358d,1780391846833,1780391846910,1780391846929,1780391847039,77,19,110,206
250,1115,bottleneck_250_1115_1780391846857_828349,success,,8fdcd91aba0fea445e97709b1ee94ec5e772e3bc1d692cbb3a3ac4502f817c05,1780391846857,1780391846907,1780391846930,1780391847039,50,23,109,182
250,1107,bottleneck_250_1107_1780391846826_374596,success,,d56b233156f7eee36a0fe5b8ea49aec1211f6237395049c7a9f81b6926e27e2f,1780391846826,1780391846909,1780391846931,1780391847040,83,22,109,214
250,1132,bottleneck_250_1132_1780391846928_613419,success,,098ee10f8a0faf39c1669ede8b2f1fd81533991535cfe5c03ac8dbe86112a3b5,1780391846928,1780391846962,1780391846966,1780391847062,34,4,96,134
250,1119,bottleneck_250_1119_1780391846883_86672,success,,4c11c726653d663ebd57576412d6243f1d9e41fb7b91c8f10d4800986a20bf61,1780391846883,1780391846925,1780391846940,1780391847064,42,15,124,181
250,1121,bottleneck_250_1121_1780391846885_11259,success,,bacb50cbd394e211165c10c11203cf4369050aae329df6c6e42daaa12613e4ef,1780391846885,1780391846924,1780391846937,1780391847064,39,13,127,179
250,1125,bottleneck_250_1125_1780391846898_577050,success,,0bd0fc27f5ce800a850bb5b74ca428c822caad296ab8ea08fbbfc0fe8820eef7,1780391846898,1780391846929,1780391846937,1780391847064,31,8,127,166
250,1120,bottleneck_250_1120_1780391846884_38374,success,,162a2cabe891e1e85bbfd200dd48395af8e13e832b606068c94adc90661d58c6,1780391846884,1780391846926,1780391846939,1780391847064,42,13,125,180
250,1126,bottleneck_250_1126_1780391846904_302848,success,,a5045044bc5fbeefca4fd16fb20f3b8b11c598777b77da0c6adcd8958bdb6fa5,1780391846904,1780391846932,1780391846944,1780391847066,28,12,122,162
250,1122,bottleneck_250_1122_1780391846886_746988,success,,79423aa4787eefefb65a713736d89eb2d4db404ed2b95f268c744a20d74ea916,1780391846886,1780391846927,1780391846939,1780391847066,41,12,127,180
250,1124,bottleneck_250_1124_1780391846897_351861,success,,3b74bfa589fa1d091ddcc0eec1fac89623a73fd721a03e4b09e703f24bfdd6da,1780391846897,1780391846933,1780391846946,1780391847066,36,13,120,169
250,1128,bottleneck_250_1128_1780391846912_450421,success,,ce3ac6af486afc40c072bca1867327de18d58d7b59a114ffc068e798cfb39722,1780391846912,1780391846960,1780391846964,1780391847070,48,4,106,158
250,1129,bottleneck_250_1129_1780391846921_537960,success,,8f30c52a0201a051353da3b479cbf0f285437a8d6e3dd5eefaa9b8fabcaecfc7,1780391846921,1780391846961,1780391846967,1780391847070,40,6,103,149
250,1142,bottleneck_250_1142_1780391846968_442962,success,,ff69040c55d7dd1a06b24bc1f19e252f1d237ed6a15f40d2848cfdc29846bf10,1780391846968,1780391847020,1780391847031,1780391847092,52,11,61,124
250,1136,bottleneck_250_1136_1780391846942_696297,success,,7ea468fb9a67ca7c6aa1a5faed3b74fa6c584698e3e7d026f4b5458a6d5a4f5f,1780391846942,1780391846987,1780391846997,1780391847097,45,10,100,155
250,1130,bottleneck_250_1130_1780391846921_332132,success,,72bb3e4a377b5e6e58377f7eb83c73a77ab8f93a01aa3aa069892e4f49f62290,1780391846921,1780391846962,1780391846974,1780391847097,41,12,123,176
250,1127,bottleneck_250_1127_1780391846911_936386,success,,f673a42fd6d13f66107dd547b2751b5c86e1f73b212efefb8ad1afa366073d03,1780391846911,1780391846984,1780391846992,1780391847097,73,8,105,186
250,1131,bottleneck_250_1131_1780391846922_512848,success,,d50b1ec3fe4189fd41e1e5376138a6ea8b5895a5127c91f2796d935a70b88f5c,1780391846922,1780391846986,1780391846993,1780391847097,64,7,104,175
250,1138,bottleneck_250_1138_1780391846950_498412,success,,c9315c46299e2d6a9555496da76c6d287f44059032cc49db407b2929c8bbe581,1780391846950,1780391846985,1780391846994,1780391847097,35,9,103,147
250,1133,bottleneck_250_1133_1780391846933_677977,success,,b89f6d8a3da1a63dc02af83658ed0a75128d2c2b2385d10409ec9a3f6c949bee,1780391846933,1780391846988,1780391846996,1780391847097,55,8,101,164
250,1137,bottleneck_250_1137_1780391846946_929906,success,,47b935c8ca0a49300f3561b2964ffcdfa1b87c12f8d9b55004e382f96dc17c00,1780391846946,1780391847017,1780391847027,1780391847097,71,10,70,151
250,1134,bottleneck_250_1134_1780391846934_211367,success,,3e238eb074014328e5287e57aaf919f4b19d2969408c1f79ec916c7d53aa9041,1780391846934,1780391846988,1780391846999,1780391847097,54,11,98,163
250,1135,bottleneck_250_1135_1780391846941_499947,success,,fa8e74f33c9b7c8762706d83189d046dcbecda2594e66042f4ae6929475ebdb8,1780391846941,1780391846991,1780391847000,1780391847097,50,9,97,156
250,1149,bottleneck_250_1149_1780391846995_832385,success,,97e8451d574504224bd6aed92815a9af59bc52cd1b0139c89386dffa7b11dff2,1780391846995,1780391847050,1780391847069,1780391847110,55,19,41,115
250,1139,bottleneck_250_1139_1780391846954_329167,success,,6753987a5b90c5b1ade9f5f8a7242711a6e94b371b9a81194a5be09cb9f2c3de,1780391846954,1780391847024,1780391847031,1780391847110,70,7,79,156
250,1143,bottleneck_250_1143_1780391846969_762846,success,,a1a9a83eb66ce1a314f3390ce28f7c3dc05d3aa4abd3433695862e47db9e237c,1780391846969,1780391847019,1780391847030,1780391847110,50,11,80,141
250,1140,bottleneck_250_1140_1780391846958_793191,success,,134611c06695e103ef4e86ec453ee7c0d36fe888534aba66389e47ec125e81ff,1780391846958,1780391847023,1780391847033,1780391847111,65,10,78,153
250,1141,bottleneck_250_1141_1780391846963_657221,success,,33468e15a3742241a835050defcd58be27b775bb85e2875d9aebaf5be7580837,1780391846963,1780391847022,1780391847032,1780391847111,59,10,79,148
250,1148,bottleneck_250_1148_1780391846990_274865,success,,6d981e4434a376463f50ce337e977aea04fab627f13aa396bfa0598e90373748,1780391846990,1780391847043,1780391847058,1780391847111,53,15,53,121
250,1152,bottleneck_250_1152_1780391847006_702755,success,,b92ea9a827f42e3799abdd36d74fc9f8a8f812c0cea9597ce6ed86bc4e0f4250,1780391847006,1780391847042,1780391847056,1780391847111,36,14,55,105
250,1144,bottleneck_250_1144_1780391846975_623765,success,,0d428cf277849e54dec5387835c344461beed3348f766e2975cea0616418be1d,1780391846975,1780391847026,1780391847035,1780391847111,51,9,76,136
250,1150,bottleneck_250_1150_1780391846997_586029,success,,fbb944edd9b79cdbf12d0c0250f90b5563479bcd4f78f6b428a795c65dae7eaa,1780391846997,1780391847047,1780391847064,1780391847111,50,17,47,114
250,1151,bottleneck_250_1151_1780391847002_423256,success,,c9c3852dccf5d3a1efcdfa2791b4c15b89e289938023d84295348d4d6efaa92c,1780391847002,1780391847048,1780391847063,1780391847111,46,15,48,109
250,1155,bottleneck_250_1155_1780391847018_288820,success,,0a05490524edea51d84c3f09ce7641f9ef21efcb3627c0b437a3934ab962817b,1780391847018,1780391847077,1780391847085,1780391847132,59,8,47,114
250,1146,bottleneck_250_1146_1780391846982_862958,success,,03d2c2708c282ba9414016e0644059153bdcfbfa3a3b89d2b451dee4deb234eb,1780391846982,1780391847049,1780391847067,1780391847132,67,18,65,150
250,1153,bottleneck_250_1153_1780391847010_210322,success,,e0ef46aad1283fed564d0327ea2b7c54f50b5a3780925ba3b9011feb2ae9a93a,1780391847010,1780391847052,1780391847066,1780391847132,42,14,66,122
250,1145,bottleneck_250_1145_1780391846978_377211,success,,a4e6c09c94ccf3ea575c0c12709d92f4ccdf36f16e8d622fe06a28872308da67,1780391846978,1780391847051,1780391847068,1780391847132,73,17,64,154
250,1147,bottleneck_250_1147_1780391846990_358849,success,,6d9e5212174d0a6d242a3cfbd516eb2186ef0cf00265967a995a7e0ea231fe5b,1780391846990,1780391847053,1780391847064,1780391847133,63,11,69,143
250,1156,bottleneck_250_1156_1780391847024_224274,success,,9cd520b3051a216a4b1d74ac11e6ecdb94b6ae92b44c016a92687d5fed2cd028,1780391847024,1780391847078,1780391847083,1780391847133,54,5,50,109
250,1154,bottleneck_250_1154_1780391847013_900627,success,,cf8fcf281839ba040389dd222cebf6646f20fb3807934f40cade56e044728734,1780391847013,1780391847071,1780391847079,1780391847133,58,8,54,120
250,1159,bottleneck_250_1159_1780391847034_744758,success,,1252a58e6a146cab25701cb1b56ad873fc4ab06b1dc1dd1bf89dbd71b00134f7,1780391847034,1780391847073,1780391847080,1780391847133,39,7,53,99
250,1158,bottleneck_250_1158_1780391847029_540857,success,,b3f631b3f72e62c71c765226a845b541a60529a904ec7b8eed33de73a00acef0,1780391847029,1780391847073,1780391847082,1780391847133,44,9,51,104
250,1160,bottleneck_250_1160_1780391847037_439049,success,,850dfc9803ad489c4ac7ebd3e75e3a90c42dbc958a4e71ec80581172312af872,1780391847037,1780391847077,1780391847083,1780391847133,40,6,50,96
250,1170,bottleneck_250_1170_1780391847080_252908,success,,fb9cf66286b3d1eb13fccb813c0e5f05a978d4877e817e3f2cc078239edecfa0,1780391847080,1780391847116,1780391847125,1780391847144,36,9,19,64
250,1157,bottleneck_250_1157_1780391847025_170945,success,,7c9b57729665b2d5d6e004ee67e7e1cacba372b61cf55aee98251810afad06ef,1780391847025,1780391847076,1780391847084,1780391847144,51,8,60,119
250,1164,bottleneck_250_1164_1780391847055_929466,success,,1a0ee8e2986fbd7ec87db6f1b4a5b586af902802d32afd0b1b23ed897a550572,1780391847055,1780391847092,1780391847101,1780391847144,37,9,43,89
250,1163,bottleneck_250_1163_1780391847054_258001,success,,9b37f3c326cc048d796ed2177393e86f4b1022aedb3d385bfc227aad2d049a66,1780391847054,1780391847093,1780391847101,1780391847146,39,8,45,92
250,1161,bottleneck_250_1161_1780391847044_569877,success,,e26d02f32b4fa7509e6b446a661fee5de14b53ccf63db265d76c957f5107199c,1780391847044,1780391847090,1780391847098,1780391847146,46,8,48,102
250,1168,bottleneck_250_1168_1780391847070_879487,success,,1b2b1ee247411fc92d8e23d4811f20bd03d3352507c00e3ecce5c97a5fa37a12,1780391847070,1780391847096,1780391847103,1780391847146,26,7,43,76
250,1167,bottleneck_250_1167_1780391847065_649476,success,,0231a68bfe64ae290a9c8046da49ef9d82fb2268377742339138f29ed88dc332,1780391847065,1780391847095,1780391847102,1780391847146,30,7,44,81
250,1166,bottleneck_250_1166_1780391847062_989413,success,,311ce90282ac5880655b78d99768df65b61f8e3e42a3275ae624b1f58fd82b51,1780391847062,1780391847097,1780391847105,1780391847146,35,8,41,84
250,1162,bottleneck_250_1162_1780391847045_830803,success,,3b21af9565df74845390271a181c6651a01acb38aef10bbacb30cbb5a31022dd,1780391847045,1780391847088,1780391847098,1780391847146,43,10,48,101
250,1165,bottleneck_250_1165_1780391847060_890527,success,,0cb0567b5ec4857b959d141f5c504b08c2bec5aa8751e52191079b57d5c2df8b,1780391847060,1780391847092,1780391847100,1780391847146,32,8,46,86
250,1180,bottleneck_250_1180_1780391847119_361263,success,,0740134edef564f1724067c0a8ab9b8cc1479edbaab951cc49833955335af5ab,1780391847119,1780391847143,1780391847147,1780391847177,24,4,30,58
250,1172,bottleneck_250_1172_1780391847086_237671,success,,11924bef383dd2b0c1f02f5a24bfce74a9a023c6632e58ac30edf56e55575932,1780391847086,1780391847118,1780391847124,1780391847177,32,6,53,91
250,1171,bottleneck_250_1171_1780391847081_406231,success,,300c561c64774c17f30aee94f6f6cbd5762a48f115781925687f5cc87a454d1b,1780391847081,1780391847116,1780391847123,1780391847177,35,7,54,96
250,1173,bottleneck_250_1173_1780391847089_952681,success,,b6b38c1f07fae3f52ee35140e15c60f6c66f844304d489e11e0e25a2beed7d91,1780391847089,1780391847113,1780391847122,1780391847177,24,9,55,88
250,1169,bottleneck_250_1169_1780391847074_595476,success,,7ec4f0db2a35302e489e550b3565ee80e37d13bf5763fc7bb5dd0e019dc47782,1780391847074,1780391847115,1780391847125,1780391847177,41,10,52,103
250,1174,bottleneck_250_1174_1780391847094_857075,success,,0ef31cba5ff221df11d09419ea34542e504e763be1125e0d200c700344710bd2,1780391847094,1780391847127,1780391847133,1780391847177,33,6,44,83
250,1175,bottleneck_250_1175_1780391847099_372582,success,,ee95512b0bbe45816fa2f81620a3129505bf0c75d453aefcc780b7add4789bde,1780391847099,1780391847129,1780391847137,1780391847177,30,8,40,78
250,1177,bottleneck_250_1177_1780391847106_254148,success,,53c37b35d36953b78b4f5507327d5bfa9877697b8f4578882a146e8c569b1b3c,1780391847106,1780391847130,1780391847136,1780391847177,24,6,41,71
250,1176,bottleneck_250_1176_1780391847104_223428,success,,7bc7e278d39693d4a2d87b313fda4e9e386663a6953ecd8c06f7301e431806a5,1780391847104,1780391847128,1780391847136,1780391847177,24,8,41,73
250,1178,bottleneck_250_1178_1780391847109_58457,success,,b7dd71c6da1113f51f5e7912529d386b4dda32e18851c85e2f51d623017abc56,1780391847109,1780391847131,1780391847139,1780391847177,22,8,38,68
250,1190,bottleneck_250_1190_1780391847158_528180,success,,601664126ecb4fa5ebca80995581ad7718aca165324b75c6ad5c47ff284443da,1780391847158,1780391847175,1780391847182,1780391847203,17,7,21,45
250,1185,bottleneck_250_1185_1780391847138_395919,success,,06c8dfb17f4adee24fc17772ddd8eb8c6be04c382fa9e7e852233dbba157622e,1780391847138,1780391847162,1780391847170,1780391847203,24,8,33,65
250,1187,bottleneck_250_1187_1780391847146_924993,success,,3bf38f32932d31e18aef8c51393c84c3c9f13ec7bada1ab38f78cde0f9964e9f,1780391847146,1780391847159,1780391847168,1780391847203,13,9,35,57
250,1184,bottleneck_250_1184_1780391847135_777127,success,,37f527b0cede97f619e1f93283745c59b9c85c7f6fdba39a2df7e39b9b0e68d2,1780391847135,1780391847160,1780391847168,1780391847203,25,8,35,68
250,1182,bottleneck_250_1182_1780391847126_896626,success,,475df1bed4f86147f4cc39a10656661f825452a81038e3c358461286a7ce2031,1780391847126,1780391847163,1780391847169,1780391847203,37,6,34,77
250,1183,bottleneck_250_1183_1780391847131_191401,success,,cdffb82a7991882b39155819c38cbcaad6a41f04a354e96ae08e76c0c367b57f,1780391847131,1780391847164,1780391847177,1780391847203,33,13,26,72
250,1188,bottleneck_250_1188_1780391847149_351554,success,,0aaf532c6647b983efdf04b2423528deea90f58d0cddff08e402336e06196ccb,1780391847149,1780391847162,1780391847170,1780391847203,13,8,33,54
250,1186,bottleneck_250_1186_1780391847142_666175,success,,bb28d77a467275c4b5546de717b21758b4f407ae39a9bb76c582af2fd1e45e74,1780391847142,1780391847161,1780391847172,1780391847203,19,11,31,61
250,1179,bottleneck_250_1179_1780391847114_47080,success,,0b6e9065d9043f8de467cfc922a7c42c04797045efd4668e5695cfb8976a6671,1780391847114,1780391847165,1780391847178,1780391847203,51,13,25,89
250,1181,bottleneck_250_1181_1780391847121_496519,success,,482da4ef5ce22d52711cbd5798758afa6592bf59f55292a556028e34121e46d8,1780391847121,1780391847165,1780391847176,1780391847203,44,11,27,82
250,1199,bottleneck_250_1199_1780391847194_373399,success,,73ea3d03c2538b93f8a8e11a0181f5bb3e372927d5d4d67eb8e44c8e15931533,1780391847194,1780391847208,1780391847211,1780391847230,14,3,19,36
250,1191,bottleneck_250_1191_1780391847166_70843,success,,32b7ecd4bb72b3bb7fd4ed45a7a3b12f7dbf638e9fd2fdcc8d5e9811be16eaaa,1780391847166,1780391847179,1780391847191,1780391847230,13,12,39,64
250,1189,bottleneck_250_1189_1780391847155_867574,success,,064584374c5ce09c177175db0a55270d37759ebaec067db0c99387ce9966da8e,1780391847155,1780391847175,1780391847183,1780391847230,20,8,47,75
250,1195,bottleneck_250_1195_1780391847178_384224,success,,833c50ee866c7d677a2992d5f6d9a3cbe8bdda918e62aa33ea6d4815e27d11c6,1780391847178,1780391847186,1780391847194,1780391847230,8,8,36,52
250,1193,bottleneck_250_1193_1780391847173_624604,success,,36d3ddc82b9244c7cc0fbff1cf6377f8f8ece186fffbdf2586fc502c5e0af1df,1780391847173,1780391847182,1780391847189,1780391847231,9,7,42,58
250,1194,bottleneck_250_1194_1780391847174_846185,success,,8baf964ef2cb98a7f7dde618ce7a301a73e02798b1b8a72e4748d196855b4a59,1780391847174,1780391847181,1780391847191,1780391847231,7,10,40,57
250,1192,bottleneck_250_1192_1780391847167_745984,success,,3edca66f31f2a6a21c83aeaae6d399c98e853296adcfb20f46340bb6d266d32f,1780391847167,1780391847180,1780391847193,1780391847231,13,13,38,64
250,1197,bottleneck_250_1197_1780391847185_389039,success,,0962077d70794e76840cc1050e33195601742f93a75d698a072098f598f11b65,1780391847185,1780391847199,1780391847201,1780391847231,14,2,30,46
250,1196,bottleneck_250_1196_1780391847184_53985,success,,9b9d51f2f56fe6f5650e351dc967f5de5b94c31afdf1340d52a4e0a5d263509f,1780391847184,1780391847197,1780391847198,1780391847231,13,1,33,47
250,1200,bottleneck_250_1200_1780391847197_195263,success,,68eea51988032c79021002b2e9ae380ef883dfa08bf01e0a2ab2200a52ddb43c,1780391847197,1780391847207,1780391847212,1780391847231,10,5,19,34
250,1209,bottleneck_250_1209_1780391847234_690804,success,,d04e7b7406d98f60ef80a3c5ddb5fcb23ff0dcd057025ecb3c4b8b4391ce9281,1780391847234,1780391847244,1780391847256,1780391847271,10,12,15,37
250,1203,bottleneck_250_1203_1780391847209_559817,success,,134f9f9c2c95b82cb9c9399b607476654d7fce74a41e399211cff73c8d2661f8,1780391847209,1780391847216,1780391847223,1780391847272,7,7,49,63
250,1208,bottleneck_250_1208_1780391847230_63199,success,,7ce5a072e0e02ee0957577b4e3ff3dca6b7a83890b82a7a777cbf0680378f16b,1780391847230,1780391847237,1780391847243,1780391847272,7,6,29,42
250,1198,bottleneck_250_1198_1780391847192_756650,success,,46f9f8a0840a94372ae9df21196a04ecf0c19777fb5ce389290adf5d34fd4f34,1780391847192,1780391847208,1780391847213,1780391847272,16,5,59,80
250,1201,bottleneck_250_1201_1780391847202_178960,success,,3706fe51e63c8da2c8028648c9fdf90c6dbc5ce43deef908031502086f9ca1ef,1780391847202,1780391847210,1780391847214,1780391847272,8,4,58,70
250,1204,bottleneck_250_1204_1780391847214_640802,success,,45c10dbef23aaaefd9ffb95d2a0a52026fad0f7216285a840dcd56bdfabc270a,1780391847214,1780391847239,1780391847247,1780391847272,25,8,25,58
250,1202,bottleneck_250_1202_1780391847206_722443,success,,f34f74d4e1d67cbd17c82fce406e4623059979d78f2962be47a12defc6896ba5,1780391847206,1780391847212,1780391847215,1780391847272,6,3,57,66
250,1207,bottleneck_250_1207_1780391847225_312590,success,,bf7948ffda36b7506fab9aa40821da635ae7c394ee8edf35ab4479a3ee3428c3,1780391847225,1780391847241,1780391847249,1780391847272,16,8,23,47
250,1205,bottleneck_250_1205_1780391847217_668016,success,,eb04f07bec84d657269e9ec1a193c1c36f19ddef6d2c75021d737c89570393f3,1780391847217,1780391847243,1780391847249,1780391847272,26,6,23,55
250,1206,bottleneck_250_1206_1780391847222_421359,success,,43966b70ccb60f9cee3f350ad6a48e046f6786e75d79510f5a30883523582c53,1780391847222,1780391847242,1780391847250,1780391847272,20,8,22,50
250,1216,bottleneck_250_1216_1780391847263_136393,success,,733d8e86f3307f22cc78f20db8a08cead0b5aafdfb7fc20a4c860c22c3118b44,1780391847263,1780391847284,1780391847291,1780391847308,21,7,17,45
250,1210,bottleneck_250_1210_1780391847240_724546,success,,b40fa96696149392e5817200afa4bfc3f60e3e33abe4d67c1291e782409d77a1,1780391847240,1780391847248,1780391847257,1780391847308,8,9,51,68
250,1212,bottleneck_250_1212_1780391847246_119151,success,,9c58d6fe1582824ca97b4693f4cb389fab37f1d5fed2bef879649d91768c7d55,1780391847246,1780391847258,1780391847264,1780391847308,12,6,44,62
250,1211,bottleneck_250_1211_1780391847245_705683,success,,8a9612fff1d4df5996e95bfd9005a235bef52163c2456e026fee32adad88a603,1780391847245,1780391847261,1780391847265,1780391847308,16,4,43,63
250,1213,bottleneck_250_1213_1780391847252_903430,success,,2634f8073a4f2158231a79f8ae9f237995ca5e41241ab6eaabfa179a663464a1,1780391847252,1780391847274,1780391847277,1780391847308,22,3,31,56
250,1214,bottleneck_250_1214_1780391847253_338215,success,,2491780274a23d98042e29fc1179ff5daf00bd3ef523096f42ed8b4cbaadc1ed,1780391847253,1780391847275,1780391847278,1780391847308,22,3,30,55
250,1219,bottleneck_250_1219_1780391847273_253941,success,,cbd114f4047918bdca67209eee28f87d713320a89f4a73519be4dd1f8b0c9869,1780391847273,1780391847283,1780391847287,1780391847308,10,4,21,35
250,1218,bottleneck_250_1218_1780391847269_313967,success,,5d1152c843fcdd4b95a96e90fc64067d24aa80687712961cb86cbf20aa41d927,1780391847269,1780391847280,1780391847289,1780391847308,11,9,19,39
250,1215,bottleneck_250_1215_1780391847262_468159,success,,53fd22c57c3ab466d16c68a39202a6167aff624980fb629880f9ac79ecc15d6c,1780391847262,1780391847281,1780391847288,1780391847308,19,7,20,46
250,1217,bottleneck_250_1217_1780391847266_703952,success,,fd9d7921e81a479bf8736ac5eb23d16a3b1072063917bce42224a28e5878f5e0,1780391847266,1780391847281,1780391847290,1780391847308,15,9,18,42
250,1229,bottleneck_250_1229_1780391847315_59697,success,,5f624ce751627a9de481f8bf18ff91c66409806d667cdf36c3ff2ad98e91d2d9,1780391847315,1780391847329,1780391847335,1780391847361,14,6,26,46
250,1227,bottleneck_250_1227_1780391847305_988199,success,,50e4a97a318b26e882049f1d9d175ad075b5084701e0589c52fa4fd06d368722,1780391847305,1780391847322,1780391847329,1780391847362,17,7,33,57
250,1225,bottleneck_250_1225_1780391847298_164195,success,,baeb6b85a7394c7240e4cfb049a551f85eaddba35f6f2b11349ae89103a5f4c3,1780391847298,1780391847326,1780391847332,1780391847362,28,6,30,64
250,1228,bottleneck_250_1228_1780391847309_184139,success,,d1d42c0a0ecd9435b8c9cdd66c7ca72242bb64cbf42ab692537f96625e6fa548,1780391847309,1780391847325,1780391847331,1780391847362,16,6,31,53
250,1224,bottleneck_250_1224_1780391847294_901530,success,,6fa9c17a3602c7943e68900173e5726f16cb7b16e3efc0cb7a09c8ff73c094c9,1780391847294,1780391847324,1780391847333,1780391847362,30,9,29,68
250,1226,bottleneck_250_1226_1780391847302_924681,success,,9cf404a9629eb17b67d350dd831fb1bf3eae45e80ac3994e9176d9b5ee9cb01e,1780391847302,1780391847327,1780391847333,1780391847362,25,6,29,60
250,1223,bottleneck_250_1223_1780391847290_390326,success,,ad81da28583755775a7ad7f146a8779a00590537325f37cab11d478d611e8622,1780391847290,1780391847300,1780391847301,1780391847362,10,1,61,72
250,1220,bottleneck_250_1220_1780391847279_605197,success,,0787c81228c003ec77371b8a11501b816c5e10f9c7fb1da116a11883a56118f9,1780391847279,1780391847285,1780391847292,1780391847362,6,7,70,83
250,1221,bottleneck_250_1221_1780391847284_661376,success,,c15e4a3b9764615bddb37f7b724cb99004ab14c8cacbf18d883455a0c2823065,1780391847284,1780391847293,1780391847297,1780391847362,9,4,65,78
250,1222,bottleneck_250_1222_1780391847286_410283,success,,6b7f890eddc0865b57f54705f2d17d48576828c1946e3fa4c68506ffda4ceccc,1780391847286,1780391847296,1780391847299,1780391847362,10,3,63,76
250,1239,bottleneck_250_1239_1780391847354_453943,success,,5a1b46d87bdb45af2ca0f9f92c40e6fbadeed7ca8abe3fe826a1d1a2c31077b7,1780391847354,1780391847368,1780391847372,1780391847392,14,4,20,38
250,1230,bottleneck_250_1230_1780391847319_865862,success,,396a769e85b555357b89b05539a0ee6a3c2717b1247283c04cc112d1aa31527b,1780391847319,1780391847336,1780391847343,1780391847393,17,7,50,74
250,1232,bottleneck_250_1232_1780391847328_685327,success,,ae408bf36a3566b9b7ba49bb71c2a24226e333332a9b0b37800be3e02c19132f,1780391847328,1780391847340,1780391847353,1780391847393,12,13,40,65
250,1233,bottleneck_250_1233_1780391847330_436605,success,,0e6e1ff24db571a1975dfae16757c17b81f7dec073679647306720c3895ffae0,1780391847330,1780391847345,1780391847354,1780391847393,15,9,39,63
250,1231,bottleneck_250_1231_1780391847323_659039,success,,7acd692d85f4bae482c68af5e960798b4a48cd1fe638801db41492404f96ab8f,1780391847323,1780391847339,1780391847352,1780391847393,16,13,41,70
250,1234,bottleneck_250_1234_1780391847334_326061,success,,45a32182ad12207bd374d1e94935a8738e3f6bf4270a3c4b12e9c2b73584a1f9,1780391847334,1780391847349,1780391847356,1780391847393,15,7,37,59
250,1235,bottleneck_250_1235_1780391847337_427033,success,,6c8d8fe190384f6801b46d178b2af290af05e15dd0d94b58e583dcbe89057d7b,1780391847337,1780391847359,1780391847363,1780391847393,22,4,30,56
250,1236,bottleneck_250_1236_1780391847342_193227,success,,92b7047aad2a78284961750148bcdfc104a893d103023f9e4e8311fc4bfe722a,1780391847342,1780391847360,1780391847364,1780391847393,18,4,29,51
250,1237,bottleneck_250_1237_1780391847346_471979,success,,e70410fc6d900739049b512ad04bb8e2181477349fdccb95b2158d10edee16d6,1780391847346,1780391847361,1780391847365,1780391847393,15,4,28,47
250,1238,bottleneck_250_1238_1780391847351_620740,success,,ab37ceab0ca698cd34f229e913ef3d78be991d18bd2ef6e71061abcc229c089e,1780391847351,1780391847366,1780391847372,1780391847393,15,6,21,42
250,1248,bottleneck_250_1248_1780391847390_919193,success,,c17875f90e38a6eaed24a19b7a8e5a66ec1371e2d36508f3b48da4a650946bba,1780391847390,1780391847399,1780391847404,1780391847424,9,5,20,34
250,1240,bottleneck_250_1240_1780391847358_263724,success,,62231a611a18948bd3901d0acc37cbebbf2bb4e9f9e39bba7edf5c8b22a8d1b4,1780391847358,1780391847369,1780391847377,1780391847424,11,8,47,66
250,1246,bottleneck_250_1246_1780391847382_685264,success,,e6e80438f00b307e2ad3617dbe90fbebf66af160a55d647eb3cb16f2877c9218,1780391847382,1780391847398,1780391847405,1780391847424,16,7,19,42
250,1249,bottleneck_250_1249_1780391847394_846536,success,,41dd9e1689d99ee4311f682ac2771ecb33081f5224d0ccda09068451dc5d7e6c,1780391847394,1780391847401,1780391847406,1780391847424,7,5,18,30
250,1247,bottleneck_250_1247_1780391847387_349898,success,,1114350270808da95c66bb939ece7368cc9c94dc9668aa7639322ddb6fcab0fc,1780391847387,1780391847399,1780391847406,1780391847424,12,7,18,37
250,1241,bottleneck_250_1241_1780391847362_62634,success,,ba0ea2ac0b9d2e39228aceb11f10c8e26cbd2897741a195992e24e5d399c3d78,1780391847362,1780391847370,1780391847374,1780391847424,8,4,50,62
250,1243,bottleneck_250_1243_1780391847369_969173,success,,d5f8d2f41094956a5bbaa8cc8e45db2a812078dbc25df6beffa86561a94b61fb,1780391847369,1780391847378,1780391847381,1780391847424,9,3,43,55
250,1242,bottleneck_250_1242_1780391847365_205457,success,,286a428ec2b4ba0cf51596fd6eb4d682bfb55fb3e2cb4eae4ce0aa6f82e64e5a,1780391847365,1780391847375,1780391847380,1780391847424,10,5,44,59
250,1244,bottleneck_250_1244_1780391847373_193324,success,,b60c8a906ad7dcea6bc9219fb7c1b0fe3b24dc35674c5bc84f410f8fecb0c4cd,1780391847373,1780391847384,1780391847386,1780391847424,11,2,38,51
250,1245,bottleneck_250_1245_1780391847377_537992,success,,41baf458640595406fd0899189a0ffeed6c2ebaf4c9d248f3e06819767af5871,1780391847377,1780391847396,1780391847402,1780391847424,19,6,22,47
250,1259,bottleneck_250_1259_1780391847433_302520,success,,fbd700b9786beea8a43d602da9213e2a0fcbb72a0e1d34e3e417771b02548ba8,1780391847434,1780391847457,1780391847465,1780391847482,23,8,17,48
250,1250,bottleneck_250_1250_1780391847397_188478,success,,0af85f4aeb3d03dbda531be54c2a8423abf4e54bda9e6835d6e8f359f494a96b,1780391847397,1780391847403,1780391847408,1780391847482,6,5,74,85
250,1251,bottleneck_250_1251_1780391847402_940725,success,,d47e9cc6de7e77da61dc5c97703c13289f1417bee68ffe4b1486da383187316e,1780391847402,1780391847409,1780391847412,1780391847482,7,3,70,80
250,1256,bottleneck_250_1256_1780391847422_726668,success,,d30dc2353b7bc975a39c791ce709b1bb4e7be3450204911e2a8f2226b3ac35e5,1780391847422,1780391847436,1780391847449,1780391847482,14,13,33,60
250,1254,bottleneck_250_1254_1780391847414_141447,success,,ebed8149ccb2846c8fe11eb1d85cf633aa162ba0efb1808c3ea0911be7bb238c,1780391847414,1780391847441,1780391847456,1780391847482,27,15,26,68
250,1255,bottleneck_250_1255_1780391847419_161776,success,,9d5aaba6f6f9cbbea5596ccc4193b8a29b2d7571963e666c6832e6badffcd8f1,1780391847419,1780391847439,1780391847458,1780391847482,20,19,24,63
250,1257,bottleneck_250_1257_1780391847425_247901,success,,afa0220240fd964552a8e6fc4d12fb37a21b1d8f2aa77c4a5ddd5fbbd060cb6c,1780391847425,1780391847440,1780391847458,1780391847482,15,18,24,57
250,1252,bottleneck_250_1252_1780391847407_912066,success,,22193e5efbf6a706e964b06ca6c968b12286f58bc47cfd3a1cc10aa2c29cdab3,1780391847407,1780391847442,1780391847463,1780391847482,35,21,19,75
250,1253,bottleneck_250_1253_1780391847411_18023,success,,e5aed118ceea28272dfdb9bde684da4e38d3cb756781520185a7ce3e4aeb19f0,1780391847411,1780391847444,1780391847460,1780391847482,33,16,22,71
250,1258,bottleneck_250_1258_1780391847430_552110,success,,5d80c2fec452b7638d3c7e74ff7edeca490ea3cf297b245bf7e4714fccfbcb2c,1780391847430,1780391847451,1780391847461,1780391847482,21,10,21,52
250,1271,bottleneck_250_1271_1780391847481_843579,success,,dd9ecd0f71eb791d5cd3170b9e3183c41d86c2601f53cc1e9a773af0d0058c95,1780391847481,1780391847494,1780391847500,1780391847518,13,6,18,37
250,1265,bottleneck_250_1265_1780391847459_354728,success,,610d32af10a922f7427ab08a5d608a69ac82a423f0a375579831644bbe6a6135,1780391847459,1780391847473,1780391847478,1780391847519,14,5,41,60
250,1270,bottleneck_250_1270_1780391847479_592488,success,,233d5bd71dec9388926e1102bcaa872df408ba2adb4aa763aaa9b0d1069157f1,1780391847479,1780391847490,1780391847497,1780391847519,11,7,22,40
250,1266,bottleneck_250_1266_1780391847463_725022,success,,7851d3392e96a452488588d6197c83b637768214faf974c0fcf84fbed9240c72,1780391847463,1780391847493,1780391847502,1780391847519,30,9,17,56
250,1263,bottleneck_250_1263_1780391847452_342952,success,,38be4c911c98cd06f3cd9fc562e75965faef549c29c0c484a6a974b9245cb9e8,1780391847452,1780391847474,1780391847479,1780391847519,22,5,40,67
250,1264,bottleneck_250_1264_1780391847453_941734,success,,37be188908f2a8b4879fe52381e01881ce8f7b4cb2602d5179a53a05029b1f11,1780391847453,1780391847472,1780391847477,1780391847519,19,5,42,66
250,1261,bottleneck_250_1261_1780391847445_92749,success,,4d9e35b2b37ad0be78258d445209dc84f906e4338f527a4a122ebe0d66a66b46,1780391847445,1780391847473,1780391847480,1780391847519,28,7,39,74
250,1260,bottleneck_250_1260_1780391847438_621360,success,,64d14580cca2fa64435bbeb0807d64cddc7cc863d1b1d9c2f1cb50e10ecf05ef,1780391847438,1780391847462,1780391847476,1780391847519,24,14,43,81
250,1262,bottleneck_250_1262_1780391847447_342457,success,,7e97400cb756e5241d18a9bc3cd49a2e20de4c9efafa16e5c03b58fae1eff563,1780391847447,1780391847469,1780391847476,1780391847519,22,7,43,72
250,1267,bottleneck_250_1267_1780391847465_21889,success,,31552b41e61da20f93010caa0325ca6f8443572efafca64d207b5400969507e7,1780391847465,1780391847495,1780391847501,1780391847519,30,6,18,54
250,1279,bottleneck_250_1279_1780391847514_732929,success,,9d9db0c3d4e29af1893703493268825072676f61e8198e78f32cd3d78969993e,1780391847514,1780391847531,1780391847540,1780391847557,17,9,17,43
250,1269,bottleneck_250_1269_1780391847475_261996,success,,77204d6d474f54bdde961f18d4cb6c34711c156ec84b6ce2678883ac0b19627c,1780391847475,1780391847494,1780391847503,1780391847558,19,9,55,83
250,1268,bottleneck_250_1268_1780391847470_809208,success,,8b53a9848a6ffe501fd152c731ae589c7c34d78f3c85443aaddffd7734e914f6,1780391847470,1780391847492,1780391847504,1780391847558,22,12,54,88
250,1272,bottleneck_250_1272_1780391847486_176929,success,,8a7112f28a3e23c76202b273d7cc3ff1b7e227149a36d08f6f5e03f67774f1b1,1780391847486,1780391847497,1780391847507,1780391847558,11,10,51,72
250,1273,bottleneck_250_1273_1780391847491_768695,success,,abfd08b4da49997606da9633c269e49d95bbe9a62c4093e334fc72897ed5ae88,1780391847491,1780391847498,1780391847507,1780391847558,7,9,51,67
250,1274,bottleneck_250_1274_1780391847496_742515,success,,9e6397d89e20f178f0590fc2df07bfc9025268ce42110ea47c74b72d5562cb88,1780391847496,1780391847509,1780391847512,1780391847558,13,3,46,62
250,1275,bottleneck_250_1275_1780391847499_222594,success,,6f9a747d4910729eadc7259a87f6ff6f56a62735136dc192c9805d1b38f5e95c,1780391847499,1780391847513,1780391847514,1780391847558,14,1,44,59
250,1277,bottleneck_250_1277_1780391847506_838086,success,,ae4fe65b927916b5edf6e574448bee785b1c90e368e4806e222e86a4a0487390,1780391847506,1780391847528,1780391847534,1780391847558,22,6,24,52
250,1276,bottleneck_250_1276_1780391847505_596945,success,,f57cab209e682091b9bc82ba09fbd7b466a61abd658b25fd00687e2de81a491c,1780391847505,1780391847532,1780391847537,1780391847559,27,5,22,54
250,1278,bottleneck_250_1278_1780391847509_291610,success,,967225f2ef0f927b14141a5d8210f5f87e66504463cad0cfec8315b615423dfe,1780391847509,1780391847530,1780391847538,1780391847559,21,8,21,50
250,1288,bottleneck_250_1288_1780391847550_96458,success,,6c302e6496f5b266bebfac51fcb1fea67c626829932e18505d1b248169b25623,1780391847550,1780391847563,1780391847567,1780391847594,13,4,27,44
250,1280,bottleneck_250_1280_1780391847518_552655,success,,568a7533707dd3b49f7840437d577bb7fd0c20e2d352ce04e6f0d713b484bf87,1780391847518,1780391847531,1780391847541,1780391847594,13,10,53,76
250,1281,bottleneck_250_1281_1780391847521_949606,success,,fcbc7ecd0825fa7819c59ff860ec8f77b53c0f5e82b9ce70c64e70d0593d102b,1780391847521,1780391847533,1780391847542,1780391847594,12,9,52,73
250,1286,bottleneck_250_1286_1780391847544_739559,success,,f2093c39b47bd65a8a3ef4be0a36f1775156d892bcf9418579889ef265b7698a,1780391847544,1780391847557,1780391847562,1780391847594,13,5,32,50
250,1282,bottleneck_250_1282_1780391847525_776954,success,,9326e542a95dfbd8784c9ad1e9620f2558734bafab8387daff076228828b74e2,1780391847525,1780391847534,1780391847542,1780391847594,9,8,52,69
250,1283,bottleneck_250_1283_1780391847529_371215,success,,8dd264415e55eaab781273b2067c9c49b3005860b3818f07cbf97f98dc2b0f4b,1780391847529,1780391847536,1780391847543,1780391847594,7,7,51,65
250,1284,bottleneck_250_1284_1780391847535_211450,success,,7af3d52693dfd63a8a445a7653b95a85ca03233d83131bd071983788cb451730,1780391847535,1780391847545,1780391847547,1780391847594,10,2,47,59
250,1287,bottleneck_250_1287_1780391847545_931815,success,,ebb5a1f1b471ef7e4b0c51ce80c2a9ac31d3c143c9aa03cff37e58ab907af5dc,1780391847545,1780391847558,1780391847564,1780391847594,13,6,30,49
250,1289,bottleneck_250_1289_1780391847553_131015,success,,cd9210c15395c00c1edaddf4670128f93cd567f63da8c560b3f5f40fc2697bcb,1780391847553,1780391847564,1780391847567,1780391847594,11,3,27,41
250,1285,bottleneck_250_1285_1780391847539_447937,success,,4ccaeaad0f4f1539ac57765cbc515d4ed9e13851729ef75c64b843c8445aa5f1,1780391847539,1780391847559,1780391847565,1780391847594,20,6,29,55
250,1296,bottleneck_250_1296_1780391847582_91638,success,,813b1668298162ea58e13098a9749b4c35f13258059322d72d75d18b0bcf11ac,1780391847582,1780391847606,1780391847612,1780391847651,24,6,39,69
250,1294,bottleneck_250_1294_1780391847574_126265,success,,9620940e692f3cc644cdc8a98a58bbb5709ab6979967cc4a5fc524bf2ed65204,1780391847574,1780391847596,1780391847599,1780391847651,22,3,52,77
250,1291,bottleneck_250_1291_1780391847561_543319,success,,94c3974494b85cb7ac73452dc6bc654b94e51adcdd1edbaa268decb799269c71,1780391847561,1780391847568,1780391847571,1780391847651,7,3,80,90
250,1290,bottleneck_250_1290_1780391847560_104055,success,,073df1a30d85afbb551bae7da6c5189e9e208e4528e90966f768b5b80f5c8d2a,1780391847560,1780391847569,1780391847573,1780391847651,9,4,78,91
250,1292,bottleneck_250_1292_1780391847566_735291,success,,05956f9bb56e099e9c2bfd7d841013f1cfc93fd85209e37d6b1aa740f69e3f21,1780391847566,1780391847579,1780391847583,1780391847651,13,4,68,85
250,1293,bottleneck_250_1293_1780391847570_621755,success,,9706617f561e874b7d41be4ae373fe68a0586255881edfa68411a8fb1843d3cb,1780391847570,1780391847584,1780391847586,1780391847651,14,2,65,81
250,1298,bottleneck_250_1298_1780391847590_717702,success,,7006b4c91716b3312435fb83734d59c9b549622665db8fc7de75da52445affa2,1780391847590,1780391847603,1780391847611,1780391847651,13,8,40,61
250,1297,bottleneck_250_1297_1780391847587_83598,success,,7488fab19d58bf9ababc7fafc9463c6fb712ffc7d88cd6289e0b7c791434bab0,1780391847587,1780391847602,1780391847608,1780391847651,15,6,43,64
250,1299,bottleneck_250_1299_1780391847594_849305,success,,6245081e79658ebe81ffad889f33f654cfca79409a0afbc92beaba4a7e3252e3,1780391847594,1780391847604,1780391847612,1780391847651,10,8,39,57
250,1295,bottleneck_250_1295_1780391847578_731096,success,,8dd08d97dbabe17b0fa86f2305f933624e45e236b6d723360e081d7326ed43b6,1780391847578,1780391847605,1780391847610,1780391847651,27,5,41,73
250,1308,bottleneck_250_1308_1780391847631_203822,success,,c293382599f109c4dd61d6a4a7ba75e20d13a01c1ed06577b44a66bc23b57413,1780391847631,1780391847650,1780391847656,1780391847680,19,6,24,49
250,1300,bottleneck_250_1300_1780391847598_168215,success,,c2d8958384c0c616a9f1c56567f1c50f845fb26eada3231023670ef1dd63cbd3,1780391847598,1780391847608,1780391847615,1780391847680,10,7,65,82
250,1301,bottleneck_250_1301_1780391847601_174746,success,,3c6b239e7d1cd39a398fef98bb238794df8348b9bc504c8bce190fb95331a197,1780391847601,1780391847614,1780391847625,1780391847681,13,11,56,80
250,1302,bottleneck_250_1302_1780391847607_696960,success,,5f51ce914d7486caffaeb470de46e73a813a9a9f2825d7c0fe8e49d3886965a8,1780391847607,1780391847624,1780391847630,1780391847681,17,6,51,74
250,1303,bottleneck_250_1303_1780391847609_682790,success,,fad5f9c6dce2ba7e79d3469c1b9df08a0d07a2de6f9c2402e6d901b0e8c89077,1780391847609,1780391847640,1780391847644,1780391847681,31,4,37,72
250,1304,bottleneck_250_1304_1780391847613_797601,success,,04ebd2c3a1f552f424777fc942a914fc75de6d1a03117bb7a73e5ebf1dc30470,1780391847613,1780391847641,1780391847645,1780391847681,28,4,36,68
250,1306,bottleneck_250_1306_1780391847622_795803,success,,aa3091e97956b402aad1312b8e13847c510960c868aa37ffbd19b343cbc71bae,1780391847622,1780391847643,1780391847646,1780391847681,21,3,35,59
250,1309,bottleneck_250_1309_1780391847633_8045,success,,9c19c5b261b79dd7b447b4ecbea77f79e8d50ef6871f94059846eae73edb8306,1780391847633,1780391847649,1780391847651,1780391847681,16,2,30,48
250,1305,bottleneck_250_1305_1780391847618_6945,success,,2645dcce298dcf465778eed225114df98237187840aa12695dc2b745f438b9c2,1780391847618,1780391847647,1780391847653,1780391847681,29,6,28,63
250,1307,bottleneck_250_1307_1780391847626_303108,success,,e662fb0ca7b33454f8b201b0ccb64eb4fdf2f07a2db0c2c4d11fc66091277730,1780391847626,1780391847648,1780391847653,1780391847681,22,5,28,55
250,1320,bottleneck_250_1320_1780391847678_261705,success,,e8861c42ada88d27aa5d77bede5cde8daef055f6adc557cddbc8f363ba051fd0,1780391847678,1780391847691,1780391847695,1780391847723,13,4,28,45
250,1314,bottleneck_250_1314_1780391847654_68298,success,,d4d22b8b59594ed8bc1237a34032cfa32b53dc5dadd7602e41399a0a73bcd02b,1780391847654,1780391847668,1780391847673,1780391847723,14,5,50,69
250,1317,bottleneck_250_1317_1780391847665_654525,success,,283121d490db1c31d3cc29cc1fd1064512f5c8d98d14baf671364058711d5ee8,1780391847665,1780391847681,1780391847688,1780391847723,16,7,35,58
250,1315,bottleneck_250_1315_1780391847658_15188,success,,bcd0d9bc14c64aba2e1c9f46a276d6af625242015fe95f6ef27a5cafd27a19fa,1780391847658,1780391847667,1780391847674,1780391847723,9,7,49,65
250,1311,bottleneck_250_1311_1780391847641_804415,success,,f4108b10aef4cb0ad4b9620555e693ed256085017dfc112eb5b97d0baae334d0,1780391847641,1780391847659,1780391847662,1780391847723,18,3,61,82
250,1312,bottleneck_250_1312_1780391847646_549311,success,,43823ff01a37e9d1af5c23dbc331926575fa6184eed2ecf7fa429033a6489601,1780391847646,1780391847659,1780391847663,1780391847723,13,4,60,77
250,1313,bottleneck_250_1313_1780391847650_566413,success,,7a70572ec5736e24b632e11b06aee59ec77111211c7b788f5dbc8ac995291abf,1780391847650,1780391847660,1780391847668,1780391847723,10,8,55,73
250,1316,bottleneck_250_1316_1780391847663_927582,success,,2564987e751ee1e755fdc256c897d088dc741eedc0613c5b08af2329cca75f29,1780391847663,1780391847682,1780391847689,1780391847723,19,7,34,60
250,1318,bottleneck_250_1318_1780391847669_781974,success,,5b9c087a7aa4083858d9ae242bf0d065f8dd71de22e9fa11478268f9724ed3c1,1780391847669,1780391847683,1780391847692,1780391847723,14,9,31,54
250,1310,bottleneck_250_1310_1780391847638_357053,success,,da9efa5d46318a09b9b0b00c650cd11373514c7c87fa49da2404f1cf5efc5bcb,1780391847638,1780391847657,1780391847661,1780391847723,19,4,62,85
250,1328,bottleneck_250_1328_1780391847709_818040,success,,0dd4b5fbb5e8685405eb0808633c6c99e85183c29a9f5d119d2698c095d1e5bf,1780391847709,1780391847732,1780391847737,1780391847760,23,5,23,51
250,1324,bottleneck_250_1324_1780391847695_996017,success,,e61559276e5c23fa41e0dc78c2c0e40f803cf5c68f2758b4da668714a725801c,1780391847695,1780391847712,1780391847717,1780391847760,17,5,43,65
250,1325,bottleneck_250_1325_1780391847699_243264,success,,45945c1fd62f747472475ceb3a7c578cb9d2a18c0140dfc6e3fb4d81158adefe,1780391847699,1780391847714,1780391847719,1780391847760,15,5,41,61
250,1327,bottleneck_250_1327_1780391847706_29805,success,,281dd246def335079a5df7989512290c28a1e8e18613cd1639b9c5bab15337ad,1780391847706,1780391847715,1780391847720,1780391847760,9,5,40,54
250,1329,bottleneck_250_1329_1780391847716_959448,success,,25de9ada8bb01d3a1305965e775420278249e0b95449991f79dab386d3079a00,1780391847716,1780391847731,1780391847737,1780391847760,15,6,23,44
250,1326,bottleneck_250_1326_1780391847701_671646,success,,84b412492d85bf8523d3ffc68c765c94a28e7f0d83fcd4e23963a7066ac6b260,1780391847701,1780391847713,1780391847718,1780391847760,12,5,42,59
250,1319,bottleneck_250_1319_1780391847674_941216,success,,a355b5e42734d7e24072e1c9774c6dc3a2ffad25959937ba3f3544c67a03f695,1780391847674,1780391847691,1780391847696,1780391847760,17,5,64,86
250,1321,bottleneck_250_1321_1780391847684_988880,success,,38185498e3f9edd5fa5ef6788359d7f16b6d6684a47afe5fabef5e37f52c7084,1780391847684,1780391847694,1780391847698,1780391847760,10,4,62,76
250,1322,bottleneck_250_1322_1780391847686_676673,success,,fa5a038943636fae02cc2559b6a3b8c21be9f70fbb60362a6c08054e41a69698,1780391847686,1780391847697,1780391847700,1780391847760,11,3,60,74
250,1323,bottleneck_250_1323_1780391847690_719548,success,,701894241e4cdd8eb58a9ddbf613755e42892e35d85f68fb7f1024caed138134,1780391847690,1780391847699,1780391847703,1780391847760,9,4,57,70
250,1340,bottleneck_250_1340_1780391847759_151821,success,,5b8990f8192fe83aa30665597a506ab16734b31677d6ed9c419fab0e6a5a53f7,1780391847759,1780391847767,1780391847772,1780391847794,8,5,22,35
250,1331,bottleneck_250_1331_1780391847721_728105,success,,89edc72567d6ee1a90fb5e0446456b4bb7b0f7f5361c8c0338269251b8f7c9b3,1780391847721,1780391847731,1780391847739,1780391847794,10,8,55,73
250,1330,bottleneck_250_1330_1780391847717_788021,success,,13e94385f96d12d7cb2b9714a0ff2fd0704ded44c44992c240fa1b7c68b6e79e,1780391847717,1780391847733,1780391847741,1780391847794,16,8,53,77
250,1332,bottleneck_250_1332_1780391847725_121041,success,,4cc83791bc029b778dd3992c3caaefd2a5c19f4e5c5c670f829a95af8c5d9efa,1780391847725,1780391847735,1780391847741,1780391847794,10,6,53,69
250,1333,bottleneck_250_1333_1780391847729_540591,success,,55681755247fa16154d94f5cec747f92c2c67be1be3f41b9a9be56e314c1e982,1780391847729,1780391847736,1780391847743,1780391847794,7,7,51,65
250,1334,bottleneck_250_1334_1780391847734_161763,success,,cf0e5ce8295be030a873d1a1e095ee5ee52c135e871881b2740fce2f65fa8c61,1780391847734,1780391847745,1780391847752,1780391847794,11,7,42,60
250,1335,bottleneck_250_1335_1780391847740_695865,success,,c39e2ff9b3638c0d2ac34f5c6e7337ce691d82fe805598e23cb9134d0e6afcf8,1780391847740,1780391847751,1780391847753,1780391847794,11,2,41,54
250,1336,bottleneck_250_1336_1780391847742_659690,success,,3d096a44ff26df77ec671f2ca067302e12d8c70849322f2257c20705ccca5124,1780391847742,1780391847760,1780391847763,1780391847794,18,3,31,52
250,1337,bottleneck_250_1337_1780391847746_714506,success,,884031438df672b08113b7db8b4e6eb5a4a0a0d45c6c433f35426372ea3e2353,1780391847746,1780391847761,1780391847765,1780391847794,15,4,29,48
250,1338,bottleneck_250_1338_1780391847750_183481,success,,28183f45a8f43212d9edeb71b0062a4bddaad9ab0d19fec9395bf5744d1b8f06,1780391847750,1780391847766,1780391847770,1780391847794,16,4,24,44
250,1349,bottleneck_250_1349_1780391847793_14258,success,,8ac668b98e34445e5b3c07e75caa9a3b47d2b9a71f72aac7120e971957b073be,1780391847793,1780391847799,1780391847803,1780391847826,6,4,23,33
250,1341,bottleneck_250_1341_1780391847762_942201,success,,748f80a6e0ab12333e1374463bbdf4d0c4710b6da5736fe37f485d047c6b02e5,1780391847762,1780391847769,1780391847775,1780391847826,7,6,51,64
250,1342,bottleneck_250_1342_1780391847768_372328,success,,b770b1009c4b8ddcf7abb37d7313df78876e7107fbc56c129a0dc6178e4deb2c,1780391847768,1780391847776,1780391847781,1780391847826,8,5,45,58
250,1343,bottleneck_250_1343_1780391847771_948840,success,,4d5519ee845aef59f4de4135b616af24feae2b9630e6d751a43410e3637310ad,1780391847771,1780391847785,1780391847787,1780391847826,14,2,39,55
250,1346,bottleneck_250_1346_1780391847781_716432,success,,46309e3fc1a9cb6921669d5909bb45dfc50150c7fd994e7d6bc2750150dd2153,1780391847781,1780391847790,1780391847794,1780391847826,9,4,32,45
250,1345,bottleneck_250_1345_1780391847779_806778,success,,448809ed0e68a1149c37145f78f7e644bf8cbfb1db9d2cab2d7fb105eab05325,1780391847779,1780391847792,1780391847795,1780391847826,13,3,31,47
250,1344,bottleneck_250_1344_1780391847774_140197,success,,1d28194565fe1f518d61ed9d7710537b3e9d915720536c409b9f4a98500aafa2,1780391847774,1780391847792,1780391847796,1780391847826,18,4,30,52
250,1347,bottleneck_250_1347_1780391847786_449303,success,,e0a02596192f252d9f01d7fe283dff2db6a4a2a15016ff462b7b1d2bd58494dd,1780391847786,1780391847797,1780391847800,1780391847826,11,3,26,40
250,1348,bottleneck_250_1348_1780391847791_966420,success,,e0e73bbedbd7407fe0bf5a140b9ff77c350143f2cfac8e2206cbce822069abdd,1780391847791,1780391847799,1780391847801,1780391847826,8,2,25,35
250,1339,bottleneck_250_1339_1780391847754_505138,success,,e99b266906147c2d731b2f2fa82f7aa3e8c4c4893c276d8ed5dfe58818bcfc00,1780391847754,1780391847766,1780391847773,1780391847826,12,7,53,72
250,1359,bottleneck_250_1359_1780391847836_942474,success,,099dbd27318e11bda083379f1c4fd8a88778542973d7d96f3bad10cb7b02f19e,1780391847836,1780391847845,1780391847849,1780391847875,9,4,26,39
250,1354,bottleneck_250_1354_1780391847813_675856,success,,ef63e46d32466099167facfb72329e35c6c0605a77af19350669717c71d70ce0,1780391847814,1780391847834,1780391847839,1780391847875,20,5,36,61
250,1351,bottleneck_250_1351_1780391847802_607033,success,,8305cd7d9e17454ef1ed0fb32844261be1df07a190a359fa8577343efb4c0206,1780391847802,1780391847811,1780391847816,1780391847875,9,5,59,73
250,1352,bottleneck_250_1352_1780391847805_46873,success,,5339b9e4feed844912ff50b227707b72dd77ac2fb63e54915bc92469d7152ec2,1780391847805,1780391847811,1780391847817,1780391847875,6,6,58,70
250,1353,bottleneck_250_1353_1780391847810_463406,success,,c17c2ab96a1304ab4e6059e99487508e8a2be8cb4d5004be93612e0bbb48a914,1780391847810,1780391847827,1780391847829,1780391847875,17,2,46,65
250,1350,bottleneck_250_1350_1780391847798_206849,success,,d590cab420acf0d715f53fc7dd5fc6485e93e8b94f2903ad9bd747d6686d8f99,1780391847798,1780391847806,1780391847809,1780391847875,8,3,66,77
250,1355,bottleneck_250_1355_1780391847818_301943,success,,2708408214f34ffc5043c8ae02c84b1d244ea7b45f6f5bd473c973b9b5457dfb,1780391847818,1780391847835,1780391847842,1780391847875,17,7,33,57
250,1357,bottleneck_250_1357_1780391847826_721119,success,,878adcfbc361e0a718a118ac81a5109f9370cf7ee5f0b4956fb53401de3cd504,1780391847826,1780391847839,1780391847843,1780391847875,13,4,32,49
250,1358,bottleneck_250_1358_1780391847830_882055,success,,05b112e192b962cff220550f38a83a87df9e2ec3a2ce44a8ab1836f997124174,1780391847830,1780391847838,1780391847843,1780391847876,8,5,33,46
250,1356,bottleneck_250_1356_1780391847822_84133,success,,b13bf5f9e0e57971c0576fbdd9924d3d2151ea07eec48026ff091e66b1153444,1780391847822,1780391847837,1780391847845,1780391847876,15,8,31,54
250,1360,bottleneck_250_1360_1780391847840_772898,success,,86d6435abd44dfdf98c14da9cf2ad69e405ddac27d01cd804460dec9ac785416,1780391847840,1780391847847,1780391847851,1780391847908,7,4,57,68
250,1365,bottleneck_250_1365_1780391847858_154210,success,,7bae6d421d738b5402297b9c8f2a4794b371f84c1226a2e1e23aee0268fe0550,1780391847858,1780391847873,1780391847876,1780391847908,15,3,32,50
250,1361,bottleneck_250_1361_1780391847841_972599,success,,ee4fc0becc2485e132898a71c52ea81ec77328757763300ddbfc37dea7662b9d,1780391847841,1780391847848,1780391847852,1780391847908,7,4,56,67
250,1364,bottleneck_250_1364_1780391847855_287778,success,,bda41ebfdac3128cc56eb6f05a130121cadfbd6a13861aae97accd6c1256fbbe,1780391847855,1780391847875,1780391847878,1780391847908,20,3,30,53
250,1368,bottleneck_250_1368_1780391847871_461506,success,,534d44a185d2a5f81ab0737a56891188e6526d025b8763dcb9f8f187390258c3,1780391847871,1780391847881,1780391847887,1780391847908,10,6,21,37
250,1362,bottleneck_250_1362_1780391847846_53786,success,,5cd5252e4e4232b26ff23189fe6fc41c0653a18a36f0ca8fe4b803476737484d,1780391847846,1780391847854,1780391847857,1780391847908,8,3,51,62
250,1363,bottleneck_250_1363_1780391847850_824252,success,,1e7538c52d7c8e9bafb91610d527f0062129cad628be68238280b065badee3cf,1780391847850,1780391847861,1780391847863,1780391847908,11,2,45,58
250,1366,bottleneck_250_1366_1780391847862_660964,success,,2ef0a0671d55989ef19a15c44c15d7354b1761cfe30a9bc821dff8f403530242,1780391847862,1780391847879,1780391847884,1780391847908,17,5,24,46
250,1367,bottleneck_250_1367_1780391847865_696017,success,,91e906fc0cb0d5ac3116a477d5b7550a0bd8f6f1e95493a43a8563244c9c4a7f,1780391847865,1780391847880,1780391847883,1780391847908,15,3,25,43
250,1369,bottleneck_250_1369_1780391847874_147476,success,,61fc3591ad823a7169971d62b3f771fcb4458eb0b442b849da96ef4075b5c951,1780391847874,1780391847882,1780391847887,1780391847908,8,5,21,34
250,1379,bottleneck_250_1379_1780391847914_112473,success,,cbf6b9e1c052693cfcc2f5a9a1a311eed962c01f5ffc0b228a37fe8fb04a079b,1780391847914,1780391847920,1780391847923,1780391847944,6,3,21,30
250,1370,bottleneck_250_1370_1780391847878_193155,success,,e72da1e5a6ae0eb7f89df29b360875df88b72498ee03cc41d3af8bbe6b7c2146,1780391847878,1780391847888,1780391847891,1780391847944,10,3,53,66
250,1371,bottleneck_250_1371_1780391847882_918249,success,,11ad1fd90daccb779433ef313ef00eb9df37fb2760d6a022d2f31e6469af3e99,1780391847882,1780391847890,1780391847894,1780391847944,8,4,50,62
250,1377,bottleneck_250_1377_1780391847906_196711,success,,92a538f3f11747a01fbd3fc946ef38e8c28adb770c031369b86bb446ae21f041,1780391847906,1780391847913,1780391847916,1780391847944,7,3,28,38
250,1372,bottleneck_250_1372_1780391847886_648810,success,,e5433eb5cf7ab31bea9b12e57eb8c8a1e9b36db96a625975e374cc9c601e70d6,1780391847886,1780391847900,1780391847903,1780391847945,14,3,42,59
250,1373,bottleneck_250_1373_1780391847889_526607,success,,c405f852ad0a467dcc3ada43c27a4ba49ec20d3313a64d195ad9b6bc67f2ea22,1780391847889,1780391847901,1780391847905,1780391847945,12,4,40,56
250,1374,bottleneck_250_1374_1780391847893_490837,success,,ca3d33d615b8d334b03aa7f703ba4ed38e45cfd55c3cc3359462dacd8780ad84,1780391847893,1780391847901,1780391847905,1780391847945,8,4,40,52
250,1375,bottleneck_250_1375_1780391847898_653346,success,,0868d91855bf9a886dc2ff090457ea607709c06cb1699d14218f1e9ac274d53f,1780391847898,1780391847915,1780391847920,1780391847945,17,5,25,47
250,1378,bottleneck_250_1378_1780391847910_655628,success,,1e82ea5be8d9d6b2e4c6b9e9f31692c6668ae7426bae4ad6badea03a39a8d0ad,1780391847910,1780391847917,1780391847922,1780391847945,7,5,23,35
250,1376,bottleneck_250_1376_1780391847902_447534,success,,84acbd69bf1308e100b077012e39ef4bd7ba1c21f5a5821e872e06e2eb6a9d8f,1780391847902,1780391847916,1780391847919,1780391847945,14,3,26,43
250,1389,bottleneck_250_1389_1780391847954_250704,success,,c6fb143279bce9dfda378a28121964c4f1627512d83088aa74d230d380633e72,1780391847954,1780391847961,1780391847973,1780391847989,7,12,16,35
250,1385,bottleneck_250_1385_1780391847938_577684,success,,775190bd5e1120fc2ecd75d1d5c5650e485dfd1dd4743259ec1acafc26424ec8,1780391847938,1780391847951,1780391847956,1780391847989,13,5,33,51
250,1380,bottleneck_250_1380_1780391847918_583681,success,,da50c86a176c9cb7bc71dfcb5cfab8b9f6502087f200b66293c8d58d83c5ea6a,1780391847918,1780391847925,1780391847927,1780391847990,7,2,63,72
250,1387,bottleneck_250_1387_1780391847946_682986,success,,060934930612d11c578947f3339825c298b7ec7782cd8f7793feca6fb7d79ae5,1780391847946,1780391847953,1780391847958,1780391847990,7,5,32,44
250,1381,bottleneck_250_1381_1780391847921_105970,success,,30c8b3e9d04f447f667bf7228aa0bb1a45e1ba77c5008925560390ebad2c412d,1780391847921,1780391847928,1780391847932,1780391847990,7,4,58,69
250,1386,bottleneck_250_1386_1780391847942_914658,success,,f490d78613f71320a5aa2294c9b4c7825583fa3872e12e99c9f8d8f108e38d66,1780391847942,1780391847952,1780391847957,1780391847990,10,5,33,48
250,1382,bottleneck_250_1382_1780391847926_709278,success,,5a34c2aa51c1c4b358f0da35fff312adba0943dcae6beb4d09c42ff743a483a9,1780391847926,1780391847945,1780391847948,1780391847990,19,3,42,64
250,1383,bottleneck_250_1383_1780391847930_897437,success,,23564f8c8bfb0e219ef6c18d79ce5c83643a29f11420dd2989e2ed4f34426e0a,1780391847930,1780391847953,1780391847960,1780391847990,23,7,30,60
250,1384,bottleneck_250_1384_1780391847933_350947,success,,61f687c66a77cf544d3eab79a3281ea80a496e4db9efb443689d49e635670f92,1780391847933,1780391847950,1780391847955,1780391847990,17,5,35,57
250,1388,bottleneck_250_1388_1780391847949_664138,success,,b11bfa3b9edadbada4b264ecf0372f8bd91c03f45c440b7b0d15c1e57882940d,1780391847949,1780391847959,1780391847963,1780391847990,10,4,27,41
250,1399,bottleneck_250_1399_1780391847994_257998,success,,ca701a82b67ef683718af2e693bc78b90c46abf04b513da3c1224ecc2e77ebf6,1780391847994,1780391848002,1780391848010,1780391848024,8,8,14,30
250,1398,bottleneck_250_1398_1780391847991_655167,success,,5fbaa97a3a105d2f234679dccd0d77d78c945ba1d047edbaf16b696f14a4dad6,1780391847991,1780391848001,1780391848007,1780391848024,10,6,17,33
250,1390,bottleneck_250_1390_1780391847958_936218,success,,5b61546d5116f0d42ed1c666158f768a38b4b500abfb985f1fa6e16529223657,1780391847958,1780391847965,1780391847974,1780391848024,7,9,50,66
250,1391,bottleneck_250_1391_1780391847962_851422,success,,972f203ba94be65aea253741c0d6a4872aa30527dee119fae75a264fc9881c8e,1780391847962,1780391847975,1780391847979,1780391848024,13,4,45,62
250,1393,bottleneck_250_1393_1780391847971_785869,success,,80e5764aec23ab70b0b599359c02f700b7e16d08613af19aa8ae689bb360909d,1780391847971,1780391847993,1780391848000,1780391848024,22,7,24,53
250,1394,bottleneck_250_1394_1780391847973_218794,success,,0b8b366c430d9e310c43bb56edff96b0c170ddd7e054e40f2ae1cc364d9b151e,1780391847973,1780391847997,1780391848005,1780391848024,24,8,19,51
250,1395,bottleneck_250_1395_1780391847977_955869,success,,67c687c4ce5f5c7825ae643ae4b8b2f263f3e42c2baee76b29c86ee88796171d,1780391847977,1780391847995,1780391848003,1780391848024,18,8,21,47
250,1397,bottleneck_250_1397_1780391847985_517550,success,,19e05f3470cf1c6d627f8ab502b081b02c8e6d2472fcb1be5ea220c2761e5a2f,1780391847985,1780391847998,1780391848006,1780391848024,13,8,18,39
250,1392,bottleneck_250_1392_1780391847969_881959,success,,85b1bd0567c9e27926be7ba22178d57d8935af1a2f52733214f3d5304992820c,1780391847969,1780391847996,1780391848004,1780391848024,27,8,20,55
250,1396,bottleneck_250_1396_1780391847981_858457,success,,88405457cf72fabf30fc8190da26dad77fef03e28f33c8bc4691554ef71d2721,1780391847981,1780391847999,1780391848007,1780391848024,18,8,17,43
250,1406,bottleneck_250_1406_1780391848021_406252,success,,3716c14e0cecde1ea399913a90b4e580256a16fb45058256e7f7760e6ac38fc0,1780391848021,1780391848029,1780391848034,1780391848063,8,5,29,42
250,1401,bottleneck_250_1401_1780391848002_437488,success,,cc4505057b7844db71bc88772826fcb7f924bb1063ee38395a7e5604677279ce,1780391848002,1780391848013,1780391848015,1780391848063,11,2,48,61
250,1400,bottleneck_250_1400_1780391847999_55689,success,,729876d4484ffb63faf420a06cc24e82f3faae2a33e5efe21dd11d9c8d3228fe,1780391847999,1780391848012,1780391848016,1780391848064,13,4,48,65
250,1409,bottleneck_250_1409_1780391848033_110079,success,,5a262826e3bf9421a0155b9ff7a6cc6ce5b7b25eca14c5b5d2d677134e18d8b1,1780391848033,1780391848040,1780391848042,1780391848064,7,2,22,31
250,1402,bottleneck_250_1402_1780391848008_404025,success,,3eb66bfb774c94c3dfa8d2983cecd158f9f3add8b456cc00b57269c35f500a90,1780391848008,1780391848020,1780391848022,1780391848064,12,2,42,56
250,1403,bottleneck_250_1403_1780391848009_757719,success,,0dcf1f61e5950db012a37694756d9227f7df6ea9f722812f9e777a9fb9b5d12f,1780391848009,1780391848020,1780391848023,1780391848064,11,3,41,55
250,1404,bottleneck_250_1404_1780391848013_871211,success,,1f2387b5a6ae85f02bc27d0d98bac6978b3fc331a9245a64e549e51e37f1287b,1780391848013,1780391848031,1780391848036,1780391848064,18,5,28,51
250,1407,bottleneck_250_1407_1780391848025_330360,success,,7cb00b367a5b4d8bef0c74a03bfff5ea20315e35518cad2f1bfc4f6e88007545,1780391848025,1780391848032,1780391848037,1780391848064,7,5,27,39
250,1405,bottleneck_250_1405_1780391848018_291877,success,,f17fd108ca92e72fa56791588b401c984c8ea65b09d209bca06e61777d0ecff7,1780391848018,1780391848031,1780391848038,1780391848064,13,7,26,46
250,1408,bottleneck_250_1408_1780391848030_716714,success,,c0e9b7a5a1b4d3a6200a41884831bb7f21686717d116fc4c53885de49b714e6f,1780391848030,1780391848035,1780391848039,1780391848064,5,4,25,34
250,1419,bottleneck_250_1419_1780391848077_527991,success,,2af56494383f099edc6e930432b674af08539c3b037b3ec2f0f40ffe2966de31,1780391848077,1780391848085,1780391848089,1780391848109,8,4,20,32
250,1410,bottleneck_250_1410_1780391848038_571103,success,,2458b95c987f1251ce54c081df4ebf1cc95e8886b522519d61e55f7b59c175e6,1780391848038,1780391848044,1780391848051,1780391848109,6,7,58,71
250,1411,bottleneck_250_1411_1780391848043_429028,success,,9a655eca06aeeb0b87b152e7300801eab2cd0fac6ea00d839b635bb1102d9721,1780391848043,1780391848054,1780391848059,1780391848109,11,5,50,66
250,1412,bottleneck_250_1412_1780391848047_204909,success,,ae470125349dbe160745f1b1ce0601ccee3e1316e710201f9a03900be519da6b,1780391848047,1780391848061,1780391848064,1780391848109,14,3,45,62
250,1413,bottleneck_250_1413_1780391848049_153985,success,,a591ac78549378d6e56e441a1f2aad8e41586db4da5d9c2824a9303d1062213c,1780391848049,1780391848073,1780391848080,1780391848109,24,7,29,60
250,1416,bottleneck_250_1416_1780391848062_458551,success,,af837e898760c4c9af62560763149334ab9b36b586e015fa8bb87b6bef7b4589,1780391848062,1780391848074,1780391848080,1780391848109,12,6,29,47
250,1414,bottleneck_250_1414_1780391848053_54137,success,,6dc9baa636197bf66eafd0f8edfa17ea744f29010297b43fbcf9e9dbb1271ca5,1780391848053,1780391848075,1780391848082,1780391848109,22,7,27,56
250,1415,bottleneck_250_1415_1780391848057_124285,success,,e24b4c35994a300e0e58677a4b0d885ac16e54feda4dcca75272cee02ba9f089,1780391848057,1780391848076,1780391848083,1780391848109,19,7,26,52
250,1418,bottleneck_250_1418_1780391848070_241712,success,,208c575ca4ebb6118112d91279802020da7357a8a5c06490f262179644014140,1780391848070,1780391848079,1780391848083,1780391848109,9,4,26,39
250,1417,bottleneck_250_1417_1780391848065_882661,success,,19c292a688fdf6d65055ccecfcb0290a1374d3e82999e93c81a3b8debc180e13,1780391848065,1780391848078,1780391848084,1780391848109,13,6,25,44
250,1429,bottleneck_250_1429_1780391848114_391113,success,,bfe81af5ba30aaa20e58566bf889be2c0ae33e83ddb4bbe7e065aba698fcca21,1780391848114,1780391848120,1780391848125,1780391848148,6,5,23,34
250,1420,bottleneck_250_1420_1780391848077_140513,success,,feecc1cdd086be244c0112957a09a2ac99822f31cb9924dc10a0b5ea5be6109f,1780391848077,1780391848086,1780391848090,1780391848148,9,4,58,71
250,1421,bottleneck_250_1421_1780391848081_634360,success,,e2045b575c424a49eaf01b65799b1a433bd54b526ac20f942d61bf94b6209964,1780391848081,1780391848087,1780391848091,1780391848149,6,4,58,68
250,1422,bottleneck_250_1422_1780391848086_982859,success,,8cd65e3b5def55a0e183c78e4e1d0c45f0eb4496691e60c3da299133340128ad,1780391848086,1780391848093,1780391848096,1780391848149,7,3,53,63
250,1426,bottleneck_250_1426_1780391848101_458168,success,,2be3298b3e3af7f4e12dbe84d460ee7a0e1806784bbf4558d188843790795385,1780391848101,1780391848116,1780391848120,1780391848149,15,4,29,48
250,1423,bottleneck_250_1423_1780391848089_653308,success,,d507e0088910f936d3128e1077ea362ff76b8face2232bbce3c1f36fe3256fd3,1780391848089,1780391848097,1780391848103,1780391848149,8,6,46,60
250,1424,bottleneck_250_1424_1780391848094_740081,success,,9da8a17247cb2dea7f5304ad9f6a2c674f8ab0898ba642395286aff45cd794e4,1780391848094,1780391848113,1780391848118,1780391848149,19,5,31,55
250,1427,bottleneck_250_1427_1780391848106_570423,success,,4469f0b02d957af0f2afc3b8e845fb577062fd9bae5ca624237ef6ee9a2f3c85,1780391848106,1780391848115,1780391848123,1780391848149,9,8,26,43
250,1425,bottleneck_250_1425_1780391848098_147525,success,,6d5f98fd4aacd7778ebac90d6df47416f4efb24af5fd5a1cf8ba0fd9f630bdee,1780391848098,1780391848116,1780391848122,1780391848149,18,6,27,51
250,1428,bottleneck_250_1428_1780391848110_500426,success,,3e9caedaa093a6226a10bf2b49e220a6bdb3a930156471efd6014dff62869a93,1780391848110,1780391848119,1780391848125,1780391848149,9,6,24,39
250,1439,bottleneck_250_1439_1780391848154_656045,success,,ec945f4ec32572ac41f5933725060ee79c356662b9ddc32c7593c119564a7633,1780391848154,1780391848164,1780391848170,1780391848210,10,6,40,56
250,1433,bottleneck_250_1433_1780391848130_560379,success,,a1c283cf0a6b640002182e13d731682972edfd81f4daf98c308badc3ebf6a98d,1780391848130,1780391848139,1780391848142,1780391848211,9,3,69,81
250,1437,bottleneck_250_1437_1780391848146_861704,success,,fcbe0085f4ca9dab512386b3ab95f88168f305065e1ee711306f71a9ae83c582,1780391848146,1780391848156,1780391848163,1780391848211,10,7,48,65
250,1436,bottleneck_250_1436_1780391848141_166763,success,,1aeca1496a6e3ca0ffa516fde5a58f5cc7ff1ce87bd3b3cf6eeea957369c8425,1780391848141,1780391848158,1780391848163,1780391848211,17,5,48,70
250,1434,bottleneck_250_1434_1780391848135_104210,success,,e3884f0b0515e1fc68912718b7fc231bcfbac7a7416344d18f4fb84aebc10334,1780391848135,1780391848158,1780391848165,1780391848212,23,7,47,77
250,1438,bottleneck_250_1438_1780391848150_407066,success,,f97604bc16125bb7e5a27b6b31da9a634d1bfab42af692d78ae940fb28dc2e9e,1780391848150,1780391848159,1780391848166,1780391848212,9,7,46,62
250,1435,bottleneck_250_1435_1780391848138_306275,success,,ff2b30dcfecf63d355eb0725e46c97e4a42010aa025aea759e672065ee8a603a,1780391848138,1780391848160,1780391848168,1780391848212,22,8,44,74
250,1430,bottleneck_250_1430_1780391848117_842898,success,,410071886ef214eb8c067d1a95a4d13c8713a9cc4779865842c71be03c3bbe92,1780391848117,1780391848128,1780391848130,1780391848212,11,2,82,95
250,1431,bottleneck_250_1431_1780391848124_249000,success,,98664c543c0b0dbe563a84bfb38674122447ebf70a1c9136873bb2b1ea2f056e,1780391848124,1780391848133,1780391848137,1780391848212,9,4,75,88
250,1432,bottleneck_250_1432_1780391848126_257961,success,,3b9777062127e6d6431fc7b7954682173140e0a8d5637e72cf3356195983769c,1780391848126,1780391848136,1780391848140,1780391848212,10,4,72,86
250,1452,bottleneck_250_1452_1780391848207_137809,success,,fe7b7b7301e2f4f42a53d09efa8eedfd20919e883b3f0bd25898b5a770db6737,1780391848207,1780391848224,1780391848233,1780391848259,17,9,26,52
250,1443,bottleneck_250_1443_1780391848169_220722,success,,d898f9357b7eb322e5cff7d07d21078c534cd5d976b086e7e7af9dc9661d50e8,1780391848169,1780391848196,1780391848200,1780391848259,27,4,59,90
250,1450,bottleneck_250_1450_1780391848197_111044,success,,9bfa1b1809bc05df498c560e592387dba0ea442f9c2170db30449546f5f5da9f,1780391848197,1780391848220,1780391848235,1780391848259,23,15,24,62
250,1441,bottleneck_250_1441_1780391848162_731104,success,,8c49c27644c15b5f7359d53b7cc5a17cfc783b6cf57917fa661657ba244ccc01,1780391848162,1780391848175,1780391848181,1780391848259,13,6,78,97
250,1440,bottleneck_250_1440_1780391848161_588101,success,,bb9b761d297943b41ebd826bbe9d7b19295e91288d52a81b2d628784904f22f4,1780391848161,1780391848178,1780391848183,1780391848259,17,5,76,98
250,1442,bottleneck_250_1442_1780391848167_832273,success,,089774252dae1f2feadf4ba914d7ac83559706315e367df6ad4c26caa56e06f7,1780391848167,1780391848191,1780391848195,1780391848259,24,4,64,92
250,1446,bottleneck_250_1446_1780391848182_151428,success,,65100a729376fc7d9fec6443a9f4c5d54867668f2613c78a0183ff7c21949d60,1780391848182,1780391848205,1780391848208,1780391848259,23,3,51,77
250,1445,bottleneck_250_1445_1780391848177_254919,success,,fc298b52c8e85b8e3f44e9b2f785850610aec1b24d2ab66dd919c7ef5a5dfe8b,1780391848177,1780391848203,1780391848209,1780391848259,26,6,50,82
250,1444,bottleneck_250_1444_1780391848177_270048,success,,a59a196834f3493f5128e60a26b5fb4f331ee20a2b86ed3d26611af763bc5934,1780391848177,1780391848206,1780391848210,1780391848259,29,4,49,82
250,1449,bottleneck_250_1449_1780391848193_147171,success,,fac07a691a6029494ffd37cf83fb50aaed0ef94d8634fff3ce5757492afa284c,1780391848193,1780391848219,1780391848228,1780391848259,26,9,31,66
250,1462,bottleneck_250_1462_1780391848246_792734,success,,1405ef839692fa0f4d5a1cbcc3f5cd2d1e78da5ac259c393bb2aaf1b368c434d,1780391848246,1780391848270,1780391848281,1780391848299,24,11,18,53
250,1458,bottleneck_250_1458_1780391848230_143756,success,,11f8e219f6807355a6748d6b682490ceefdb1d19a574d75830279644727abd61,1780391848230,1780391848249,1780391848255,1780391848300,19,6,45,70
250,1453,bottleneck_250_1453_1780391848210_903544,success,,357106bb50ca0a159a3140099945a2e0d551223e9a896c95ebb471ba025f093d,1780391848210,1780391848222,1780391848234,1780391848301,12,12,67,91
250,1451,bottleneck_250_1451_1780391848202_873638,success,,ea9b0f1b66d03439deadb481a6d8468d24a5a882f1de98ee1375dd5a1fcc114d,1780391848202,1780391848225,1780391848231,1780391848301,23,6,70,99
250,1448,bottleneck_250_1448_1780391848190_501338,success,,99bd414bf9ff1b2adf14a49321ec3de3fa0641f2ccb8b94e3d89a13330c7ad93,1780391848190,1780391848223,1780391848234,1780391848301,33,11,67,111
250,1454,bottleneck_250_1454_1780391848213_241257,success,,1aaa82894d473a31a589f282e83df3910ba44e59da6193273008f277d533ed4b,1780391848213,1780391848227,1780391848244,1780391848302,14,17,58,89
250,1447,bottleneck_250_1447_1780391848185_867436,success,,a5a2988a94fa8d48625c7c9dfc36eca771891b351b4eef02877c96e40ee55997,1780391848185,1780391848220,1780391848232,1780391848302,35,12,70,117
250,1455,bottleneck_250_1455_1780391848217_829342,success,,f688888b8970bc064adbeccc1e027868e50edb67fbd2142e75292bea1317c9c3,1780391848217,1780391848229,1780391848245,1780391848302,12,16,57,85
250,1456,bottleneck_250_1456_1780391848226_849494,success,,beefbc8edc45d6b0bbf6982a6e1ea8c5474e95a5a22b972f7dd8434b1d486cf2,1780391848226,1780391848248,1780391848253,1780391848302,22,5,49,76
250,1457,bottleneck_250_1457_1780391848226_659024,success,,6ccc58e9374b9a348b1a6719378a3465df7bf790069c765d9af8996c48e1ca9a,1780391848226,1780391848247,1780391848252,1780391848302,21,5,50,76
250,1468,bottleneck_250_1468_1780391848269_202493,success,,3ccf41ba778acc663e5fe0d97718e17bfff11b11f76340db8db1d7e82343ede8,1780391848269,1780391848282,1780391848296,1780391848316,13,14,20,47
250,1465,bottleneck_250_1465_1780391848258_271171,success,,3523bc6e9ec77533140b1c9be3a04fc652cd07878a97bfa1b7c07de49df203e5,1780391848258,1780391848274,1780391848285,1780391848316,16,11,31,58
250,1467,bottleneck_250_1467_1780391848266_710922,success,,2bbdba194c0f6460384dc0e1c370bbaf6f5f687a4c72d6cacb9753fb34084b63,1780391848266,1780391848279,1780391848291,1780391848317,13,12,26,51
250,1459,bottleneck_250_1459_1780391848236_794887,success,,44ee4bc7d51dc7e56ad831f1f02d0cd442ba40fb172c24135128a64b25b1c0f9,1780391848236,1780391848275,1780391848285,1780391848317,39,10,32,81
250,1464,bottleneck_250_1464_1780391848254_846368,success,,3c2987c98fc89cdb281062cd079ed768c09615ef4ac33d403b5c06b6d9a3b62e,1780391848254,1780391848276,1780391848286,1780391848317,22,10,31,63
250,1460,bottleneck_250_1460_1780391848238_243778,success,,acf2261f465f974c540043d40fba6ca18c2bb31aac168fe1f156736543a93e4e,1780391848238,1780391848272,1780391848282,1780391848317,34,10,35,79
250,1466,bottleneck_250_1466_1780391848262_263332,success,,649215a602a36021e9f4e4b2e41aa8c6b4ab33e18ca1a59a3c329a37f43adf2e,1780391848262,1780391848279,1780391848289,1780391848317,17,10,28,55
250,1461,bottleneck_250_1461_1780391848242_234688,success,,934cad3a13c5a3f7075ccd9ff28a866c1ddc9883cb839c6a47f7c2541f4142ef,1780391848242,1780391848278,1780391848292,1780391848317,36,14,25,75
250,1463,bottleneck_250_1463_1780391848249_416744,success,,108aca98c9b22b54b5393f3a521807912890ed3b40c08997ed5032de8d372641,1780391848249,1780391848277,1780391848283,1780391848317,28,6,34,68
250,1469,bottleneck_250_1469_1780391848273_506837,success,,f9ce44639638f1ca951414f7369949a5b872b60ceb0b6fc56e78c71c16c902aa,1780391848273,1780391848284,1780391848295,1780391848317,11,11,22,44
250,1480,bottleneck_250_1480_1780391848318_18009,success,,20e3f8807aaa7d61ba996fd55f145b89bfd87a87998275e209e27ab1941468f7,1780391848318,1780391848332,1780391848344,1780391848374,14,12,30,56
250,1470,bottleneck_250_1470_1780391848280_416063,success,,d1a6658caa647690131593b06eba1e187a3570f12994a0dfdc90cfed62d49bb8,1780391848280,1780391848297,1780391848300,1780391848374,17,3,74,94
250,1472,bottleneck_250_1472_1780391848287_236238,success,,fe8cf03ad9b8057bcdfc21ff1cf565b0645f61b31393c3a56839f9a054502d86,1780391848287,1780391848321,1780391848328,1780391848374,34,7,46,87
250,1471,bottleneck_250_1471_1780391848287_123346,success,,9c983e3e982813de2aa08d81f0ce82789cd6ed32a473c803e9e1a25761e6d5a5,1780391848287,1780391848317,1780391848324,1780391848374,30,7,50,87
250,1475,bottleneck_250_1475_1780391848297_308921,success,,4951f3cc8696f1789472c0202e619f50be766823149552ce651d853cf7d058f1,1780391848297,1780391848319,1780391848326,1780391848374,22,7,48,77
250,1473,bottleneck_250_1473_1780391848293_788299,success,,605409ebdfe378e2265465bd31748175316ef948ebd7f9f776ff2e4000987cbb,1780391848293,1780391848320,1780391848325,1780391848375,27,5,50,82
250,1474,bottleneck_250_1474_1780391848294_938526,success,,a9b2efbfe888f8a243f8123b6fd629910b02a4b599d79b96d86e6b3e58c261df,1780391848294,1780391848323,1780391848328,1780391848375,29,5,47,81
250,1477,bottleneck_250_1477_1780391848306_102591,success,,11de74616740fd46dca741c0cc646cf77596a7cc374ce55d88edbaeece3b4eab,1780391848306,1780391848332,1780391848339,1780391848375,26,7,36,69
250,1476,bottleneck_250_1476_1780391848302_554224,success,,372e6469952e4d167b0015fa01e82a91d26c6af0eaeff40f140693bb56a50d34,1780391848302,1780391848330,1780391848338,1780391848375,28,8,37,73
250,1479,bottleneck_250_1479_1780391848313_534832,success,,d7ea7bf01ad936eb516ede93d2bcd57e9b801c57f06a60b3b7a2dae463d70eac,1780391848313,1780391848331,1780391848343,1780391848375,18,12,32,62
250,1490,bottleneck_250_1490_1780391848359_920741,success,,345bb587dd098c03e71bd62a0ac1bb0d6ae55e48662b088b12dbafcfb6317af0,1780391848359,1780391848380,1780391848384,1780391848411,21,4,27,52
250,1478,bottleneck_250_1478_1780391848309_729617,success,,47b90b0d0d32e196744f08eeba8793449181ef43cf3d21059eb04abc12c3c75a,1780391848309,1780391848333,1780391848343,1780391848411,24,10,68,102
250,1483,bottleneck_250_1483_1780391848329_155226,success,,fc334289e8eac7246355dd11dd68be1022a35da3a8ddf71e13ad7cc106365155,1780391848329,1780391848337,1780391848348,1780391848411,8,11,63,82
250,1482,bottleneck_250_1482_1780391848327_484212,success,,8635b94e393a69339935a1c10098461f89721b47825acfdcb232e9799480b617,1780391848327,1780391848336,1780391848347,1780391848411,9,11,64,84
250,1481,bottleneck_250_1481_1780391848323_955862,success,,fbcc654a745d5d3b317e8ffa7daffa4132bfc6a6c98063270ed3ada16b74ba4a,1780391848323,1780391848335,1780391848349,1780391848411,12,14,62,88
250,1484,bottleneck_250_1484_1780391848334_522084,success,,0295904271760d7b2420141cc2d35a345c8dd8927ab1566cbb70831a0793c1c2,1780391848334,1780391848350,1780391848358,1780391848411,16,8,53,77
250,1487,bottleneck_250_1487_1780391848345_89755,success,,ef146ca3e1613d189f7239ebd845db6f304ba9b405a5b06ba557107e360982ef,1780391848345,1780391848368,1780391848373,1780391848411,23,5,38,66
250,1485,bottleneck_250_1485_1780391848340_826,success,,2f0836980833ac6c1edb3bb3637f4d231a75b7b45c732855657982c45e209e82,1780391848340,1780391848368,1780391848372,1780391848411,28,4,39,71
250,1488,bottleneck_250_1488_1780391848352_761358,success,,2b9c8ce893a426943e3f02bc945f350fedda89f996f9096c05562d67a2c7a204,1780391848352,1780391848379,1780391848383,1780391848411,27,4,28,59
250,1486,bottleneck_250_1486_1780391848341_894160,success,,c4aef4b7bc3689e5d2e237b517bdfc441a6dd547534be22cf564ce90a41741de,1780391848341,1780391848367,1780391848369,1780391848411,26,2,42,70
250,1499,bottleneck_250_1499_1780391848393_480838,success,,fea8be8ce741cc2fecab1ffc7c450607bbf938bb05f5ef866e756b4cea859c20,1780391848393,1780391848409,1780391848420,1780391848454,16,11,34,61
250,1491,bottleneck_250_1491_1780391848361_185695,success,,0f21089ba0d6796a897abb0030ca493550bb2af7dcdb8322b5d2d2f934eb523f,1780391848361,1780391848397,1780391848402,1780391848454,36,5,52,93
250,1493,bottleneck_250_1493_1780391848370_469285,success,,0725e7721ab4ccbc168c6bbacc5ae1c96a58608cd42dc081479cd28ea969449e,1780391848370,1780391848399,1780391848407,1780391848454,29,8,47,84
250,1492,bottleneck_250_1492_1780391848365_817998,success,,15d6f0cce5a9f1afd74e6d293f1e67ec435e16b5bf48be7b88b2f8cc7d0a2c0c,1780391848365,1780391848400,1780391848411,1780391848454,35,11,43,89
250,1496,bottleneck_250_1496_1780391848382_536734,success,,b208843e99efaf7afa17623cbaf640b46e2e515f8c2e903624bdc339f5055f31,1780391848382,1780391848404,1780391848415,1780391848454,22,11,39,72
250,1494,bottleneck_250_1494_1780391848373_465340,success,,9353c780d4fb39389a0ecdbc66d5210ecf5822fae9d7971d74b35a950b0d2ee8,1780391848373,1780391848404,1780391848416,1780391848454,31,12,38,81
250,1497,bottleneck_250_1497_1780391848386_707451,success,,e62fdd395d7b7afe7c6092624b40a79b561658ab7d48666d008abb92c126d3d4,1780391848386,1780391848406,1780391848419,1780391848454,20,13,35,68
250,1498,bottleneck_250_1498_1780391848390_279519,success,,b39c9a0f161bf31abae5c121d3e063286eeb5671c30674720344510beab0733a,1780391848390,1780391848407,1780391848416,1780391848454,17,9,38,64
250,1495,bottleneck_250_1495_1780391848377_492140,success,,66e48c144c354c337361a7763c69f6ffb025fc75da3af83b3e74aa286ca7d2c1,1780391848377,1780391848403,1780391848418,1780391848454,26,15,36,77
250,1489,bottleneck_250_1489_1780391848354_942723,success,,c5fe82273508cc69ee80be021940f759ef9b7f0d1e43a41956c38e0a83bcbd61,1780391848354,1780391848381,1780391848385,1780391848454,27,4,69,100
250,1508,bottleneck_250_1508_1780391848430_888015,success,,bdfac5e81f7c013dae2b4277b0d0fbe8897916650c54f6d849cf29397864dd80,1780391848430,1780391848461,1780391848466,1780391848490,31,5,24,60
250,1501,bottleneck_250_1501_1780391848401_561742,success,,d41686b6c44d7c21e4ad2dd45bee4ba663d59cbddc3048747c3b3c98798baa1c,1780391848401,1780391848423,1780391848443,1780391848490,22,20,47,89
250,1500,bottleneck_250_1500_1780391848398_155069,success,,3acc0f33188094aa087ed5fa34ec18e60b42c5b612fbbd990e98b06dd6665159,1780391848398,1780391848427,1780391848442,1780391848490,29,15,48,92
250,1502,bottleneck_250_1502_1780391848408_573117,success,,37045bb9b64e725fd291672b2c5e299bcd8a814bc548db199e9d78dc4743f002,1780391848408,1780391848426,1780391848444,1780391848490,18,18,46,82
250,1504,bottleneck_250_1504_1780391848414_571246,success,,79ab15806ca95e45703f9d7b14befaebbff1ce1ecf0345f545f418de0b41a34a,1780391848414,1780391848436,1780391848446,1780391848490,22,10,44,76
250,1506,bottleneck_250_1506_1780391848422_560761,success,,6956ae7c15ca7a373819f18351412562e9cd557192d8fe3d00dc688f71a202a5,1780391848422,1780391848437,1780391848448,1780391848492,15,11,44,70
250,1505,bottleneck_250_1505_1780391848417_944930,success,,22bf9abec23a82fda7345d1258e82acfe064dd0c0e350db7a2eaaf7092b66acf,1780391848417,1780391848441,1780391848449,1780391848492,24,8,43,75
250,1509,bottleneck_250_1509_1780391848433_124830,success,,3c13d7a96a5a8cecb40cae5b9139697ad5a42ab00a92eabc839ca7b0024efb3b,1780391848433,1780391848460,1780391848463,1780391848492,27,3,29,59
250,1503,bottleneck_250_1503_1780391848411_899395,success,,64a0f7c99e11de4b8df1ede8317941650dcdb223a7ace3a320ae78deb686f243,1780391848411,1780391848445,1780391848452,1780391848492,34,7,40,81
250,1507,bottleneck_250_1507_1780391848426_316062,success,,4dae66e4a63e87c2a437cc438f5fef1707af25e9eb4f74a0f267d16b52120c16,1780391848426,1780391848462,1780391848464,1780391848492,36,2,28,66
250,1518,bottleneck_250_1518_1780391848474_295689,success,,8beaef473cc5e06056ad576d8d7023d556c2d293e64129fb23e7ff5f758de726,1780391848474,1780391848489,1780391848494,1780391848516,15,5,22,42
250,1510,bottleneck_250_1510_1780391848438_460601,success,,9c570dde733616d2b02b8b02d1ee446d7f82c078c151ec5658d340725c5142cf,1780391848438,1780391848468,1780391848476,1780391848516,30,8,40,78
250,1513,bottleneck_250_1513_1780391848450_375026,success,,9e206bc5fe1b01ae4b3a3601468f4df300f4c72ae165285cf8dd76ca571d70e5,1780391848450,1780391848469,1780391848478,1780391848516,19,9,38,66
250,1514,bottleneck_250_1514_1780391848453_952359,success,,1e614b2dc9d9aa0ae25c3d5a662ba2de1e0764aa906aae20e8bf55490f075d7d,1780391848453,1780391848470,1780391848479,1780391848516,17,9,37,63
250,1515,bottleneck_250_1515_1780391848459_910477,success,,25551b28d6c37956b78e27168325c479522b0f929ad381e9cc1631a12aa6c775,1780391848459,1780391848472,1780391848482,1780391848516,13,10,34,57
250,1512,bottleneck_250_1512_1780391848447_422670,success,,9396efd7c0bf4d2c2ceefd565de31c2b688a66f62f95b84b9497169258f9c3b1,1780391848447,1780391848474,1780391848484,1780391848516,27,10,32,69
250,1511,bottleneck_250_1511_1780391848446_459025,success,,62a91cc79b44a95f5591a62c90db96c6a788b8abe424966a17f10da813173082,1780391848446,1780391848473,1780391848485,1780391848516,27,12,31,70
250,1516,bottleneck_250_1516_1780391848462_51055,success,,b3e787b14ea61cb86d89d70422447bebea70a7d1056a3c21ce6c069141a3df33,1780391848462,1780391848477,1780391848486,1780391848517,15,9,31,55
250,1517,bottleneck_250_1517_1780391848465_150213,success,,23b4c6f05e38f3b861fb6e6ea3247b92bcf4b72e5d16ce9bf90e4a87ccd8f097,1780391848465,1780391848483,1780391848491,1780391848517,18,8,26,52
250,1519,bottleneck_250_1519_1780391848475_41191,success,,7da892b7e5bc7981d82fbecb41900301e8f006996a8db7c2c7255378efb05de2,1780391848475,1780391848487,1780391848492,1780391848517,12,5,25,42
250,1529,bottleneck_250_1529_1780391848516_874344,success,,38fffb4da9d5f90667a6754f3deea035add8bd6da7cb8ce05d0f471cc91e06f7,1780391848516,1780391848526,1780391848532,1780391848553,10,6,21,37
250,1526,bottleneck_250_1526_1780391848501_890651,success,,d4feffad5786e844da9052bb2ca72fbb25ae533d48089c003d68ed47cdf297f2,1780391848501,1780391848515,1780391848523,1780391848553,14,8,30,52
250,1523,bottleneck_250_1523_1780391848490_738345,success,,98d3ed8008d03020b19e03f0b9e8c7109fcc55fec00465f02d66699754aa9d56,1780391848490,1780391848512,1780391848517,1780391848553,22,5,36,63
250,1528,bottleneck_250_1528_1780391848509_546673,success,,04c64e86f201d2ac26a55dd3a831faba3bf109f5d9ada1b0fd76ec9465389b2a,1780391848509,1780391848524,1780391848529,1780391848553,15,5,24,44
250,1524,bottleneck_250_1524_1780391848495_480417,success,,9ee34e99db32c98eedb6d113baae3d18cfc9c3277367f39f8f9ea69f178814a3,1780391848495,1780391848510,1780391848519,1780391848553,15,9,34,58
250,1520,bottleneck_250_1520_1780391848480_76129,success,,76073a3fddd424c61879c225f28cc95291616f0e4c2af8a5a4a80ebdd9da84e1,1780391848480,1780391848511,1780391848518,1780391848553,31,7,35,73
250,1525,bottleneck_250_1525_1780391848497_717115,success,,d8c22d4e05af92d0c61773f413062d195ecad0eb3ebc5aaf501ec6bf9852632b,1780391848497,1780391848514,1780391848523,1780391848553,17,9,30,56
250,1521,bottleneck_250_1521_1780391848481_763801,success,,d6002e8e4faf79d0866819fa36144bab5881555220c8e1e39eb67cd34932061b,1780391848481,1780391848508,1780391848514,1780391848553,27,6,39,72
250,1522,bottleneck_250_1522_1780391848487_174479,success,,bf0ba503c99ba32d0520823588a7241a0b49ca12414b31c9e16101401a04a59c,1780391848487,1780391848513,1780391848519,1780391848553,26,6,34,66
250,1527,bottleneck_250_1527_1780391848506_652044,success,,3ceb4e766dc15b56a9e50f8683d8c011144fa0381d041d885de610840b8ad27d,1780391848506,1780391848525,1780391848528,1780391848553,19,3,25,47
250,1537,bottleneck_250_1537_1780391848546_760543,success,,20535b9441c6d6b01168fd2eff5ebedd03f41b5ce440c420a34bf168682d9956,1780391848546,1780391848568,1780391848576,1780391848599,22,8,23,53
250,1533,bottleneck_250_1533_1780391848529_546256,success,,5a75641aae90a52a4221f76001eca8d0afe4a5c0481d30fd1eda7ddcdbed5999,1780391848529,1780391848544,1780391848549,1780391848599,15,5,50,70
250,1535,bottleneck_250_1535_1780391848538_655932,success,,2d3c3008f030d02acfd711b2eee3a63fad5b4d5ce1849caa16e2c86038aea379,1780391848538,1780391848550,1780391848556,1780391848599,12,6,43,61
250,1534,bottleneck_250_1534_1780391848534_124813,success,,1603cc944785ff0f00be0c0f7711ac561040aa4f647427a1aadbf6c0ec6c949a,1780391848534,1780391848551,1780391848554,1780391848599,17,3,45,65
250,1539,bottleneck_250_1539_1780391848555_766304,success,,46723c3294ec725d1ff9346d6df04288f4315bf9c724ee436700f01b9d59ea78,1780391848555,1780391848566,1780391848571,1780391848599,11,5,28,44
250,1538,bottleneck_250_1538_1780391848549_46011,success,,a3d85bb801b3b02b4c2b0d772879e1712e8c01a4750ef467d387c03d1477c2fc,1780391848549,1780391848567,1780391848576,1780391848599,18,9,23,50
250,1532,bottleneck_250_1532_1780391848526_638670,success,,9ebfcc4c16406545f1f7a622b46d3626af39b5835accd22ca75a4156f20809ac,1780391848526,1780391848535,1780391848542,1780391848599,9,7,57,73
250,1530,bottleneck_250_1530_1780391848520_954446,success,,7d3338df73da31fcd02c6a2a19fd2d1bb422f18e93ca7c3c9c94b899732cd2cb,1780391848520,1780391848531,1780391848537,1780391848599,11,6,62,79
250,1531,bottleneck_250_1531_1780391848521_339679,success,,c2adfa93e6051f71d2f86d9a812eca7b83f0986d85a307b3ad78d2c4bdab46cf,1780391848521,1780391848530,1780391848540,1780391848599,9,10,59,78
250,1536,bottleneck_250_1536_1780391848543_359184,success,,c40a9166467432d0e1d8f9f32caa24deaac54780068eb4a1b941964fcd3a0626,1780391848543,1780391848569,1780391848579,1780391848599,26,10,20,56
250,1540,bottleneck_250_1540_1780391848558_26192,success,,666ec5a82f93dc6ae272e919b03c04b77bcf416993b1303abc6678db98edd288,1780391848558,1780391848574,1780391848582,1780391848658,16,8,76,100
250,1544,bottleneck_250_1544_1780391848577_431778,success,,6cf584d1f3592001fa5c057b70ca772a212839130396c5270fac9de52b2c6469,1780391848577,1780391848593,1780391848595,1780391848658,16,2,63,81
250,1548,bottleneck_250_1548_1780391848590_314691,success,,0777c71a20f737f86a7a36985b75d01c7845c4b9d401c33f1da0725cb8342ef3,1780391848590,1780391848609,1780391848617,1780391848658,19,8,41,68
250,1545,bottleneck_250_1545_1780391848578_687781,success,,80d1624b6a76c0ac1a9df91cadc5834260d181aaa456cb2984f53c9da567fe18,1780391848578,1780391848607,1780391848611,1780391848658,29,4,47,80
250,1543,bottleneck_250_1543_1780391848570_628005,success,,4fe132580303d7153d5961cf5ecfc401ffd0723b27163766c0e8de49539efe54,1780391848570,1780391848583,1780391848592,1780391848660,13,9,68,90
250,1541,bottleneck_250_1541_1780391848561_390071,success,,95c73a2fc104de455ad3cbd03e31b78c9b0728b854ec96be5ff32d1163b287c9,1780391848561,1780391848580,1780391848589,1780391848660,19,9,71,99
250,1549,bottleneck_250_1549_1780391848594_756344,success,,28f3162a2bba7bc31e70ed9a3dda98e7c3b9af84aec9602aad75574f8c8877ff,1780391848594,1780391848612,1780391848625,1780391848660,18,13,35,66
250,1542,bottleneck_250_1542_1780391848565_691417,success,,e076d87e7ea974115b17ea06c36a81dccaad84d6ee5c013df8e660f62ee79fed,1780391848565,1780391848582,1780391848591,1780391848660,17,9,69,95
250,1551,bottleneck_250_1551_1780391848602_271358,success,,c7217ab463f8643a107e446747e6685b262cbc8780eb95ca861abd2cacac1a7c,1780391848602,1780391848615,1780391848620,1780391848660,13,5,40,58
250,1547,bottleneck_250_1547_1780391848586_502503,success,,1da7a68dca13e5e6b26489350bc9235ef34990cc8ec172b3331d7b9ebf0209c9,1780391848586,1780391848614,1780391848622,1780391848660,28,8,38,74
250,1557,bottleneck_250_1557_1780391848629_694939,success,,2407084cf14f806d6d62d5440a91af4713b7afd8d9e44b588974119fe042a0e8,1780391848629,1780391848667,1780391848675,1780391848733,38,8,58,104
250,1546,bottleneck_250_1546_1780391848584_896109,success,,7f040923835a1e59e9cb1ebb35f9a4c4e74a744a80e391e11f6fbf73997cff5b,1780391848584,1780391848613,1780391848624,1780391848733,29,11,109,149
250,1550,bottleneck_250_1550_1780391848598_322325,success,,ec62f70657a2a1519cf8e4c8da136560312902f0a4f8e2697fb23ee887e43520,1780391848598,1780391848614,1780391848623,1780391848733,16,9,110,135
250,1553,bottleneck_250_1553_1780391848610_296994,success,,d9091c58b32c8554ced8596c58d48f849ee624c8324918e9d1bd728b0ae88385,1780391848610,1780391848618,1780391848631,1780391848733,8,13,102,123
250,1552,bottleneck_250_1552_1780391848606_657409,success,,a5b9c2662c56b88aeffffb2d16c37e5e14d757b95876f5ba930197ef1c2042e8,1780391848606,1780391848618,1780391848635,1780391848733,12,17,98,127
250,1555,bottleneck_250_1555_1780391848619_744272,success,,c2a669871fd1188401ad4a7b8b6730fe6b41f53717395a9cf3b0256ca4d72611,1780391848619,1780391848638,1780391848643,1780391848734,19,5,91,115
250,1554,bottleneck_250_1554_1780391848616_989298,success,,adcf4a590e52aae822b8d5ce84361ef4168ed7ea2db7c6d1b72e28eb51c5bd03,1780391848616,1780391848641,1780391848648,1780391848734,25,7,86,118
250,1560,bottleneck_250_1560_1780391848640_733755,success,,813b4278e892f62937ce67cd0d39d499d728133df8cac1804f78ec32905b7814,1780391848640,1780391848663,1780391848669,1780391848734,23,6,65,94
250,1556,bottleneck_250_1556_1780391848627_449836,success,,17386ca16b62b5bfe77563b6ed8f7a4c766b9bcda5bee66368e6bfb0d22513e7,1780391848627,1780391848662,1780391848671,1780391848734,35,9,63,107
250,1559,bottleneck_250_1559_1780391848635_59172,success,,c69fb7f984d16c63052bd4ae32506a0e9ae88e233e5b495db00843afdc9da6ec,1780391848635,1780391848664,1780391848670,1780391848734,29,6,64,99
250,1570,bottleneck_250_1570_1780391848678_648244,success,,5ca3bfc4f23cbe6aa28e18ad95587e5674dbdd1f01da6406969c9e18c6848f9f,1780391848678,1780391848717,1780391848727,1780391848759,39,10,32,81
250,1565,bottleneck_250_1565_1780391848658_135309,success,,761d9d1d3c4454453e7b4b5ab97fce1bbcdb2a5c65493d6ed234617e1954193d,1780391848658,1780391848684,1780391848701,1780391848759,26,17,58,101
250,1564,bottleneck_250_1564_1780391848653_531848,success,,b7d887fc9ce2fb4ff25da9a0e477066828760520736cb56bc1a63a5c93eeb784,1780391848653,1780391848680,1780391848701,1780391848759,27,21,58,106
250,1558,bottleneck_250_1558_1780391848630_365634,success,,d59042bfc53f20e39c31ea7bd7667102265c9259a0af301acbe06a99805afc0a,1780391848630,1780391848665,1780391848679,1780391848759,35,14,80,129
250,1563,bottleneck_250_1563_1780391848650_905486,success,,9b91ddb270e73954830f9ddd132887b6ef5bafdce1e667df18c6d40c32abcbc9,1780391848650,1780391848685,1780391848700,1780391848759,35,15,59,109
250,1561,bottleneck_250_1561_1780391848642_595281,success,,2b0b08766747c10f3e3330cf754a24135a416829b7163f518731eb98483979e5,1780391848642,1780391848676,1780391848683,1780391848759,34,7,76,117
250,1568,bottleneck_250_1568_1780391848672_35281,success,,9ac7b4da1600e448448ff3fa557793ddc660a066686402af33aef499ba2ad983,1780391848672,1780391848715,1780391848725,1780391848759,43,10,34,87
250,1562,bottleneck_250_1562_1780391848647_142332,success,,2bac04aba142d87504351ebe2fca54a2d8b3fda29eee0fa7b9007b6787a6e569,1780391848647,1780391848677,1780391848687,1780391848759,30,10,72,112
250,1567,bottleneck_250_1567_1780391848666_143370,success,,89e437d0f16c35481cdf98259b3c2acee553e588ba6726206d97463b5dd4c05d,1780391848666,1780391848716,1780391848726,1780391848759,50,10,33,93
250,1566,bottleneck_250_1566_1780391848661_81542,success,,3bc40083c7b105e51524bf50457bea1def14b10c0ec49a0e164aad4efff37ae3,1780391848661,1780391848691,1780391848699,1780391848759,30,8,60,98
250,1581,bottleneck_250_1581_1780391848724_761293,success,,4da604ad7dc2c66531f05faf20d5eed17a13a57d06137b9ceaa03d830a543d39,1780391848724,1780391848768,1780391848780,1780391848823,44,12,43,99
250,1573,bottleneck_250_1573_1780391848692_278219,success,,26abdcec5b6119ec4ec746351c36daffc109e32b8f83787e2cb324131a581de3,1780391848692,1780391848718,1780391848728,1780391848823,26,10,95,131
250,1574,bottleneck_250_1574_1780391848693_104678,success,,3b4bc64a2f5814197e56d6c6eacc68f0f8a46e66d47706d42daf1ec44d4634be,1780391848693,1780391848720,1780391848728,1780391848824,27,8,96,131
250,1569,bottleneck_250_1569_1780391848673_24199,success,,7d863da9ad85fb3f76b5950f0140276935b47ef67ae5d9419a6cba03bdff04cc,1780391848673,1780391848719,1780391848729,1780391848824,46,10,95,151
250,1571,bottleneck_250_1571_1780391848681_478108,success,,a6c68c5da315c20703504d0b30c38a647b44ce07f25fd998e47a2702f62f5764,1780391848681,1780391848721,1780391848730,1780391848824,40,9,94,143
250,1576,bottleneck_250_1576_1780391848702_162119,success,,b75fd562a50c5ec789b246a17286f89aa0e11be12ee1de7a1f00f1a50bf87422,1780391848702,1780391848723,1780391848733,1780391848824,21,10,91,122
250,1575,bottleneck_250_1575_1780391848698_628373,success,,f194bef922baeee40e7d26122f729ceed0b81d557fbe1ea9df1b1a9c566407e9,1780391848698,1780391848723,1780391848732,1780391848824,25,9,92,126
250,1577,bottleneck_250_1577_1780391848706_257813,success,,763993b9ebc5f284e7a4b4ecfb6f0bb163291ff69d4f2d3d54d78657b7331a2d,1780391848706,1780391848745,1780391848747,1780391848824,39,2,77,118
250,1578,bottleneck_250_1578_1780391848710_16195,success,,b2d76dfd34003c2c86cb6028ec3485e42bbce74e0770a556c9e58e992e7f01b8,1780391848710,1780391848764,1780391848767,1780391848824,54,3,57,114
250,1585,bottleneck_250_1585_1780391848738_864394,success,,246a14d0f119ca1f98b84b71c6dd4789bcb3a60d0db6acb92fbbbc2c0d998766,1780391848738,1780391848765,1780391848773,1780391848824,27,8,51,86
250,1587,bottleneck_250_1587_1780391848746_629117,success,,973fe929e426292772a0daa5ac63f03c84e628d05adc3d10c4c097c8e9cb9929,1780391848746,1780391848784,1780391848797,1780391848843,38,13,46,97
250,1580,bottleneck_250_1580_1780391848718_802618,success,,f2c720b2dd7b29057956b682228c08d6e6634d952c82e5da07faf49d4576c550,1780391848718,1780391848770,1780391848786,1780391848843,52,16,57,125
250,1572,bottleneck_250_1572_1780391848686_346595,success,,bf2ffed8305e77403b36e8741da9faf5970fa6ac128c0572bdd7171368cb11e8,1780391848686,1780391848768,1780391848787,1780391848843,82,19,56,157
250,1583,bottleneck_250_1583_1780391848731_204018,success,,5f52a863b1b976850480cefffdbab58c1ef90485fa7dfc3fc7065cd258a3b251,1780391848731,1780391848769,1780391848785,1780391848843,38,16,58,112
250,1579,bottleneck_250_1579_1780391848714_273295,success,,089a93888db3d5a2c314a29b79c56abc4352c857b2a104fc2b6833d040111689,1780391848714,1780391848772,1780391848790,1780391848843,58,18,53,129
250,1588,bottleneck_250_1588_1780391848749_13027,success,,a253d81cc1d79a700d328b2c4f4179641de651cc29ba365de6f567da455857b5,1780391848749,1780391848779,1780391848793,1780391848843,30,14,50,94
250,1589,bottleneck_250_1589_1780391848754_61799,success,,5b4fe25350f669fd60a092bfa8c2ee2f7910b637f88d6cb8985596607a704ce2,1780391848754,1780391848779,1780391848795,1780391848843,25,16,48,89
250,1584,bottleneck_250_1584_1780391848734_625677,success,,820f148d47eea8b69495d43b2724e4b99a2c2e5c7967e5a41f4b574cae540804,1780391848734,1780391848777,1780391848794,1780391848843,43,17,49,109
250,1582,bottleneck_250_1582_1780391848730_747402,success,,caed67a55276d90d4267a1041eea11fc441afb8f2f98253a02a7c7deee1ef43c,1780391848730,1780391848778,1780391848794,1780391848843,48,16,49,113
250,1586,bottleneck_250_1586_1780391848741_776888,success,,d04362f23b5add71f64afa29b1a6a749970421b38aaa76f15a722f78ec1a43a7,1780391848741,1780391848781,1780391848796,1780391848843,40,15,47,102
250,1602,bottleneck_250_1602_1780391848807_367560,success,,ec4fc7e2e77a3197147e3e7bc0c8db0a448f7b56142c40fee405c358cc1fd680,1780391848807,1780391848847,1780391848856,1780391848886,40,9,30,79
250,1590,bottleneck_250_1590_1780391848758_438342,success,,ceb69167a22c4e02da5bcf11c99ff6af478a4beebe8844ddeda25a52289120b1,1780391848758,1780391848783,1780391848798,1780391848886,25,15,88,128
250,1591,bottleneck_250_1591_1780391848762_472573,success,,62abfc594553664c1f2c8969a938857c54e9f56569245128716a0d428e72a564,1780391848762,1780391848785,1780391848798,1780391848886,23,13,88,124
250,1592,bottleneck_250_1592_1780391848766_429599,success,,f61f7c879aabb0b3b2688f4ccb427764bbdda42d4b79481c17cefb01b1a9fc97,1780391848766,1780391848788,1780391848801,1780391848886,22,13,85,120
250,1596,bottleneck_250_1596_1780391848782_496805,success,,508416dd0ea427c7d9d923748acd69c60002652a555082549a13d7ae8e8977e5,1780391848782,1780391848808,1780391848814,1780391848886,26,6,72,104
250,1593,bottleneck_250_1593_1780391848774_102598,success,,8b9c2c5d71ca5ff398ab7263be3161564778a9e43ee96e65ad653f46050451a8,1780391848774,1780391848812,1780391848827,1780391848886,38,15,59,112
250,1595,bottleneck_250_1595_1780391848782_507199,success,,c0a3aece90128af5ef42c9fd2f62199117ab4f643131f0b5f47302910774ace5,1780391848782,1780391848811,1780391848825,1780391848887,29,14,62,105
250,1594,bottleneck_250_1594_1780391848776_885250,success,,4c68dd9cf67b55590dff203e712ec52b189c53c254b842f1958f3abf35864afb,1780391848776,1780391848809,1780391848835,1780391848887,33,26,52,111
250,1599,bottleneck_250_1599_1780391848799_197643,success,,e0fc50cee951a5c1473fc01d3344407473f5b6ab994221c052064136b9d4dc0f,1780391848799,1780391848833,1780391848838,1780391848887,34,5,49,88
250,1601,bottleneck_250_1601_1780391848802_562349,success,,2eae1dd6e04e24c06d50150a41d5086333e50371e1896ce3f2499dc2a3510f9a,1780391848802,1780391848848,1780391848854,1780391848887,46,6,33,85
250,1611,bottleneck_250_1611_1780391848842_336987,success,,a92be41b4524e8161bb3cb1a2d506625e4b1e713ec482b596d6f715f5fe19fae,1780391848842,1780391848861,1780391848875,1780391848909,19,14,34,67
250,1603,bottleneck_250_1603_1780391848810_406336,success,,9b0e31283daa3aa29fe178818baa86b30bc29f93a4710ceba3937bbdb58eb50f,1780391848810,1780391848849,1780391848864,1780391848909,39,15,45,99
250,1600,bottleneck_250_1600_1780391848800_44929,success,,35f78ec325a1ff1fbf39e961cbedb5be4eaa405f6bf1c91a000de13faa2fecef,1780391848800,1780391848853,1780391848868,1780391848910,53,15,42,110
250,1598,bottleneck_250_1598_1780391848791_299408,success,,bd0eec6150500c1987a561c58de4d27b176c5e3d1feb98c1c3309968ab29ff42,1780391848791,1780391848850,1780391848866,1780391848910,59,16,44,119
250,1597,bottleneck_250_1597_1780391848791_130889,success,,850d223d330a4b277ebcb3d8dd86e23513609dac7d0748f952c273d17942bd4c,1780391848791,1780391848852,1780391848867,1780391848910,61,15,43,119
250,1607,bottleneck_250_1607_1780391848828_190348,success,,c5c6b84d01e3de640ebfdc010ad2ad6bbc7d95f30ada525c1a20cfbf698f941c,1780391848828,1780391848857,1780391848873,1780391848910,29,16,37,82
250,1609,bottleneck_250_1609_1780391848834_716482,success,,1da8bf859ed538acf95310e24e17d2d50336b781668e9a532fb21f0d551c11f2,1780391848834,1780391848857,1780391848873,1780391848910,23,16,37,76
250,1612,bottleneck_250_1612_1780391848845_923125,success,,3f7d5debd7ffdf3fbdb325298c2f8555bdd1f72e01f2f20e93092dcf64838071,1780391848845,1780391848863,1780391848874,1780391848910,18,11,36,65
250,1606,bottleneck_250_1606_1780391848821_767205,success,,d9586b17b22e2d55bec319f9ef3bd7058df6cf2bf9091e4f2aaf171c523f96c0,1780391848821,1780391848847,1780391848858,1780391848910,26,11,52,89
250,1604,bottleneck_250_1604_1780391848815_772884,success,,1239cd3f0f069ddaf017da8e92de2c32a6c093b3c29e7bb99176a3a4cb45f0b6,1780391848815,1780391848850,1780391848865,1780391848910,35,15,45,95
250,1622,bottleneck_250_1622_1780391848886_254771,success,,8645333040af9722e5ca0d7f0190f9accf46bea309169467bf26d7144b562c30,1780391848886,1780391848909,1780391848916,1780391848948,23,7,32,62
250,1614,bottleneck_250_1614_1780391848859_983888,success,,9a7366342d4e6a3313fdbbb988cd619130cd73194b4c62af2903060254e268bd,1780391848859,1780391848880,1780391848884,1780391848951,21,4,67,92
250,1610,bottleneck_250_1610_1780391848839_866457,success,,6c3016a118c032baf6d07797854723fa441ef9718c3ae86b8dccf2e6f9d42f9d,1780391848839,1780391848861,1780391848877,1780391848951,22,16,74,112
250,1613,bottleneck_250_1613_1780391848851_540405,success,,19a9a0ef130a17e1d4e003be54362750d7f57a2f674c1a23a3b11df2f5962a6f,1780391848851,1780391848871,1780391848881,1780391848951,20,10,70,100
250,1608,bottleneck_250_1608_1780391848830_119201,success,,eb06a29971e151ef9ba987d59683b5753bd0bc0d507393400c0738d9d09d2f81,1780391848830,1780391848862,1780391848876,1780391848951,32,14,75,121
250,1605,bottleneck_250_1605_1780391848818_781611,success,,d8943c711015c42b54ba4d74a795a41461e0984fa3ede7a24bc1024ce4638e20,1780391848818,1780391848864,1780391848882,1780391848951,46,18,69,133
250,1616,bottleneck_250_1616_1780391848868_854757,success,,9957c6db0041ec339b017b60bb288c618f224b1ec6188669c0ce1311496426a5,1780391848868,1780391848892,1780391848896,1780391848951,24,4,55,83
250,1615,bottleneck_250_1615_1780391848859_750971,success,,5d99d410c5f864bb6608adee17a2d53ca4f87065881a58bc6c960dfabe82f24b,1780391848859,1780391848879,1780391848883,1780391848952,20,4,69,93
250,1620,bottleneck_250_1620_1780391848878_47187,success,,e7dbc7d89a79aa9543488dedbd97d98fe164e9959420edbc66f05a30cfdaf9fc,1780391848878,1780391848907,1780391848911,1780391848952,29,4,41,74
250,1619,bottleneck_250_1619_1780391848877_280127,success,,c162c8e724d376ff7437b8d1709c6227824fa977a45a43e6d60a9b38d617351d,1780391848877,1780391848908,1780391848915,1780391848952,31,7,37,75
250,1629,bottleneck_250_1629_1780391848915_235793,success,,f2d840c8a28a7966e355800c3a77e4d90d3ac21e5a29f10c80413f79a7e126f7,1780391848915,1780391848931,1780391848935,1780391848966,16,4,31,51
250,1623,bottleneck_250_1623_1780391848890_707226,success,,e1177d7a43d382d1ffaa913d3c7b7087f8c7ef6d1f3256d6a5ced10d3adecbec,1780391848890,1780391848912,1780391848925,1780391848966,22,13,41,76
250,1621,bottleneck_250_1621_1780391848882_308045,success,,c32caf279e2bc1200fa61a240ce3e09d49cdcb8e2ea7f93c20f9c0af2468be6e,1780391848882,1780391848914,1780391848924,1780391848966,32,10,42,84
250,1618,bottleneck_250_1618_1780391848870_232553,success,,7eafcc9b5cf066f2dbe0ba1e0afa6ad5bdd94bd4b305d4b7f5391cb1583e6c1e,1780391848870,1780391848913,1780391848926,1780391848966,43,13,40,96
250,1617,bottleneck_250_1617_1780391848869_757604,success,,bcef4bd9ea029c0a66f4683313ba2c379e309642992bded1d1122a1635f5b18d,1780391848869,1780391848912,1780391848924,1780391848966,43,12,42,97
250,1625,bottleneck_250_1625_1780391848898_988294,success,,2fba69138c22477a695cda0934bc8c4d90e64a13b6b2a31de189768d36e86c2b,1780391848898,1780391848920,1780391848930,1780391848966,22,10,36,68
250,1624,bottleneck_250_1624_1780391848894_309609,success,,b1dec3aa0ee312b35f0c26d9c1333a69439080bf1b4e937f293322f91c94077f,1780391848894,1780391848918,1780391848931,1780391848966,24,13,35,72
250,1626,bottleneck_250_1626_1780391848901_637008,success,,6de716682e9bdd2e9f919af9db3cce704d4ae70fdfc819e6246d4490b950d475,1780391848901,1780391848918,1780391848929,1780391848966,17,11,37,65
250,1627,bottleneck_250_1627_1780391848905_187458,success,,92606b50ec3dcba5fb5c81eb5f324306d1ede0e9628739334fc80b359d3a7cd0,1780391848905,1780391848917,1780391848928,1780391848966,12,11,38,61
250,1628,bottleneck_250_1628_1780391848910_994317,success,,b47bbe698850bd8a8565f0b27fafc8a393961184291d5af1b5eb4bc95e06f35b,1780391848910,1780391848920,1780391848933,1780391848966,10,13,33,56
250,1639,bottleneck_250_1639_1780391848954_496653,success,,cb3d15fc1c636dc10744003f14122d8ee96ad4d61b66b1ddec3ff3831eaf7b6d,1780391848954,1780391848976,1780391848986,1780391849006,22,10,20,52
250,1635,bottleneck_250_1635_1780391848937_751364,success,,cfdac388a0de8b569250ec71653242f8db44500c26dd906efbd6f7d623b99c33,1780391848937,1780391848975,1780391848987,1780391849006,38,12,19,69
250,1634,bottleneck_250_1634_1780391848934_513074,success,,0abaf968e3d20825679d4520ae47bb17a9af727131e72ea9982e8b3a9a04b6ff,1780391848934,1780391848977,1780391848986,1780391849006,43,9,20,72
250,1631,bottleneck_250_1631_1780391848922_981728,success,,555bf14fc64fe2496259dc69db42767e5ee6023a6e865f7f1e5765e390156467,1780391848922,1780391848948,1780391848958,1780391849006,26,10,48,84
250,1632,bottleneck_250_1632_1780391848927_508108,success,,88481fd46fa7aba0e1a98d19f64ab5fdd942617334c025c2c0170ad7f521922f,1780391848927,1780391848949,1780391848960,1780391849006,22,11,46,79
250,1630,bottleneck_250_1630_1780391848921_358562,success,,1468195bcd2aaff269fba3a5aebe04d9e4cdc4f50205f51842815c15fe320b59,1780391848921,1780391848950,1780391848959,1780391849006,29,9,47,85
250,1642,bottleneck_250_1642_1780391848965_843667,success,,ae1c0f679b339017ef946ddcd26e549aede976458ba390ab2a18aaff38f04c38,1780391848965,1780391848982,1780391848992,1780391849006,17,10,14,41
250,1636,bottleneck_250_1636_1780391848941_487122,success,,0c06641ef4a53d3d35b99d2fe85dd9f7615130391580777cc42ed8e47468382b,1780391848941,1780391848978,1780391848991,1780391849006,37,13,15,65
250,1637,bottleneck_250_1637_1780391848946_189687,success,,48aecbb3af49ee49672aac92fa41c977d3e3c7edb92b40074d89982333435412,1780391848946,1780391848978,1780391848991,1780391849006,32,13,15,60
250,1633,bottleneck_250_1633_1780391848932_902910,success,,f936015e4dc6c8091b1215878bf144e6ab3edf8948fa582c14572825584f5a48,1780391848932,1780391848974,1780391848984,1780391849006,42,10,22,74
250,1649,bottleneck_250_1649_1780391848997_732982,success,,a7677f7e57f1d35a99434458ef54282791e713ba73266b1d3d94cf6364558448,1780391848997,1780391849016,1780391849027,1780391849040,19,11,13,43
250,1647,bottleneck_250_1647_1780391848989_287375,success,,2da797ac801979e807506b5bb1a79dbdcf2d3e97d52a12a9a91dffb3d4bfcc33,1780391848989,1780391849013,1780391849022,1780391849040,24,9,18,51
250,1646,bottleneck_250_1646_1780391848988_424755,success,,1b8e3c249e9ed23744976243f0243053aeb458b3e81b9882405f09b9f37bf646,1780391848988,1780391849015,1780391849024,1780391849040,27,9,16,52
250,1650,bottleneck_250_1650_1780391848998_113278,success,,2c997ae66ae7c5b771608bc74817eee9ceea635e2d7cb6d9bb8a1b48d75d095e,1780391848998,1780391849017,1780391849025,1780391849040,19,8,15,42
250,1644,bottleneck_250_1644_1780391848979_894591,success,,c3b20606a5441be21ad2537d5cb51d9dd997124ccb3f740d1fa6c7a1281d8ac2,1780391848979,1780391848996,1780391849000,1780391849040,17,4,40,61
250,1640,bottleneck_250_1640_1780391848957_594566,success,,1cd4e28c8922b80cc62a50abec1bf5e66beb3779bcbf3a4556595e56acfbadf5,1780391848957,1780391848981,1780391848994,1780391849040,24,13,46,83
250,1641,bottleneck_250_1641_1780391848962_713438,success,,31690633f70ed20a0a26442b10d1e79e7fb7491b965edcfb209bd872220e9365,1780391848962,1780391848983,1780391848993,1780391849040,21,10,47,78
250,1638,bottleneck_250_1638_1780391848950_898989,success,,3eb13f42849975b74d92b2285e55b72acc485f60c09ac03da851ea3a2d9bf17f,1780391848950,1780391848981,1780391848994,1780391849040,31,13,46,90
250,1645,bottleneck_250_1645_1780391848980_769391,success,,3ced0519cb2758296e7acafec36da5220d65ce308109900838cec3b422de6436,1780391848980,1780391848995,1780391849001,1780391849040,15,6,39,60
250,1643,bottleneck_250_1643_1780391848970_323245,success,,c8a9efa97cafd89420da1f833799164a7e240e58a5d1d87962e452b66dba0728,1780391848970,1780391848985,1780391848999,1780391849040,15,14,41,70
250,1659,bottleneck_250_1659_1780391849034_183425,success,,009ec2df24c5ef9a5c9a8a2baa764ff74f673fbd2ba6ec33c2507ef6c5c2a42b,1780391849034,1780391849046,1780391849052,1780391849072,12,6,20,38
250,1654,bottleneck_250_1654_1780391849014_758394,success,,a61856c838a0bdc84d689009113bd6e4706347430d3c8de6731b463eb8bb32e6,1780391849014,1780391849023,1780391849033,1780391849073,9,10,40,59
250,1648,bottleneck_250_1648_1780391848990_995845,success,,22d750edb24a51eebd53218ec03acc0ba71c0146113c10492f63ebf1b694491d,1780391848990,1780391849015,1780391849028,1780391849073,25,13,45,83
250,1655,bottleneck_250_1655_1780391849018_563178,success,,ed3c8aa64218f157c0828218cbcc60a631616a529f79d276867441200e03342b,1780391849018,1780391849030,1780391849033,1780391849073,12,3,40,55
250,1657,bottleneck_250_1657_1780391849026_504098,success,,40e49cb527b40f17f16c6c8e8c6e2933c94279af9fd8aca36de77b50b5e49148,1780391849026,1780391849043,1780391849048,1780391849073,17,5,25,47
250,1658,bottleneck_250_1658_1780391849029_147366,success,,8628cabc382c0416347a357ce4fc39cfff51bca49c7f8cecd75c22c18a93972a,1780391849029,1780391849042,1780391849047,1780391849073,13,5,26,44
250,1656,bottleneck_250_1656_1780391849025_91764,success,,cd6eae8407b83ed3882984c6e4ac521a185b0d3111f341156bf9d25f48dde232,1780391849025,1780391849044,1780391849051,1780391849073,19,7,22,48
250,1652,bottleneck_250_1652_1780391849006_801883,success,,f6dcc6085f70d282675f1d70e34c680e139b635a85211b161df17ccda9410fbe,1780391849006,1780391849018,1780391849028,1780391849073,12,10,45,67
250,1651,bottleneck_250_1651_1780391849002_748056,success,,27ac5ef1f0c822efd060ddac47c5a8454d2e0b7d5d59e6b2626e9a4bab8d0802,1780391849002,1780391849020,1780391849031,1780391849073,18,11,42,71
250,1653,bottleneck_250_1653_1780391849009_760722,success,,da2e6100ebe38c200f31665208e59a66d82edf25d7f650c76d15d0d303ee7cce,1780391849009,1780391849021,1780391849031,1780391849073,12,10,42,64
250,1669,bottleneck_250_1669_1780391849073_140042,success,,95d3ad158e73ba6165c28bb50d8d3302e79381d82b57104bf1af11938f7fa23d,1780391849073,1780391849080,1780391849084,1780391849111,7,4,27,38
250,1660,bottleneck_250_1660_1780391849038_278918,success,,91eae6bad34d3b9af1248418d3dbcc402a0708dd27f911154b278604eb70709f,1780391849038,1780391849047,1780391849053,1780391849111,9,6,58,73
250,1661,bottleneck_250_1661_1780391849041_744850,success,,66e38b273bb2cd9a7188467929b4fc5e8779aed916289a34c3cfd51b7809d35d,1780391849041,1780391849049,1780391849055,1780391849111,8,6,56,70
250,1662,bottleneck_250_1662_1780391849045_312469,success,,85d6f5f6b98330f1cb236c7a7d202de3f4b189f4dfdb33ef604c2344d9dd5288,1780391849045,1780391849054,1780391849059,1780391849111,9,5,52,66
250,1663,bottleneck_250_1663_1780391849050_860930,success,,55f9993365f9adb7d89a6eb0ac1a8a1062f1f29367659bb3f4fb227cd4d3ade4,1780391849050,1780391849061,1780391849064,1780391849112,11,3,48,62
250,1668,bottleneck_250_1668_1780391849070_135262,success,,4adf9e8a18fb540886cf41a3503eedcafbdc64f2a738fcaa6dd77c1319563d33,1780391849070,1780391849078,1780391849082,1780391849112,8,4,30,42
250,1665,bottleneck_250_1665_1780391849058_38615,success,,e8d9823609a45261ab25520b0ac0496bfd76d9166dc696fca7b893256d86e62d,1780391849058,1780391849071,1780391849076,1780391849112,13,5,36,54
250,1664,bottleneck_250_1664_1780391849054_941260,success,,d2d8caafeb4e870f503f066c1d423e2013a373b5583eb644e232d36a9ef276d9,1780391849054,1780391849071,1780391849075,1780391849112,17,4,37,58
250,1667,bottleneck_250_1667_1780391849066_891935,success,,107376d34ea84d2ba5f575f8fca062687b34d72dd825b09bcd6ac86f93f7faf7,1780391849066,1780391849077,1780391849081,1780391849112,11,4,31,46
250,1666,bottleneck_250_1666_1780391849062_906799,success,,c0e3dd10534605076957735b76f264e357272669bca68eacce888fe16873a281,1780391849062,1780391849079,1780391849083,1780391849112,17,4,29,50
250,1679,bottleneck_250_1679_1780391849114_986035,success,,61b9ab32885489eb0cbaf747590783032bebec7a054403f1b20db8c7e57864ab,1780391849114,1780391849123,1780391849131,1780391849146,9,8,15,32
250,1672,bottleneck_250_1672_1780391849085_396048,success,,8f6b8620c9ea2b4746956108aad40a239a1d29794b8a5234603e3e14d490c909,1780391849085,1780391849100,1780391849104,1780391849148,15,4,44,63
250,1670,bottleneck_250_1670_1780391849079_834535,success,,7c8c229f8f0b33d0f51c3cb90c2dc4008ff61102b64c846262e516153774b05d,1780391849079,1780391849086,1780391849094,1780391849148,7,8,54,69
250,1675,bottleneck_250_1675_1780391849097_908472,success,,066d6621103a5b98985d4d35f0e293e985fa4deac438fa8c401b523bb9e4158b,1780391849097,1780391849118,1780391849125,1780391849148,21,7,23,51
250,1671,bottleneck_250_1671_1780391849082_628584,success,,2d18b65effced3f493d61fe6821a097eaf567ba1de1958f29f2d4d048612d395,1780391849082,1780391849099,1780391849105,1780391849148,17,6,43,66
250,1673,bottleneck_250_1673_1780391849089_260082,success,,58396bf7a221e2b79820ffd40078e9b78c8e789b45d09b6c5ff4db20b0d88dd0,1780391849089,1780391849101,1780391849106,1780391849148,12,5,42,59
250,1676,bottleneck_250_1676_1780391849102_632238,success,,0bbc53ee4f6d6487bcedd071812370b7243ba629a09e768e7dcf42de18f58a9c,1780391849102,1780391849116,1780391849120,1780391849148,14,4,28,46
250,1678,bottleneck_250_1678_1780391849111_859494,success,,232fd44c18327cf6eff43a54e659e6157fea9c22ec2447116a3f6ac670b04a2b,1780391849111,1780391849121,1780391849128,1780391849148,10,7,20,37
250,1677,bottleneck_250_1677_1780391849107_623405,success,,da8ebf4eb7b4eb47e76794af7199abc21dec3f2a07150a5eebbeb52f82482624,1780391849107,1780391849122,1780391849127,1780391849148,15,5,21,41
250,1674,bottleneck_250_1674_1780391849096_296056,success,,b6b4898ed8f9d8779aa01a161881fe568e56253ec32c8ae75c2f52f0f95ac0a5,1780391849096,1780391849121,1780391849126,1780391849148,25,5,22,52
250,1689,bottleneck_250_1689_1780391849153_590897,success,,0aaf9f6ef571834b10632abd35ed8f1c43f8cb97beafe0e2d9b71af76ad7bc4f,1780391849153,1780391849161,1780391849167,1780391849192,8,6,25,39
250,1680,bottleneck_250_1680_1780391849119_948389,success,,76cf62b282acde1f6481a06e6e0acdd3ef143a371fb430f98250fc300327ffd3,1780391849119,1780391849127,1780391849134,1780391849192,8,7,58,73
250,1681,bottleneck_250_1681_1780391849124_274204,success,,dd534ee24f3b8bf1e1075deafeda9968f4b66d8860291981506bae0cbb4e5592,1780391849124,1780391849132,1780391849135,1780391849193,8,3,58,69
250,1683,bottleneck_250_1683_1780391849130_255826,success,,6f2e034857329fe119d3bf239b167d4c659a2a1f2fe795b6ec956f82625ad60c,1780391849130,1780391849146,1780391849148,1780391849193,16,2,45,63
250,1682,bottleneck_250_1682_1780391849129_183150,success,,620f20db554d4098b440c3b30ceeb1d2f1320a062448a588af034a2d45bce87a,1780391849129,1780391849147,1780391849150,1780391849193,18,3,43,64
250,1684,bottleneck_250_1684_1780391849133_859558,success,,011ce99f26a24a2dd8b614c8a0693102b4cb41e5bbac30a55abdb206efeaea7c,1780391849133,1780391849151,1780391849155,1780391849193,18,4,38,60
250,1685,bottleneck_250_1685_1780391849138_520564,success,,a49318f7d28bd570ed9556b97ded077cc4785916619c2c9934098653ad7857db,1780391849138,1780391849152,1780391849156,1780391849193,14,4,37,55
250,1686,bottleneck_250_1686_1780391849142_638892,success,,f812acf2ba3066bc4cb36e172ed2fe8b8c7666b9620b5b5f1582d0dbe6b115c3,1780391849142,1780391849153,1780391849159,1780391849193,11,6,34,51
250,1687,bottleneck_250_1687_1780391849147_587119,success,,dfb52f51ca4941260782aa96ee3450a3c70df7eb433f3d9c07035cb6a6202e50,1780391849147,1780391849154,1780391849160,1780391849193,7,6,33,46
250,1688,bottleneck_250_1688_1780391849149_249414,success,,25499b4074c171ef9122a2d939d7b7bd684bc2c690f038c15bb5c3392f0925a0,1780391849149,1780391849157,1780391849163,1780391849193,8,6,30,44
250,1699,bottleneck_250_1699_1780391849194_340041,success,,41f3a5e5a6bcfc6adf137ce637d1f6ee6c4061e3ff00f1206d32a89691a21c07,1780391849194,1780391849204,1780391849216,1780391849243,10,12,27,49
250,1690,bottleneck_250_1690_1780391849158_678145,success,,b80fd97b8db5252bf20eb094a7382e3ded2704bfbb092137bba0a4f130ffff6a,1780391849158,1780391849168,1780391849171,1780391849244,10,3,73,86
250,1691,bottleneck_250_1691_1780391849162_161181,success,,ade34ff5dfcf147f84ab912b34622dd0be8dd2eb70bb2427b17a91dce6fb4d58,1780391849162,1780391849172,1780391849180,1780391849244,10,8,64,82
250,1692,bottleneck_250_1692_1780391849166_955920,success,,72136315fcba7dde0ca1d315695d921a6df871aab4017df2d3f150067ebc9db4,1780391849166,1780391849176,1780391849183,1780391849244,10,7,61,78
250,1693,bottleneck_250_1693_1780391849169_226619,success,,fde068858047d71a2a4f1fb65d1397637b25843696760604fe0b8e517668f151,1780391849169,1780391849185,1780391849189,1780391849244,16,4,55,75
250,1694,bottleneck_250_1694_1780391849174_9477,success,,63f323281f49538e1504aa54d4c8edbe331a8b2022500b91b76a91423eb0ab04,1780391849174,1780391849195,1780391849198,1780391849244,21,3,46,70
250,1696,bottleneck_250_1696_1780391849182_701541,success,,8703ca29e14098f2200d531c402b0d374c2ebddc488ef11015c540127d6d73ae,1780391849182,1780391849200,1780391849209,1780391849244,18,9,35,62
250,1695,bottleneck_250_1695_1780391849178_805177,success,,6dbfa5a60a8f9dfc11c150d05b339bceb46ec059125d227b4f0e36d16ed8aa55,1780391849178,1780391849201,1780391849210,1780391849244,23,9,34,66
250,1697,bottleneck_250_1697_1780391849187_320577,success,,307f65f72b189364696ff52005559009f9c05e00b513d8d413bf3423280c691d,1780391849187,1780391849202,1780391849211,1780391849244,15,9,33,57
250,1698,bottleneck_250_1698_1780391849190_437831,success,,8fe043a728bbba0a8b7b23b104e02f965d32068d53fc86fef5b616997e4509a3,1780391849190,1780391849203,1780391849213,1780391849244,13,10,31,54
250,1708,bottleneck_250_1708_1780391849231_280514,success,,36e15d45bfef6941ce861c71a19449bcd713fa8361b96221d1a2bac0ee3877ba,1780391849231,1780391849250,1780391849254,1780391849279,19,4,25,48
250,1700,bottleneck_250_1700_1780391849197_766952,success,,eba6cd5e6d2e14e5fb8c55ba4dc0b3a46ee757731819abfdef70a0b8751ebf6b,1780391849197,1780391849208,1780391849217,1780391849279,11,9,62,82
250,1702,bottleneck_250_1702_1780391849206_965127,success,,5ff4448a8948663acef07421cf87939f6eb34c2877d5cc67d5dbafa806dd1a67,1780391849206,1780391849220,1780391849230,1780391849279,14,10,49,73
250,1701,bottleneck_250_1701_1780391849205_559412,success,,000a31c49d69781d2184fa803ec35e41ece3694e95b0f3d40c0e51332e15a72b,1780391849205,1780391849223,1780391849232,1780391849279,18,9,47,74
250,1705,bottleneck_250_1705_1780391849221_286149,success,,2369a28a824550aae15f930fabdfe292156b6fccae884ef4e461630a3f82ad0d,1780391849221,1780391849241,1780391849245,1780391849279,20,4,34,58
250,1703,bottleneck_250_1703_1780391849214_473354,success,,49ce9a48ead157f1aa51c97159b648b7f2f21da7ed0d16808e05343fc7f536c8,1780391849214,1780391849230,1780391849233,1780391849279,16,3,46,65
250,1707,bottleneck_250_1707_1780391849226_429697,success,,0a3ce2e0bef61e9e76a0dd1e298d59f0917174dc0f71aa7c42f4cc666d5a83ba,1780391849226,1780391849244,1780391849247,1780391849279,18,3,32,53
250,1706,bottleneck_250_1706_1780391849222_585071,success,,7b9c0fadcd1ae0f2293f30b81b5816fb96db62bb559156ae84bf21e597497a90,1780391849222,1780391849243,1780391849246,1780391849279,21,3,33,57
250,1711,bottleneck_250_1711_1780391849242_532972,success,,e48300ebe695e18c65bdf0714a7f9732e6695a06834fba6a9013e2206291a70a,1780391849242,1780391849248,1780391849252,1780391849279,6,4,27,37
250,1704,bottleneck_250_1704_1780391849215_787492,success,,fe4f9a7d5fa6673cc4b508bea6ab307f7f665ace685f5b3541ee6cb2d6424f2a,1780391849215,1780391849229,1780391849233,1780391849279,14,4,46,64
250,1720,bottleneck_250_1720_1780391849278_527063,success,,936edf12d951894babecb615afde757e4be5092e3304af977bc648ed6f8073bb,1780391849278,1780391849289,1780391849295,1780391849314,11,6,19,36
250,1710,bottleneck_250_1710_1780391849239_226657,success,,b7a213e1dfc4aca6eee3ff9e6be64191a312fbae79edbf0ca8d0cc319e08527f,1780391849239,1780391849249,1780391849257,1780391849315,10,8,58,76
250,1709,bottleneck_250_1709_1780391849234_420562,success,,41bedcf294eabef3a2bee1eef1a0334584c7a3a84117b71aac7b9a4d7090969a,1780391849234,1780391849251,1780391849258,1780391849315,17,7,57,81
250,1712,bottleneck_250_1712_1780391849245_705197,success,,e2dec3ae95e6e489d12bc26ca1471e908f7e234a69e0b588195848842863e734,1780391849245,1780391849253,1780391849258,1780391849315,8,5,57,70
250,1715,bottleneck_250_1715_1780391849259_149446,success,,484b0dbbd6a47dc613155a4b8fddd2166500929063c05920fc580cbcdbc5514e,1780391849259,1780391849282,1780391849286,1780391849316,23,4,30,57
250,1713,bottleneck_250_1713_1780391849251_68015,success,,07f77b9b560f96b2f5016ba3a4a7c7ec0f539c5963ed98cce7828cdd41c55f82,1780391849251,1780391849260,1780391849263,1780391849316,9,3,53,65
250,1714,bottleneck_250_1714_1780391849256_193519,success,,8cd892e3b74b85fa496ce0e5ee5e64666d5ecac094538ab4fb5657aff2d922ee,1780391849256,1780391849267,1780391849270,1780391849316,11,3,46,60
250,1718,bottleneck_250_1718_1780391849269_152683,success,,2a2c29f7dcc61bd19c7bea820ba6c754a825e1b1731c518e151490b269ff851a,1780391849269,1780391849285,1780391849291,1780391849316,16,6,25,47
250,1716,bottleneck_250_1716_1780391849263_742727,success,,bb14284fffda2720e72481b84fd3f3150f49f78df86e4183bbd185a216403aac,1780391849263,1780391849283,1780391849290,1780391849316,20,7,26,53
250,1717,bottleneck_250_1717_1780391849266_943890,success,,19f456ae4573eb080ce1881551b2f4a116c43af1829812441055144a8877562a,1780391849266,1780391849285,1780391849290,1780391849316,19,5,26,50
250,1729,bottleneck_250_1729_1780391849314_668155,success,,7ace63da794fe38eb0e747b981244d04ddd6cf5eafcc4fe29b507cd782958de3,1780391849314,1780391849328,1780391849332,1780391849354,14,4,22,40
250,1722,bottleneck_250_1722_1780391849287_997225,success,,49ff71482f7692391dee9da26e923a185896a576aa3ff76a91950c266f60601f,1780391849287,1780391849296,1780391849303,1780391849354,9,7,51,67
250,1725,bottleneck_250_1725_1780391849297_358814,success,,5f9adac2c635712c30219a4225e00d530f93d3b4f42c4220a5b27be81b5cfec9,1780391849297,1780391849316,1780391849319,1780391849354,19,3,35,57
250,1723,bottleneck_250_1723_1780391849292_222313,success,,95aa5f257e66065ced37295e8aede4d2f5d31bfc25d65420b9fe40eb073ff977,1780391849292,1780391849301,1780391849304,1780391849354,9,3,50,62
250,1724,bottleneck_250_1724_1780391849296_308151,success,,fed5df12a742cd4bebfcbd27758b8302386db27858b8fa3221f8e3990f611d09,1780391849296,1780391849315,1780391849318,1780391849354,19,3,36,58
250,1727,bottleneck_250_1727_1780391849306_482695,success,,500a07a044c379d8f07578a689e8934217944d58b4115ee709f24dcd1f1981b9,1780391849306,1780391849325,1780391849330,1780391849354,19,5,24,48
250,1728,bottleneck_250_1728_1780391849311_189957,success,,66d9b46f3504f2aba95151edb886230e8ca8a6fc1942d06d1274d5d1ce3f8529,1780391849311,1780391849327,1780391849331,1780391849354,16,4,23,43
250,1726,bottleneck_250_1726_1780391849302_771287,success,,844affb2bede59b719f06a2772b5fb0f5582e37c05cd3bf3667bdd5d49d8ba9c,1780391849302,1780391849328,1780391849331,1780391849354,26,3,23,52
250,1719,bottleneck_250_1719_1780391849275_310719,success,,da59ea7c8329839b2a187924dbac6b7ae15a3740099066f5fac1eb36103008c2,1780391849275,1780391849288,1780391849294,1780391849354,13,6,60,79
250,1721,bottleneck_250_1721_1780391849284_648083,success,,cc663683f0721f7080cbd89ee6840394302e31ae011ab31b0a18c9ea2bf4ac50,1780391849284,1780391849293,1780391849300,1780391849354,9,7,54,70
250,1739,bottleneck_250_1739_1780391849353_441687,success,,7f074dc520af1d57fdbe808c5d373b49728eb88b12b4583bc7fc5c3203c07946,1780391849353,1780391849361,1780391849365,1780391849412,8,4,47,59
250,1733,bottleneck_250_1733_1780391849329_973940,success,,fe7393be41f4e49319635d47e13749356f17650417f4a33f025190c24d34a11c,1780391849329,1780391849340,1780391849344,1780391849412,11,4,68,83
250,1734,bottleneck_250_1734_1780391849334_316255,success,,8585e682c9b5bd658c1288ba28f3459a0342c5e1d8f120b2b81973f65b7c8673,1780391849334,1780391849343,1780391849346,1780391849412,9,3,66,78
250,1735,bottleneck_250_1735_1780391849339_746881,success,,0aa415d8f3848ae71c1004e079fb54588a56d3ac031ed14f6ac255ac2a2ee1a5,1780391849339,1780391849351,1780391849353,1780391849412,12,2,59,73
250,1736,bottleneck_250_1736_1780391849342_818208,success,,0ef9d7fdbd7383c08deeea178930aed2c2cd7431dc12db3308e5a99f9a6c45ba,1780391849342,1780391849352,1780391849354,1780391849412,10,2,58,70
250,1738,bottleneck_250_1738_1780391849349_635096,success,,cce5652210905ec76b80fd1c4a5b6f57d7a100bf3e2364e7f0c6163ae6958ed7,1780391849349,1780391849360,1780391849363,1780391849413,11,3,50,64
250,1737,bottleneck_250_1737_1780391849345_646153,success,,472b819503841fd7766be11ac428638837d1f610a768794b4f95ca2ce2ed4405,1780391849345,1780391849360,1780391849363,1780391849413,15,3,50,68
250,1732,bottleneck_250_1732_1780391849326_174201,success,,45630a0e704aa421e025139633f87226175cc88932f47f4f617d15645a2f532c,1780391849326,1780391849336,1780391849341,1780391849413,10,5,72,87
250,1730,bottleneck_250_1730_1780391849320_914137,success,,14d790b95f7c17cb65eff99a5f9fad457325d12fd792d486a9d8caf5f2b3cd64,1780391849320,1780391849333,1780391849338,1780391849413,13,5,75,93
250,1731,bottleneck_250_1731_1780391849322_733325,success,,846c343f91c70b1b71a5af8020d5d71245cc7e7d76df08c77651d7287fde44ac,1780391849322,1780391849335,1780391849340,1780391849413,13,5,73,91
250,1750,bottleneck_250_1750_1780391849397_97853,success,,1747891b22a24c9f1b1e9cea52490e5b615a9c289f230291224224d3cada5068,1780391849397,1780391849427,1780391849439,1780391849470,30,12,31,73
250,1744,bottleneck_250_1744_1780391849373_99287,success,,08e4b0fed5d355b826ff7ded4eb3a73d643045d818f0c9c10796d9328c2d376a,1780391849373,1780391849379,1780391849387,1780391849471,6,8,84,98
250,1745,bottleneck_250_1745_1780391849379_802338,success,,a69dbb13edd6326f9b793ea9c2f4ab80bcf1a921eaaef05af88dcf7e62eaa611,1780391849379,1780391849393,1780391849396,1780391849471,14,3,75,92
250,1746,bottleneck_250_1746_1780391849381_115706,success,,f9ada780194bfef2f470ae14fb7ecbff941b37cca7b5c06f3ec000cb957b67b6,1780391849381,1780391849395,1780391849397,1780391849471,14,2,74,90
250,1747,bottleneck_250_1747_1780391849385_866068,success,,c2769794efe45c68b19d2fd2e8cd937cfb395695964c127cc2eb71f974477058,1780391849385,1780391849402,1780391849406,1780391849471,17,4,65,86
250,1748,bottleneck_250_1748_1780391849390_848782,success,,47bf87dad833ce2d30b658bec64ac914fe86f483512cd32e0aab875030fa8829,1780391849390,1780391849404,1780391849409,1780391849471,14,5,62,81
250,1740,bottleneck_250_1740_1780391849358_32186,success,,b92b5b93b9d60f83338c110e8ff48089168da84f604cc9e48e5cbb7628664dd0,1780391849358,1780391849364,1780391849367,1780391849471,6,3,104,113
250,1741,bottleneck_250_1741_1780391849362_959295,success,,057258fe5143e652b75dbf8c8ef39279e7dbc3b1059d845138ab57449ea2666f,1780391849362,1780391849368,1780391849371,1780391849471,6,3,100,109
250,1742,bottleneck_250_1742_1780391849366_409711,success,,10883e43e9c9a7545a367847900e0ecc6380508601c93c725781cc207452ef3e,1780391849366,1780391849378,1780391849384,1780391849471,12,6,87,105
250,1743,bottleneck_250_1743_1780391849369_936713,success,,526d706e63e204e484024a73d0ffb15fbfee7ac791e83d63b71f56d09158481c,1780391849369,1780391849377,1780391849386,1780391849471,8,9,85,102
250,1758,bottleneck_250_1758_1780391849430_555900,success,,d78c59c6822afe061dc07eef90e17fb235d68c353f52478a7b837d19fc2de2f4,1780391849430,1780391849452,1780391849459,1780391849488,22,7,29,58
250,1754,bottleneck_250_1754_1780391849415_62611,success,,7e1f4bb9a0ee621c28e75c446b2b7865541a13d9f5bd90e85ea1ad09f2e9da39,1780391849415,1780391849437,1780391849450,1780391849490,22,13,40,75
250,1752,bottleneck_250_1752_1780391849405_917882,success,,65e9f1fe9035718d3b7f9a94953b5372b406b62f5629926f36b2ea5795fac920,1780391849405,1780391849428,1780391849444,1780391849490,23,16,46,85
250,1751,bottleneck_250_1751_1780391849403_905965,success,,a7e405beabb5ada5eefee6a597a03563ca9853bd5a5b0a4b309d03bb4d5b9924,1780391849403,1780391849425,1780391849443,1780391849490,22,18,47,87
250,1749,bottleneck_250_1749_1780391849394_557516,success,,a4cc9914e01bf23b247eeef0c54d39b1ec627008ecf5703bc1570dcfd5e8f87d,1780391849394,1780391849430,1780391849445,1780391849490,36,15,45,96
250,1753,bottleneck_250_1753_1780391849410_690386,success,,b9aa9bae4924bd821575b9c1942c55ca7a73928ddb087a2cd38030849912c318,1780391849410,1780391849429,1780391849445,1780391849490,19,16,45,80
250,1756,bottleneck_250_1756_1780391849421_46246,success,,a3e675b1a7e468a1c4af1b274e83cfbe892dae7449ad2a7974a955e79f3983f8,1780391849421,1780391849446,1780391849452,1780391849490,25,6,38,69
250,1755,bottleneck_250_1755_1780391849418_166577,success,,5f306184522c29a55ef322f1d77eb5e2a35d998d85df418b905bcc06a6d3bdfa,1780391849418,1780391849447,1780391849454,1780391849490,29,7,36,72
250,1757,bottleneck_250_1757_1780391849426_893762,success,,2ff5d40ef2009ec6cfcdc49f8268134dded84b2711cb1c80db4ae69b0e2b4016,1780391849426,1780391849448,1780391849456,1780391849490,22,8,34,64
250,1759,bottleneck_250_1759_1780391849434_110275,success,,6163ef1c9dbd191f515148ff0ada81f22a7420902454118b4cfa82490d95736c,1780391849434,1780391849451,1780391849457,1780391849490,17,6,33,56
250,1772,bottleneck_250_1772_1780391849485_652554,success,,de0225fcfee74394124588429ea7f8ee78044f57ca0a48138675df218e782cac,1780391849485,1780391849496,1780391849501,1780391849524,11,5,23,39
250,1764,bottleneck_250_1764_1780391849453_127997,success,,665bed4a6f7c9ed13e5b1aa2088454c8fd4fab7c3e2d5d02ce2129ae80e52205,1780391849453,1780391849479,1780391849486,1780391849524,26,7,38,71
250,1762,bottleneck_250_1762_1780391849448_132129,success,,efbf6cfce75f91428aa43bf00c8787ee84b731b0697b5bae591d73734bcf3f86,1780391849448,1780391849473,1780391849480,1780391849524,25,7,44,76
250,1760,bottleneck_250_1760_1780391849440_170518,success,,734018cff4eb994189090b6cbcb585ff66d5bc8592ae0aaa0c2828bbb228b6f8,1780391849440,1780391849455,1780391849460,1780391849524,15,5,64,84
250,1765,bottleneck_250_1765_1780391849458_252488,success,,01743d7dbf6740c2f5d6ffbb24a8f097d8f50cc6780d5ffe20f55cd76298340a,1780391849458,1780391849478,1780391849487,1780391849524,20,9,37,66
250,1767,bottleneck_250_1767_1780391849466_314684,success,,5485938108aff01cf2f02cc17adffd112f15f7aaf2b322098944c4f47c160beb,1780391849466,1780391849483,1780391849489,1780391849524,17,6,35,58
250,1766,bottleneck_250_1766_1780391849463_449505,success,,dc937b2ef16ac5a55fe6a6790d285051b40fc0d3afa751d85dd1e336a99cd32b,1780391849463,1780391849484,1780391849491,1780391849524,21,7,33,61
250,1768,bottleneck_250_1768_1780391849469_895457,success,,b2d3d5643618c77499133d803862194fb0e476f3b62684f1d9e7675332a3d9a8,1780391849469,1780391849488,1780391849493,1780391849524,19,5,31,55
250,1761,bottleneck_250_1761_1780391849441_898456,success,,edbd3a0e5f102b9b55b9f5695e2aee3b43a30a0db80ce579f33edab51aa8fcab,1780391849441,1780391849459,1780391849461,1780391849524,18,2,63,83
250,1763,bottleneck_250_1763_1780391849449_309285,success,,897d3df3c8315d1a10890f88910fc1b7c6835b8b0ff4060825453e2bda08857c,1780391849449,1780391849471,1780391849474,1780391849524,22,3,50,75
250,1781,bottleneck_250_1781_1780391849523_20883,success,,ef926c5a547e790f3d96b601ec6c54973bad7eb4b4a2393ac01a5c99490067b4,1780391849523,1780391849529,1780391849535,1780391849556,6,6,21,33
250,1769,bottleneck_250_1769_1780391849473_425031,success,,f764ababecd656cfef7b8f45d6af405f87652fc71c3c4d1640a7d02db265dd08,1780391849474,1780391849498,1780391849504,1780391849556,24,6,52,82
250,1771,bottleneck_250_1771_1780391849481_160739,success,,5c673832be9d96cd460ce58399d7965aa178725e9fc65b726e054a4158bfce45,1780391849481,1780391849497,1780391849505,1780391849556,16,8,51,75
250,1770,bottleneck_250_1770_1780391849477_970411,success,,b6478f6cae542c7c9b8c5c418cf132b7d1b0260e0e3f63e918240bc49a671caf,1780391849477,1780391849499,1780391849506,1780391849556,22,7,50,79
250,1773,bottleneck_250_1773_1780391849490_786252,success,,ddf53a93dee86ac24091ab7ad1e60a7abd36b8808a5ab364cb3579cb42b44cc2,1780391849490,1780391849500,1780391849506,1780391849556,10,6,50,66
250,1774,bottleneck_250_1774_1780391849493_132200,success,,94d7ac013edce4bae15d5ed1fc9f27f22c2e43fef7838776e5b41a058f893164,1780391849493,1780391849502,1780391849508,1780391849556,9,6,48,63
250,1776,bottleneck_250_1776_1780391849503_680944,success,,3936aae5606ff4c46801fef3166ac2cb853fedeb79ceffa4a267718f50295659,1780391849503,1780391849510,1780391849513,1780391849556,7,3,43,53
250,1775,bottleneck_250_1775_1780391849500_721176,success,,fb1619046f5dd5d10b5d8908feff169fb896c20d7549e3482254ea24b4a7e2ea,1780391849500,1780391849509,1780391849515,1780391849556,9,6,41,56
250,1778,bottleneck_250_1778_1780391849511_138191,success,,6a5adf90f0c45893f2ee8896bcbda5831cc7e5010fa936f49150d660befe79ba,1780391849511,1780391849525,1780391849528,1780391849556,14,3,28,45
250,1777,bottleneck_250_1777_1780391849507_523063,success,,17a3ca8dd59b840101b4fdc01208f6a898935c94aea69b58b5adac87dabff7d6,1780391849507,1780391849526,1780391849532,1780391849556,19,6,24,49
250,1788,bottleneck_250_1788_1780391849550_495269,success,,0f0ce5395f7a70f5fdde4de1f3b2277eae8d01ffa55fe97afa2e43501d14ffe6,1780391849550,1780391849562,1780391849568,1780391849593,12,6,25,43
250,1784,bottleneck_250_1784_1780391849533_637069,success,,bc6ec3b840af4cbebc950e1f14c18a329ff85b3fe47a66574c79c7dcf63df441,1780391849533,1780391849545,1780391849547,1780391849593,12,2,46,60
250,1779,bottleneck_250_1779_1780391849514_421719,success,,37c7b387e0dcb71fe30397dca751ba6181a2425a2296266b03eb9838d44d6c5e,1780391849514,1780391849528,1780391849534,1780391849594,14,6,60,80
250,1782,bottleneck_250_1782_1780391849527_631925,success,,bd3a3338e2b4bf232af1f08a0754dd0e3688c10146326129e6e333a1721dcd05,1780391849527,1780391849533,1780391849537,1780391849594,6,4,57,67
250,1785,bottleneck_250_1785_1780391849538_493689,success,,ce257bb6a4c72cf1cd19b863c37ba9c736c15041a0ce07f38d597153549b82b7,1780391849538,1780391849553,1780391849556,1780391849594,15,3,38,56
250,1780,bottleneck_250_1780_1780391849517_119633,success,,84d2fd4b2c20adaad0aa39b30cb8144ef6f41013fda02274a4fde57e1f956c3b,1780391849517,1780391849530,1780391849536,1780391849594,13,6,58,77
250,1783,bottleneck_250_1783_1780391849531_526947,success,,55d49f8c33941f498091922dfbfa91b91375640cd3bd33c4412817813aa30213,1780391849531,1780391849539,1780391849543,1780391849594,8,4,51,63
250,1787,bottleneck_250_1787_1780391849545_472273,success,,d2e8a6b04f6aef215043eee753fc5bb0776f65eeadf507e162b85b93da1fbd49,1780391849545,1780391849560,1780391849564,1780391849594,15,4,30,49
250,1789,bottleneck_250_1789_1780391849554_990266,success,,8f3cc4a614f57e206f0367b4577cf85a98a70be150bc73af992829a380f12098,1780391849554,1780391849563,1780391849569,1780391849594,9,6,25,40
250,1786,bottleneck_250_1786_1780391849541_132404,success,,4df2c8c979dcbeb26c7b2486b7102b29e945ef6ecf4c903463dd7cab6d560112,1780391849541,1780391849555,1780391849558,1780391849594,14,3,36,53
250,1798,bottleneck_250_1798_1780391849589_438229,success,,b2beeeb539640c8cbffa6e3c35528cffddb0f56957e4a7b75954c4e0f87287c5,1780391849589,1780391849601,1780391849608,1780391849624,12,7,16,35
250,1792,bottleneck_250_1792_1780391849567_549019,success,,7fba15962bfa6c5a1fc868a27c98a515dec1b7ec112fba85028a431c7a3b99df,1780391849567,1780391849577,1780391849581,1780391849624,10,4,43,57
250,1793,bottleneck_250_1793_1780391849571_875842,success,,4f0d071688740ef320b814daf683fc77169d290515f3ca955b78ed393aa21525,1780391849571,1780391849580,1780391849582,1780391849624,9,2,42,53
250,1795,bottleneck_250_1795_1780391849577_81180,success,,33fbf473d8fb4338d8e64f672e326a2abf7f53f265026831fa46f5acd9e71c66,1780391849577,1780391849592,1780391849594,1780391849624,15,2,30,47
250,1794,bottleneck_250_1794_1780391849575_72412,success,,f9176075e2eda39552b2a0b1406ea66875f01b16f186e06dac131a6fd625f48f,1780391849575,1780391849593,1780391849595,1780391849624,18,2,29,49
250,1796,bottleneck_250_1796_1780391849583_536451,success,,bf55cc73437d0e8886138e0beb7c2852dc653f7a93e050494608135f269caccc,1780391849583,1780391849599,1780391849603,1780391849624,16,4,21,41
250,1797,bottleneck_250_1797_1780391849586_231385,success,,17d1ab716713ec2826021162aeb53b81f0cb6fff9e2c956872b786197554c514,1780391849586,1780391849600,1780391849604,1780391849624,14,4,20,38
250,1799,bottleneck_250_1799_1780391849594_82630,success,,45acf9d71ca39592607edee7c6f293bca50c1060688a4f4ae56ed59077313f14,1780391849594,1780391849600,1780391849608,1780391849624,6,8,16,30
250,1790,bottleneck_250_1790_1780391849559_53021,success,,5b0122b21c92938df8fe1ae5ce7a4fd9e5d13bc7eae3c916b6bbd26f29acf9f0,1780391849559,1780391849566,1780391849573,1780391849624,7,7,51,65
250,1791,bottleneck_250_1791_1780391849561_782632,success,,10e5b57a74cbdd068f3c25c3208fea6625ee9a43f5641dfb211d543836924c00,1780391849561,1780391849570,1780391849574,1780391849624,9,4,50,63
250,1809,bottleneck_250_1809_1780391849633_265324,success,,aaf86bd99fd504f703dd8011c8b86641ecc30c1719f61d06c9f344fc1c4aa1cc,1780391849633,1780391849637,1780391849640,1780391849657,4,3,17,24
250,1805,bottleneck_250_1805_1780391849617_399891,success,,1d4b48a900a0ace7a445a320134ce7a6918f91c8a0f2e59b31fb4e9da9e730f2,1780391849617,1780391849627,1780391849631,1780391849657,10,4,26,40
250,1804,bottleneck_250_1804_1780391849613_163114,success,,cc9ddcdf68840481b59c59fcaed2f435338845b3f08740c64440f02deabec775,1780391849613,1780391849625,1780391849628,1780391849657,12,3,29,44
250,1806,bottleneck_250_1806_1780391849622_57696,success,,efd9c38ea2212525707b5e6a6ee0a9da527ff0a7152b5be08043c47c11bd7bb5,1780391849622,1780391849630,1780391849633,1780391849658,8,3,25,36
250,1800,bottleneck_250_1800_1780391849598_665399,success,,8832dc06bb7a15f02d7d872895b16771b8967f355cb00aa862ad9efe138a79b4,1780391849598,1780391849607,1780391849616,1780391849658,9,9,42,60
250,1807,bottleneck_250_1807_1780391849626_177562,success,,2d77e37626dac113034c6ce355b394d6666ef21c8c67260705a026219abe7f9b,1780391849626,1780391849632,1780391849634,1780391849658,6,2,24,32
250,1801,bottleneck_250_1801_1780391849602_368241,success,,988c03886c5271492f44a45c68c78e5734d4da39122119e91e292736813982e3,1780391849602,1780391849610,1780391849616,1780391849658,8,6,42,56
250,1808,bottleneck_250_1808_1780391849630_473536,success,,7d67f0e85c11422ea17dd1f9d35dac4da778bf689245282c5a3fd02fde29c45d,1780391849630,1780391849635,1780391849639,1780391849658,5,4,19,28
250,1802,bottleneck_250_1802_1780391849605_898808,success,,399cc4f71f807e60f26a5a6d94677a573a880aaa6121143aa97b79321ebea192,1780391849605,1780391849614,1780391849618,1780391849658,9,4,40,53
250,1803,bottleneck_250_1803_1780391849609_398777,success,,b366d5eb1ee3d33106a5504f38d26b8782c387c91409fe9bbb03ab4c96a40085,1780391849609,1780391849624,1780391849629,1780391849658,15,5,29,49
250,1819,bottleneck_250_1819_1780391849673_661554,success,,dd539865b9e287e6736c0e3b82e92cdfb3a4686db29fd2475f8299ddc61ae445,1780391849673,1780391849678,1780391849679,1780391849696,5,1,17,23
250,1810,bottleneck_250_1810_1780391849638_2885,success,,7bbb63042f6ed5cb8a37fb6857a87948bc3b4d8b53cc43352c8e2677d1f27489,1780391849638,1780391849643,1780391849647,1780391849696,5,4,49,58
250,1811,bottleneck_250_1811_1780391849642_390154,success,,64fff772a196b376d001ed2e0975be0c392c0a41c23424486572bbe5b586a9df,1780391849642,1780391849655,1780391849658,1780391849696,13,3,38,54
250,1812,bottleneck_250_1812_1780391849646_991717,success,,772cf3bfc833319b21a68e91cbb3151a3c5060d8e952d02a6cd2ad1c836f8a45,1780391849646,1780391849656,1780391849659,1780391849696,10,3,37,50
250,1815,bottleneck_250_1815_1780391849658_758986,success,,3ded6697ddaf50c46ab00426377f33b50cc6476718ee8b319a684ef04270543f,1780391849658,1780391849663,1780391849665,1780391849696,5,2,31,38
250,1816,bottleneck_250_1816_1780391849661_767444,success,,5a2405772ea270ca552e2cee84ed7f0038f690c6f959153f4234ea2539185e1c,1780391849661,1780391849667,1780391849668,1780391849696,6,1,28,35
250,1817,bottleneck_250_1817_1780391849666_790372,success,,c0d6a4c9df6892d8fcba51a08c424771129ea011e702bebab10ef15eb4dd4463,1780391849666,1780391849670,1780391849672,1780391849696,4,2,24,30
250,1818,bottleneck_250_1818_1780391849669_790135,success,,ee64532aea911acf5c37dfa56a1d3ad2e9ae1168d921bd1435e38a028112f583,1780391849669,1780391849675,1780391849677,1780391849696,6,2,19,27
250,1814,bottleneck_250_1814_1780391849653_681848,success,,3d1a8e8c4e7a99d4f5cb60f6d175ccd13e815afe202004d2dc55773df17f6dbe,1780391849653,1780391849660,1780391849663,1780391849696,7,3,33,43
250,1813,bottleneck_250_1813_1780391849650_888425,success,,9acc0f39da3dacef1fe1a04a8a4f32ea99a0e0e0b19f6988112b77e5bcbc2971,1780391849650,1780391849662,1780391849664,1780391849696,12,2,32,46
250,1830,bottleneck_250_1830_1780391849718_19935,success,,f0f1f1f0ca0eeae2904546030068949b5503cb23bc9b099eeb270ee6a06450ba,1780391849718,1780391849737,1780391849743,1780391849762,19,6,19,44
250,1820,bottleneck_250_1820_1780391849678_219178,success,,5dfe8be757410c689af05476e1fc5a27cbb7fce73bc61836fa5e9ab027852575,1780391849678,1780391849689,1780391849691,1780391849763,11,2,72,85
250,1822,bottleneck_250_1822_1780391849685_944454,success,,7f3ef5f1b622eabbd5828493bade2628e57e58503d8b6accb195d2e5b17f0c1b,1780391849685,1780391849698,1780391849700,1780391849763,13,2,63,78
250,1821,bottleneck_250_1821_1780391849682_720175,success,,ec50ab59e707c51450b91f7103945bc4cc4d97484a3955a2e10203ef87a2a2bf,1780391849682,1780391849699,1780391849704,1780391849763,17,5,59,81
250,1824,bottleneck_250_1824_1780391849694_664238,success,,f2ae9f4b870d3dead4fb0c24693e7352d78c6d99770d792b4b497b6ebd92bffc,1780391849694,1780391849701,1780391849705,1780391849763,7,4,58,69
250,1823,bottleneck_250_1823_1780391849690_248393,success,,4e6ed2f63c0f61489c954eca3a3858d136f9a991194edc23d98a2e5964a4875f,1780391849690,1780391849702,1780391849706,1780391849763,12,4,57,73
250,1825,bottleneck_250_1825_1780391849698_677872,success,,b638eba5d9a21cd619f323ce4a21291013fe1025dd5054c87019cb968d749577,1780391849698,1780391849708,1780391849711,1780391849763,10,3,52,65
250,1826,bottleneck_250_1826_1780391849703_342828,success,,aa8cdc64265f57b0a1353aa8b80acc015475581a46327cea49e49a2a978fcecf,1780391849703,1780391849717,1780391849721,1780391849763,14,4,42,60
250,1828,bottleneck_250_1828_1780391849709_145570,success,,70cca384fdfe8012b73350984820684e96633468a75a2cdfc0584aefbeacfc18,1780391849709,1780391849727,1780391849731,1780391849763,18,4,32,54
250,1827,bottleneck_250_1827_1780391849706_271226,success,,f44446688b0ae1ef072fe098f10a268f1118a44023ff224133a29a7a419c71d1,1780391849706,1780391849719,1780391849726,1780391849763,13,7,37,57
250,1839,bottleneck_250_1839_1780391849754_359101,success,,dbcb8c62ac8c330908e103a50be7d0941d30e8e350cd69a577c1249c32d41e00,1780391849754,1780391849769,1780391849776,1780391849792,15,7,16,38
250,1840,bottleneck_250_1840_1780391849758_490288,success,,21042d67d70d50b87937eed06c79c6e0f2324aefd514327ac745d82b8569d56c,1780391849758,1780391849768,1780391849773,1780391849792,10,5,19,34
250,1833,bottleneck_250_1833_1780391849730_299071,success,,de130d0a24255114d17301b48acaa13b83893401d1f76ee6ca7f6a7dabe48c22,1780391849730,1780391849741,1780391849748,1780391849792,11,7,44,62
250,1834,bottleneck_250_1834_1780391849734_305535,success,,f4b02e6640562c9c29c756f49ef18b62dd6625c2538ca676a0c3137d382e6ffb,1780391849734,1780391849744,1780391849749,1780391849792,10,5,43,58
250,1832,bottleneck_250_1832_1780391849725_395061,success,,2e42c0c8736567e64d797ecb1907906b4d60611c47286e3d19a31884efcf2936,1780391849725,1780391849741,1780391849745,1780391849792,16,4,47,67
250,1831,bottleneck_250_1831_1780391849722_423898,success,,17662c50eb26edf7ea29e97bc60814e0e1fa8aecdcbe40928c87c926a47ff0cf,1780391849722,1780391849739,1780391849747,1780391849792,17,8,45,70
250,1829,bottleneck_250_1829_1780391849715_366810,success,,e12cd93ca3a1e34048040e1888a60194c559043d8b5c29b5a285dc49c78875ae,1780391849715,1780391849740,1780391849746,1780391849792,25,6,46,77
250,1835,bottleneck_250_1835_1780391849737_145569,success,,049a1da368c2936bc7aa811658dbcf5ab3f26bfac04411c71901361fc51c679e,1780391849737,1780391849750,1780391849756,1780391849792,13,6,36,55
250,1837,bottleneck_250_1837_1780391849747_6093,success,,7db489cc520fae4959fd832fcf17955c2c178561bf854a0d231a991438fd4f42,1780391849747,1780391849756,1780391849759,1780391849792,9,3,33,45
250,1836,bottleneck_250_1836_1780391849742_319513,success,,4f59653e2e1618fc2699295c6f776402664e12c582479c0e8169fe900c5758ba,1780391849742,1780391849757,1780391849760,1780391849792,15,3,32,50
250,1848,bottleneck_250_1848_1780391849790_219358,success,,500e3cf4ce77079ecf748f247bd15492dfdc7f5a4c151fd5d8e13bd9abf48188,1780391849790,1780391849803,1780391849808,1780391849826,13,5,18,36
250,1845,bottleneck_250_1845_1780391849777_972543,success,,fd9994ebcf0b6bb5720d9fc2a34bcb426dd8c4c7581d703c3ba2497982d78533,1780391849777,1780391849799,1780391849804,1780391849826,22,5,22,49
250,1843,bottleneck_250_1843_1780391849771_882603,success,,7e5ec117931ce9a201e14c4c9f531c3d3940dfe0858f65208d97dbd714df62bf,1780391849771,1780391849782,1780391849785,1780391849827,11,3,42,56
250,1846,bottleneck_250_1846_1780391849783_105405,success,,8bbf32db868411e79a0ca0e923665bf3009735d78612cf7d4ec44d1dc90611a4,1780391849783,1780391849801,1780391849806,1780391849827,18,5,21,44
250,1844,bottleneck_250_1844_1780391849774_149970,success,,fbb05d1ca3003ce82dd61d0c8434939d3b490d75db8f42cabe4f285aff8e3df2,1780391849774,1780391849789,1780391849791,1780391849827,15,2,36,53
250,1838,bottleneck_250_1838_1780391849751_672322,success,,35cd07957d3fbdab59b688dc87521bd905edb29a81643bb7e9da73ccf72518fe,1780391849751,1780391849769,1780391849775,1780391849827,18,6,52,76
250,1849,bottleneck_250_1849_1780391849794_55039,success,,ac2317ee815486b05a1fb58dbb587ae19982206b0dbf75cbee76511e1e1f43e3,1780391849794,1780391849800,1780391849805,1780391849827,6,5,22,33
250,1841,bottleneck_250_1841_1780391849762_694159,success,,75b9709925587b90bdc493b5375b7c5adc2d52384577ba6647ba9e70fceceb65,1780391849762,1780391849770,1780391849776,1780391849827,8,6,51,65
250,1842,bottleneck_250_1842_1780391849765_555246,success,,8c9e67d2654b7164bfc13bc8de37a3ec37f61590385dedd70b4fd1433d72658c,1780391849765,1780391849773,1780391849781,1780391849827,8,8,46,62
250,1847,bottleneck_250_1847_1780391849786_890673,success,,9ee61903ac9ea6040b28992d2328f48ead649f4cffe722a76806d5bb65a4efb5,1780391849786,1780391849800,1780391849807,1780391849827,14,7,20,41
250,1859,bottleneck_250_1859_1780391849834_819764,success,,7b140628239e6e6bb77336c17b7854a55dce35fae01a513bf5259aa9b2413c03,1780391849834,1780391849840,1780391849844,1780391849858,6,4,14,24
250,1850,bottleneck_250_1850_1780391849798_794515,success,,01585020d3292ea78b3e36703b90407d449a7fab0b919e6b27da61e2947cc89b,1780391849798,1780391849803,1780391849810,1780391849858,5,7,48,60
250,1851,bottleneck_250_1851_1780391849802_417471,success,,1c2b15fa336500eb9a9543b613b94fa2dd81759f0d309528f47995d0b4bf8498,1780391849802,1780391849810,1780391849817,1780391849858,8,7,41,56
250,1852,bottleneck_250_1852_1780391849808_911527,success,,8a47a976691dfd5175bc15c5fcd81970684fd1a3645b8401f16849296b0ba046,1780391849808,1780391849814,1780391849818,1780391849858,6,4,40,50
250,1853,bottleneck_250_1853_1780391849811_483976,success,,ff57bc2ff4ae8248509c1e65302a9f720bc794345bf29e45eb836c4025fe421a,1780391849811,1780391849828,1780391849831,1780391849858,17,3,27,47
250,1854,bottleneck_250_1854_1780391849813_497392,success,,0a7a7847be42ea054824af14f6bee8853ea39fd8437de4e316cd890f4b143fd4,1780391849813,1780391849827,1780391849832,1780391849858,14,5,26,45
250,1855,bottleneck_250_1855_1780391849819_776618,success,,96793ff73375dbc354785c28674d224d5cbbfbd2ef0a3770b0296a3b2b0a7fb5,1780391849819,1780391849830,1780391849835,1780391849858,11,5,23,39
250,1856,bottleneck_250_1856_1780391849822_598907,success,,fca43453ecf9c69c42835c41025f81f81c7d8b0f981b4ab939d7945a2cd1e163,1780391849822,1780391849833,1780391849837,1780391849858,11,4,21,36
250,1857,bottleneck_250_1857_1780391849826_335511,success,,490a156a480e841ad42575c890137ebe0ffcaf6a0ca2ee24e28cd4ac8020d3e2,1780391849826,1780391849834,1780391849838,1780391849858,8,4,20,32
250,1858,bottleneck_250_1858_1780391849829_214614,success,,f83a129500f9ece365575e3e8fa1cc19d32e41e0124e84c7652faa65e22a7dfe,1780391849829,1780391849836,1780391849839,1780391849858,7,3,19,29
250,1869,bottleneck_250_1869_1780391849874_201484,success,,2e113a66dae6ce2119e813edeb2727fe2cac8a3aa2e2901640cc29fc9e61587d,1780391849874,1780391849879,1780391849881,1780391849894,5,2,13,20
250,1860,bottleneck_250_1860_1780391849837_727328,success,,f3e3e84807ad8b6e78e6bcf4b83cec287589dfb8d76470233acfde4bc57bb7c4,1780391849837,1780391849842,1780391849844,1780391849895,5,2,51,58
250,1861,bottleneck_250_1861_1780391849843_135241,success,,4b701748187a5e48f3af2bda776a8ad55ea786c248204a14b26caa7e168574c5,1780391849843,1780391849851,1780391849852,1780391849895,8,1,43,52
250,1862,bottleneck_250_1862_1780391849846_868093,success,,5441428e66bca7e7073a806e8257a397636eb456ced4ac83ca2dfdab4f778af8,1780391849846,1780391849863,1780391849867,1780391849895,17,4,28,49
250,1863,bottleneck_250_1863_1780391849849_954572,success,,c7d81f1d5254bf77e15503844501736e2469cf92ec9deac10086a4dd961505cf,1780391849849,1780391849865,1780391849868,1780391849895,16,3,27,46
250,1864,bottleneck_250_1864_1780391849855_412713,success,,514a30ce07c66029dd7e32099fb20d7044e343ec4ccc2e9a4a9b919ac91d455b,1780391849855,1780391849864,1780391849868,1780391849896,9,4,28,41
250,1866,bottleneck_250_1866_1780391849862_567588,success,,1ad723aad093ba76d71a3ce5c7eccdff4c31dc1e852b88499a5502b351129890,1780391849862,1780391849869,1780391849873,1780391849896,7,4,23,34
250,1865,bottleneck_250_1865_1780391849858_4316,success,,94a573a34c3e74936f5024547ef9de9ef046acce545d009f5ae8903af621fc38,1780391849858,1780391849865,1780391849871,1780391849896,7,6,25,38
250,1867,bottleneck_250_1867_1780391849866_76100,success,,4e9730df117c31d04947abd42bf407d446aeb01f51af17c38bd2541e5dd4dace,1780391849866,1780391849872,1780391849874,1780391849896,6,2,22,30
250,1868,bottleneck_250_1868_1780391849870_521240,success,,053721316f53d8b34a13ac501493087b2f11c32988550a4fef8d796ace3ccd89,1780391849870,1780391849875,1780391849877,1780391849896,5,2,19,26
250,1879,bottleneck_250_1879_1780391849914_804669,success,,23a5c28a78d5fbfe16af9022526e2f1ce717e5db679620c65c9a8e4d0d14e949,1780391849914,1780391849923,1780391849925,1780391849948,9,2,23,34
250,1872,bottleneck_250_1872_1780391849886_694576,success,,b6402b816d0c77dc3a84fdd0204e21c59eeb359cf2226db5459a02a57660c13e,1780391849886,1780391849899,1780391849903,1780391849948,13,4,45,62
250,1870,bottleneck_250_1870_1780391849878_462965,success,,c507143ef50de32b9a51145810744df16a61179baf695fc7a2b7e5f1aead9aad,1780391849878,1780391849882,1780391849884,1780391849948,4,2,64,70
250,1871,bottleneck_250_1871_1780391849881_111470,success,,e6c78d804a3337c60bf61f78d86bb7ff702036d96f4b53809a67eda59865efe0,1780391849881,1780391849889,1780391849891,1780391849948,8,2,57,67
250,1873,bottleneck_250_1873_1780391849890_950004,success,,ff0390c8e39375e2c62bbee72f4f19dd3a5fc15c036bea540d4b0aecb8f48708,1780391849890,1780391849898,1780391849903,1780391849949,8,5,46,59
250,1876,bottleneck_250_1876_1780391849901_998199,success,,f4cb1fb1f748c6c0e5d210f584857d176c69b885861496719689fefd1912523d,1780391849901,1780391849908,1780391849911,1780391849949,7,3,38,48
250,1874,bottleneck_250_1874_1780391849895_413716,success,,a594ba6d854705d97377834303d4c1e83edd6e59a4cc9764734457a77c14f159,1780391849895,1780391849904,1780391849908,1780391849949,9,4,41,54
250,1875,bottleneck_250_1875_1780391849897_80903,success,,5a2d089108d452fab2cc452f53748b330c17453fdb819332274f20bc1982c9e5,1780391849897,1780391849907,1780391849910,1780391849949,10,3,39,52
250,1878,bottleneck_250_1878_1780391849909_461058,success,,1dfae0164805cca7cf7ab03e2d4d0d3e0a7f5a24f6e8637a001730338d98f469,1780391849909,1780391849915,1780391849921,1780391849949,6,6,28,40
250,1877,bottleneck_250_1877_1780391849905_619864,success,,e8dfa525c12af2be9444946a104b10320f5531331379ea33c741840eb8c2d225,1780391849905,1780391849912,1780391849913,1780391849949,7,1,36,44
250,1889,bottleneck_250_1889_1780391849954_873480,success,,189d084ba5bc3aeb00140e1d76d3b491331d7ef6608a084f446b5bdf1ae001a4,1780391849954,1780391849960,1780391849962,1780391849984,6,2,22,30
250,1880,bottleneck_250_1880_1780391849918_211749,success,,b3d2c8f76740082081d401879040a41c5caed5ee6e8a2963a27f5bad0166f8e0,1780391849918,1780391849927,1780391849929,1780391849984,9,2,55,66
250,1881,bottleneck_250_1881_1780391849922_259527,success,,7d8ffaf77c39da1356c35bee5e1d068f465a5d8ffa5c395692b9690a37f17392,1780391849922,1780391849931,1780391849933,1780391849984,9,2,51,62
250,1882,bottleneck_250_1882_1780391849926_669438,success,,2ea18959b0b38769323ede0fa2530bd9446a77f8335160ecf00002bdb26111b4,1780391849926,1780391849932,1780391849937,1780391849984,6,5,47,58
250,1885,bottleneck_250_1885_1780391849938_470555,success,,f67300b2da6e13f7727a4f24f07890fbb19f37a603255f39e2cdfb039fe6443d,1780391849938,1780391849944,1780391849948,1780391849984,6,4,36,46
250,1883,bottleneck_250_1883_1780391849930_215675,success,,377ff3b91021c7631eaba27274db51e62e5a7e04a7d2ac19855e354f51db336c,1780391849930,1780391849946,1780391849950,1780391849984,16,4,34,54
250,1884,bottleneck_250_1884_1780391849934_678402,success,,1b63f82b423393f5d62f68ae793dd5611a5b5a3846a81ee895e08f133dbf116d,1780391849934,1780391849947,1780391849951,1780391849984,13,4,33,50
250,1886,bottleneck_250_1886_1780391849942_288342,success,,873a13844331fde90913e21cfbce9568e92b468158a331bb2a411bc1f9964768,1780391849942,1780391849953,1780391849956,1780391849984,11,3,28,42
250,1887,bottleneck_250_1887_1780391849945_490432,success,,8f43dd2fb2924cd104109a1991a13c2a72ef6c927432fc4e0051121102268464,1780391849945,1780391849953,1780391849957,1780391849984,8,4,27,39
250,1888,bottleneck_250_1888_1780391849952_608887,success,,d759d38653d4b778eb1371418aa9fa10f4803b31d4221284560fe7a90b9e6709,1780391849952,1780391849959,1780391849961,1780391849984,7,2,23,32
250,1899,bottleneck_250_1899_1780391849994_589557,success,,bccc12b536efa486f186de15b4ca0a22c6e48e1419b4d769f014811531bea6a8,1780391849994,1780391850001,1780391850005,1780391850026,7,4,21,32
250,1893,bottleneck_250_1893_1780391849969_159625,success,,fdf3a9738a721d53044bf868046efe908f741396b758ca513743f559fa1beca7,1780391849969,1780391849992,1780391849997,1780391850026,23,5,29,57
250,1897,bottleneck_250_1897_1780391849985_415545,success,,eb57f384bbeba35e9e30825a4914cfba529548275707bbe30981d2cc16160909,1780391849985,1780391849994,1780391849999,1780391850026,9,5,27,41
250,1898,bottleneck_250_1898_1780391849990_999321,success,,591d26342e758d6cfb7a5845be4fded3a7e1f97ef5d76c22df9da3dd9987cd5d,1780391849990,1780391849996,1780391850001,1780391850026,6,5,25,36
250,1896,bottleneck_250_1896_1780391849981_853852,success,,a4ad9791e49de81499c143f07e5d8891d652843b7dda5228846d3c0b8bdbc993,1780391849981,1780391849989,1780391849995,1780391850026,8,6,31,45
250,1894,bottleneck_250_1894_1780391849973_293558,success,,b1a0bab8732dc5af2dc90e4922e86240a72f78e451afc84db677d5b6c39242c3,1780391849973,1780391849992,1780391849997,1780391850026,19,5,29,53
250,1892,bottleneck_250_1892_1780391849966_612245,success,,c08a27416d4ebc4a27fcbb0b2fc9396a85b4e07e21cc699de9c7baa451d4e1dc,1780391849966,1780391849988,1780391849993,1780391850026,22,5,33,60
250,1895,bottleneck_250_1895_1780391849978_392792,success,,97f933677a2174f80f990c184b9beb6f53898c7168f02f586cbeae9cb954d0e0,1780391849978,1780391849991,1780391850000,1780391850026,13,9,26,48
250,1890,bottleneck_250_1890_1780391849958_808911,success,,842c9429ac7e14a8d9f624534fa87d4c2b69dd2c39988c13af0029dcc3f954f4,1780391849958,1780391849963,1780391849965,1780391850026,5,2,61,68
250,1891,bottleneck_250_1891_1780391849961_589471,success,,9ccdb34ab9b2c50b856b97a58d880a833aa90f2ce0536d52af0ceb80eaa4a9df,1780391849961,1780391849966,1780391849967,1780391850026,5,1,59,65
250,1909,bottleneck_250_1909_1780391850034_627490,success,,21cd2d9a8ac43cb31dd6ee8a3794607ea3430626fc0542e043013ce3f4b0014b,1780391850034,1780391850046,1780391850052,1780391850067,12,6,15,33
250,1900,bottleneck_250_1900_1780391849998_178254,success,,a083a99bd95a8053fe37d43fc3cd1ab60e3a6831db18056393c85f3bc75f349e,1780391849998,1780391850003,1780391850007,1780391850067,5,4,60,69
250,1901,bottleneck_250_1901_1780391850002_836855,success,,c8f7f76724fa71479aebf96c12f339a5cec366990f410eb675b89b535811d9d1,1780391850002,1780391850009,1780391850012,1780391850067,7,3,55,65
250,1904,bottleneck_250_1904_1780391850014_323037,success,,54a091c737c56a419e75ac430a324cb6d887fbede3834e14fb82e793818ebd63,1780391850014,1780391850038,1780391850044,1780391850067,24,6,23,53
250,1906,bottleneck_250_1906_1780391850022_3918,success,,28f08fea183acac09d210504312773ee538398f6a4ffd26d3f90c7e927d0b3f0,1780391850022,1780391850036,1780391850047,1780391850067,14,11,20,45
250,1908,bottleneck_250_1908_1780391850030_848801,success,,2ebd85fd79fb291035d202113618bfad08131a1e05caa3b00a19fee29d2045ed,1780391850030,1780391850042,1780391850049,1780391850067,12,7,18,37
250,1902,bottleneck_250_1902_1780391850006_896041,success,,4df7ddba9b2d5ded0ea2a7cec5841820d55fcc80f624039c0194308560ccff53,1780391850006,1780391850016,1780391850017,1780391850067,10,1,50,61
250,1903,bottleneck_250_1903_1780391850010_102369,success,,39d4b535208fa0076ecb6db4f15b0fb75ea535b717afd334a825978b876d3af7,1780391850010,1780391850033,1780391850040,1780391850067,23,7,27,57
250,1905,bottleneck_250_1905_1780391850018_237656,success,,1f5e14ce5e812ad6da88295b8ccb38fb52c38d85c95adfb703bc4bce99cbb068,1780391850018,1780391850035,1780391850046,1780391850067,17,11,21,49
250,1907,bottleneck_250_1907_1780391850025_709968,success,,864e70d70e81801f5d7d7a307d3139e480f7fa7b6b4c81d93c6f3e6817fdb6ac,1780391850025,1780391850037,1780391850045,1780391850067,12,8,22,42
250,1919,bottleneck_250_1919_1780391850073_297078,success,,d543becb47044b8f61f2dfe901da784aec8874175898f5091135c38a57094540,1780391850073,1780391850079,1780391850081,1780391850107,6,2,26,34
250,1910,bottleneck_250_1910_1780391850039_496235,success,,fc2c024eba7926fbe136bf605854778104feafaeb3f94addf97d750430565d19,1780391850039,1780391850049,1780391850053,1780391850107,10,4,54,68
250,1911,bottleneck_250_1911_1780391850043_133814,success,,897ee6a58cabc334f0dbc30caaf0d07fd8ad086ccc418b256c628bcb60e17a8a,1780391850043,1780391850051,1780391850055,1780391850107,8,4,52,64
250,1912,bottleneck_250_1912_1780391850048_531517,success,,9716e90fcf9a1ed61c4a83b23730897127a2f5a8b752e5d7e4c32d73ab551a1d,1780391850048,1780391850056,1780391850060,1780391850107,8,4,47,59
250,1913,bottleneck_250_1913_1780391850050_610346,success,,60b02bc0a17649c6dd05af2ec0c2460ad884be0988fcd5f46ac88915b5e2a75f,1780391850050,1780391850062,1780391850064,1780391850107,12,2,43,57
250,1914,bottleneck_250_1914_1780391850053_265971,success,,ad624bedb831092e45be8ad19cbb7f5378fbf38faf4e265cec8884050ca19f2f,1780391850053,1780391850069,1780391850071,1780391850107,16,2,36,54
250,1916,bottleneck_250_1916_1780391850062_228890,success,,43bbb811155d6bdbed0346a12536ce8ec84eada8091ded733b8a35d7eb97871c,1780391850062,1780391850072,1780391850075,1780391850107,10,3,32,45
250,1917,bottleneck_250_1917_1780391850066_363506,success,,c47ff3dd23ad66596f2eebdf23ce68bb7e586d89f48e608467c7e857b275e6a8,1780391850066,1780391850074,1780391850078,1780391850107,8,4,29,41
250,1915,bottleneck_250_1915_1780391850058_517320,success,,2ae11d321dc9e0195a07e52378ba4980102feab0d6b542d7d7ae019731814bc3,1780391850058,1780391850075,1780391850079,1780391850107,17,4,28,49
250,1918,bottleneck_250_1918_1780391850069_892700,success,,1347c036cd632cc3414280eca86e58cb815bdce03b49eedf4479f886c9e6836c,1780391850069,1780391850077,1780391850080,1780391850107,8,3,27,38
250,1929,bottleneck_250_1929_1780391850113_99180,success,,ffbcde6331ce630821ac6a1335e11764603e99ced87c7c90d18ed477d8a99bd5,1780391850113,1780391850124,1780391850130,1780391850159,11,6,29,46
250,1924,bottleneck_250_1924_1780391850093_351298,success,,220ef3a48ffad10adf3f2013e0dbeec40d44d1c122bcc5a4a08586bbc4295faa,1780391850093,1780391850100,1780391850103,1780391850159,7,3,56,66
250,1926,bottleneck_250_1926_1780391850101_197729,success,,3275bdfd95aff97f5d39d0ab6c3f2ab6ed96981940a9cf2087ba14740aae16a8,1780391850101,1780391850116,1780391850123,1780391850159,15,7,36,58
250,1925,bottleneck_250_1925_1780391850098_845951,success,,ea57e5f23f2a097be08c58148936ee0e7b4de1d4500b3903a8c434940c22c607,1780391850098,1780391850114,1780391850120,1780391850159,16,6,39,61
250,1928,bottleneck_250_1928_1780391850109_574848,success,,813c0c92f5dd05ab7c6680c70baf664975229e8aed2814200ba05743202667b6,1780391850109,1780391850115,1780391850119,1780391850159,6,4,40,50
250,1927,bottleneck_250_1927_1780391850106_996654,success,,ebefa8e4a45b9977b3bee4040a5e5ebfad0e323d6cd5a70abb6d967ae5e9b75d,1780391850106,1780391850117,1780391850123,1780391850159,11,6,36,53
250,1923,bottleneck_250_1923_1780391850090_389015,success,,d42c0b93134a475fa2617a775b306a723de04b20db1be9b3d938ecd203e04bc9,1780391850090,1780391850100,1780391850103,1780391850159,10,3,56,69
250,1920,bottleneck_250_1920_1780391850077_382056,success,,8d813043b53f2e04147c42504c303eb7e9efc07691d0d64b00ba882e2b5d4172,1780391850077,1780391850082,1780391850085,1780391850159,5,3,74,82
250,1921,bottleneck_250_1921_1780391850083_780991,success,,62f95fe9600e3d8f7b7f305b72715fdf2b87e88a41745a2fdb6f092612600903,1780391850083,1780391850089,1780391850092,1780391850159,6,3,67,76
250,1922,bottleneck_250_1922_1780391850086_757542,success,,820af475e4113aa2a54ab312cb4295f5bead72fbc25a5f8e9e46e5d5f8fc32c1,1780391850086,1780391850099,1780391850102,1780391850159,13,3,57,73
250,1937,bottleneck_250_1937_1780391850147_732263,success,,88456e2828a40d9509743e578b32629ecc6b90aebbed3e2a0b2ddba3c7b5b123,1780391850147,1780391850169,1780391850176,1780391850202,22,7,26,55
250,1930,bottleneck_250_1930_1780391850118_261240,success,,0652f197a201c71e6f85603bc5cc0d720565b07cdd3836ce1ea3146953a31b6b,1780391850118,1780391850126,1780391850132,1780391850202,8,6,70,84
250,1931,bottleneck_250_1931_1780391850121_477100,success,,d1e2c1eaf27f4d9649e5d06f97f6654a689be728d9e71a44a30f460f5b011fb9,1780391850121,1780391850131,1780391850135,1780391850202,10,4,67,81
250,1932,bottleneck_250_1932_1780391850125_251432,success,,bc5b1d95a978fd669cc9c057b9dca00bf7375a5a0dd700ddaa17ec7a0e68757f,1780391850125,1780391850134,1780391850139,1780391850202,9,5,63,77
250,1933,bottleneck_250_1933_1780391850129_266610,success,,23faf7bdf0f50dc0c6d07e1af0d1c1c020a3661d8e11eb0837d4f9a8743dde7e,1780391850129,1780391850136,1780391850145,1780391850202,7,9,57,73
250,1935,bottleneck_250_1935_1780391850137_143101,success,,8630a6ce1b09d15a1b3a9c69b081f8a528f6e0a1e79e8bf28a5cad2cd490e14e,1780391850137,1780391850164,1780391850171,1780391850202,27,7,31,65
250,1939,bottleneck_250_1939_1780391850155_982929,success,,fbd6045ca92e434d97ab07b0d02aaa59029be3ef3210c0ff5c67c0d3bfaa3d77,1780391850155,1780391850168,1780391850174,1780391850202,13,6,28,47
250,1936,bottleneck_250_1936_1780391850141_103194,success,,127e119234010c8c078be94102986ebd2c2cdf2e7d5e53130f792a9e91e757cb,1780391850141,1780391850161,1780391850165,1780391850202,20,4,37,61
250,1938,bottleneck_250_1938_1780391850149_74448,success,,ab83f3198c32334d36898f49e9518c8bf82ad037b6a0ffa00f0c684b6e9676c1,1780391850149,1780391850167,1780391850175,1780391850202,18,8,27,53
250,1934,bottleneck_250_1934_1780391850134_9951,success,,c3c5288673a588c516278c565da83ba49c5f1ac123ba33815a4a447b66ca79ec,1780391850134,1780391850163,1780391850172,1780391850202,29,9,30,68
250,1948,bottleneck_250_1948_1780391850189_21560,success,,6f6d2c5cabc1da64acd890d70d761398dbb508f6ea304d6fc970cbf3cfb8d245,1780391850189,1780391850211,1780391850215,1780391850242,22,4,27,53
250,1941,bottleneck_250_1941_1780391850162_585936,success,,8f83fe775e2cf5b86ac6e82d72bd22a91289fad4911348d5ed78206d7034eb65,1780391850162,1780391850173,1780391850179,1780391850242,11,6,63,80
250,1942,bottleneck_250_1942_1780391850166_590785,success,,c116e62482110430d92fec6ae15680778694a499de694a4fa052c305c618cfaa,1780391850166,1780391850174,1780391850181,1780391850243,8,7,62,77
250,1944,bottleneck_250_1944_1780391850177_534603,success,,9326dec596e86b541ce4454358e6887482b7ba9092dc78219025fa12e040d5c6,1780391850177,1780391850192,1780391850195,1780391850243,15,3,48,66
250,1943,bottleneck_250_1943_1780391850170_364867,success,,68a091f8df2d8146ed3d2f81ded74c100f7c4d92d5ef9465153a735d82b0b285,1780391850170,1780391850180,1780391850183,1780391850243,10,3,60,73
250,1945,bottleneck_250_1945_1780391850177_226487,success,,38c79ab599138e8c9376a41138ad379cb9b798df8bdd50833013cb8f81574ca9,1780391850177,1780391850192,1780391850195,1780391850244,15,3,49,67
250,1947,bottleneck_250_1947_1780391850185_829588,success,,da9265e3dae700a480e16c8656210d4211a249d52022c89d4e838feb3f371e82,1780391850185,1780391850200,1780391850203,1780391850244,15,3,41,59
250,1946,bottleneck_250_1946_1780391850182_413169,success,,1329d336cd5202b7e78379a3b1cf95792a372f80f687277e57bf1efd9e72a0b8,1780391850182,1780391850198,1780391850202,1780391850244,16,4,42,62
250,1950,bottleneck_250_1950_1780391850199_514298,success,,5f1e55d12e8a47cf8e70e6b7030d242386c6c7ddc278f3d7d830bee782758a4e,1780391850199,1780391850209,1780391850213,1780391850244,10,4,31,45
250,1940,bottleneck_250_1940_1780391850158_624825,success,,0be5a0eef1b51400873390549851aeec7cae7a46ad38bc186f01e1fbbde67a7e,1780391850158,1780391850169,1780391850179,1780391850244,11,10,65,86
250,1958,bottleneck_250_1958_1780391850229_189152,success,,3ec81ce22ed11df4ce2429e53c7e213a2d86ad6ee79f2b9758de69bf50713d94,1780391850229,1780391850252,1780391850266,1780391850288,23,14,22,59
250,1949,bottleneck_250_1949_1780391850193_794769,success,,b831ad446feb4482e57098500d4bdadb9db8dc097c24d6c3c10fb3f3023cdd49,1780391850193,1780391850211,1780391850216,1780391850288,18,5,72,95
250,1951,bottleneck_250_1951_1780391850201_29078,success,,3c2b312e2a8776e92415f8ecd49f49d91fb8a49f0d11b26b53366c7f02ff9815,1780391850201,1780391850212,1780391850217,1780391850289,11,5,72,88
250,1952,bottleneck_250_1952_1780391850206_406662,success,,daee6306bd9d53f9eb48ddf79412911fb0056e264c85296fd7ec5018bb4a82c6,1780391850206,1780391850214,1780391850219,1780391850289,8,5,70,83
250,1953,bottleneck_250_1953_1780391850210_575959,success,,441cc618163779c38633d63c7ef11aa66ec32796983f21774f2b8327de64f405,1780391850210,1780391850217,1780391850223,1780391850289,7,6,66,79
250,1954,bottleneck_250_1954_1780391850214_841406,success,,688828508ab57a3db3fa981a56374cb758e54bbb688364be5cf24c0dc7b94605,1780391850214,1780391850224,1780391850231,1780391850289,10,7,58,75
250,1955,bottleneck_250_1955_1780391850219_156302,success,,2d53d761d07bd560a18ca65a229b58d83e3698649cfa6220abaee9cbf2a76d55,1780391850219,1780391850234,1780391850236,1780391850289,15,2,53,70
250,1957,bottleneck_250_1957_1780391850226_15497,success,,8d77659bb6edbc691d7f53c0a357778894cf4c870d689f02b0aa899bc7c6c872,1780391850226,1780391850247,1780391850250,1780391850289,21,3,39,63
250,1956,bottleneck_250_1956_1780391850222_281714,success,,946befecbf7427f62533e76fd6d304fe3fc8bd9110fb8199f5833ceb52c1e2ca,1780391850222,1780391850248,1780391850259,1780391850289,26,11,30,67
250,1959,bottleneck_250_1959_1780391850235_750937,success,,b22e5e1aa0b1aad7a4d47a7bc9dc71cacdda3dc0a3acfb0bfe47867b023dfbc8,1780391850235,1780391850256,1780391850264,1780391850289,21,8,25,54
250,1967,bottleneck_250_1967_1780391850268_141647,success,,31c6413f3d9428eed8d3dd23f950b59cd8e07b2200e768602bb86986fd857cba,1780391850268,1780391850292,1780391850296,1780391850315,24,4,19,47
250,1963,bottleneck_250_1963_1780391850249_567439,success,,ed20b6cf3f1d269f814782dba4ee7918eb75dc4e5d4985961b64b06d8694feec,1780391850249,1780391850263,1780391850273,1780391850315,14,10,42,66
250,1960,bottleneck_250_1960_1780391850238_658356,success,,afde2e5d6181c4f04bc4be4cc5f320141d115d436d4b3e818ad32c40be32c382,1780391850238,1780391850259,1780391850269,1780391850315,21,10,46,77
250,1961,bottleneck_250_1961_1780391850242_783028,success,,805985148e52639b5c38087e112697c53a5a83f30d7dbd0fbac7e3723a8efb51,1780391850242,1780391850260,1780391850270,1780391850315,18,10,45,73
250,1966,bottleneck_250_1966_1780391850262_156341,success,,c92a3e76a3d13671778d7a30ccbcad20836f31edba217ee85717df4a9f535457,1780391850262,1780391850284,1780391850286,1780391850315,22,2,29,53
250,1969,bottleneck_250_1969_1780391850273_431333,success,,103d5dc7cdb63df2fe8e4cc29197267b17dde7026b3991bfb9c251f5e323fccf,1780391850273,1780391850290,1780391850294,1780391850315,17,4,21,42
250,1964,bottleneck_250_1964_1780391850254_667529,success,,46c4fc2072f0b5cc646c56c941a280231195c924cb0153575e1a999321d94ab5,1780391850254,1780391850267,1780391850275,1780391850315,13,8,40,61
250,1965,bottleneck_250_1965_1780391850257_966952,success,,a3b2190b55c4bd87fc7fefdd8cb5fee348ebb041cf5fa6e636b7e775961f9651,1780391850257,1780391850274,1780391850277,1780391850315,17,3,38,58
250,1968,bottleneck_250_1968_1780391850271_392050,success,,ee0fdfbf69990ee3eb4daafb4d90196484ea3b1126293494c16d3c42b098b5fd,1780391850271,1780391850292,1780391850295,1780391850315,21,3,20,44
250,1962,bottleneck_250_1962_1780391850245_918260,success,,02b47c78100f2bb15a60dce4f7f73f13f63088a74a366f0e090428a76e275a33,1780391850245,1780391850261,1780391850268,1780391850315,16,7,47,70
250,1978,bottleneck_250_1978_1780391850312_25536,success,,5efcc4ea1ee7fd077f30cfa498fc9dd418c4b950218323aa539628fa1bd7a167,1780391850312,1780391850327,1780391850331,1780391850352,15,4,21,40
250,1972,bottleneck_250_1972_1780391850285_870610,success,,fd6c6a9198f00bbf59a2f84e5651f06c12fcc464712e8dcef66828f2b9eeb845,1780391850285,1780391850309,1780391850320,1780391850352,24,11,32,67
250,1975,bottleneck_250_1975_1780391850299_809914,success,,8d9fb41a390118f6f16482b40661dbcf64cc0eff5f60861d7941df59c9b7fae4,1780391850299,1780391850312,1780391850319,1780391850352,13,7,33,53
250,1973,bottleneck_250_1973_1780391850291_933548,success,,3f5ed81a7cd488cb6e906dcb87ec7fd1d25ba8046d14e77cf98b45f08fcbff54,1780391850291,1780391850307,1780391850314,1780391850353,16,7,39,62
250,1976,bottleneck_250_1976_1780391850301_364274,success,,5825c72f04ddf213e1509dc1a50fddaae7f764381e3cf64e921121713804ef2c,1780391850301,1780391850323,1780391850328,1780391850353,22,5,25,52
250,1977,bottleneck_250_1977_1780391850308_198287,success,,c3d92035d582319803f30f49f8097f51b4a5f3338e7a5d7459bfd7a757475ea7,1780391850308,1780391850324,1780391850330,1780391850353,16,6,23,45
250,1979,bottleneck_250_1979_1780391850313_336041,success,,6a3d339f0ab6b21ecf8b11ce322b31f6308fbc2ea2bdaeb1cbb35b35f850fa1c,1780391850313,1780391850326,1780391850332,1780391850353,13,6,21,40
250,1974,bottleneck_250_1974_1780391850293_2962,success,,18220bd6cde0e083a56fe93bd7c0cf55f99e3f6fba430b5fd23c12ddc2bd4c45,1780391850293,1780391850311,1780391850318,1780391850353,18,7,35,60
250,1970,bottleneck_250_1970_1780391850278_174416,success,,dc7b1da1e748e5f1fabd2d8382702708ff13b7d4e6b9cf4f6d264ba1d809c424,1780391850278,1780391850310,1780391850317,1780391850353,32,7,36,75
250,1971,bottleneck_250_1971_1780391850281_154244,success,,2bafa85c94c769130f67b394d1f792488eb8ad5a1dc6f15b97c6abf44a5c46b1,1780391850281,1780391850310,1780391850322,1780391850353,29,12,31,72
250,1989,bottleneck_250_1989_1780391850354_652758,success,,b24379b0fbe6dc026b14425304270395ce8c890c982807a9b095a21b773f1cd8,1780391850354,1780391850363,1780391850368,1780391850390,9,5,22,36
250,1980,bottleneck_250_1980_1780391850319_425907,success,,10b83190fbe72168f3bac800de1f74a7a08189807e0027e13808b5b1978fca54,1780391850319,1780391850329,1780391850333,1780391850390,10,4,57,71
250,1982,bottleneck_250_1982_1780391850325_596232,success,,2069c7042a68c97ac7a9ac57f8a73203385273b672c3a34e1e4ef1cd2865e42f,1780391850325,1780391850336,1780391850342,1780391850390,11,6,48,65
250,1981,bottleneck_250_1981_1780391850324_972671,success,,c5e68e42bad56bf2278d45584875675a70a3e96e957685a87921c119c9ac9dad,1780391850324,1780391850337,1780391850341,1780391850390,13,4,49,66
250,1983,bottleneck_250_1983_1780391850330_238017,success,,f105bf4e3ea2e71c106ceaad6778d4ee208c860d45bb164efeedc7d14e669eee,1780391850330,1780391850344,1780391850348,1780391850390,14,4,42,60
250,1984,bottleneck_250_1984_1780391850334_589987,success,,2791f8af2d51269ea8180dc64e519f56a8aaa2c32769b5a3f41661abda9f9b1d,1780391850334,1780391850347,1780391850349,1780391850390,13,2,41,56
250,1985,bottleneck_250_1985_1780391850338_706236,success,,33db749deb838cc93a8617bdab21c1f40ba1018e6d398c4cc9cfa0bfe83465d0,1780391850338,1780391850345,1780391850350,1780391850390,7,5,40,52
250,1986,bottleneck_250_1986_1780391850343_201390,success,,ecdf4a3000e906d1d34b488451d449c67ae494dba368f4db5a76e61593fc3f3e,1780391850343,1780391850360,1780391850364,1780391850390,17,4,26,47
250,1987,bottleneck_250_1987_1780391850346_650355,success,,cc1d1ea671255bde9afd34ab3eb2f7ca2b7d7bb6df67c2b26153e0ed629dba9a,1780391850346,1780391850361,1780391850364,1780391850390,15,3,26,44
250,1988,bottleneck_250_1988_1780391850351_248264,success,,454a3c58fbfe413e5ada96c339dc29b382f4d3a7777cb5ab8b0c654ce4eea0d6,1780391850351,1780391850361,1780391850366,1780391850390,10,5,24,39
250,1990,bottleneck_250_1990_1780391850358_812421,success,,6e3507e4bcb24297ad5638408f77896822e79870308d71a308d27b5795a4a964,1780391850358,1780391850367,1780391850370,1780391850418,9,3,48,60
250,1992,bottleneck_250_1992_1780391850365_84727,success,,b1c3255591d2c6a416e069c85ef0ea5295cdcf1731d86cf446bdd9b0e320663b,1780391850365,1780391850380,1780391850382,1780391850418,15,2,36,53
250,1993,bottleneck_250_1993_1780391850369_849971,success,,343540d737ea9f23c65efa08ad11dd923b786b5800976e6a39bc9add3c6fcf19,1780391850369,1780391850381,1780391850384,1780391850418,12,3,34,49
250,1991,bottleneck_250_1991_1780391850362_705133,success,,2bfe0c728ab0d0b2b42cd6d73aee5b77a2d08d26adb2dfbb6e89938d5164f1b7,1780391850362,1780391850369,1780391850376,1780391850418,7,7,42,56
250,1999,bottleneck_250_1999_1780391850394_689123,success,,42eeaebd0b2160d611f8c80a24f89f745fc1224a9685f189214418d6b26b8700,1780391850394,1780391850402,1780391850406,1780391850418,8,4,12,24
250,1997,bottleneck_250_1997_1780391850386_902317,success,,b27bfd3d2ab6dfd84d3858ecf7cd5d595b71d0012d90e6846ab29377d833d770,1780391850386,1780391850397,1780391850401,1780391850419,11,4,18,33
250,1996,bottleneck_250_1996_1780391850383_749094,success,,1bcef64dbdca1b146a607351f8ea11380ad1130f5a15dcb4f8fd6eb89e5eaa81,1780391850383,1780391850399,1780391850405,1780391850420,16,6,15,37
250,1995,bottleneck_250_1995_1780391850377_914160,success,,1cc630766ddb8d4e66325002ac87ac92bba314344e5937eb527756ae3fddb321,1780391850377,1780391850399,1780391850403,1780391850420,22,4,17,43
250,1994,bottleneck_250_1994_1780391850374_407811,success,,2cb106d91c0acf2c2605d35e2fec914768c544828bc20e82c67dde69be201cbb,1780391850374,1780391850398,1780391850402,1780391850420,24,4,18,46
250,1998,bottleneck_250_1998_1780391850390_731897,success,,1fadb8c316b3ab598e685579bca8ed206daf347ffa5e122cbf75fa02a563fd8d,1780391850390,1780391850400,1780391850404,1780391850420,10,4,16,30
