target_tps,sequence_number,asset_id,status,error_message,transaction_id,t1_proposal_sent_ms,t2_endorsement_received_ms,t3_submitted_to_orderer_ms,t4_committed_ms,endorsement_delay_ms,ordering_delay_ms,commit_delay_ms,total_latency_ms
150,7,bottleneck_150_7_1780391824539_941095,success,,c0f44e02aaf0ede3897190a98a278558375e75addc3b56ba20c3b8cdf4f619d4,1780391824539,1780391824603,1780391824620,1780391824679,64,17,59,140
150,9,bottleneck_150_9_1780391824552_852451,success,,8f946eed7c6dd477cf9c5d19bea7c5135209fa3d0e7b8f3e088be457dda4f32c,1780391824552,1780391824596,1780391824615,1780391824680,44,19,65,128
150,1,bottleneck_150_1_1780391824499_426375,success,,1157622498e1fff6ad82cdf6b5314dce5b5ee0f3cff896075cd6c3a94ffa30f3,1780391824499,1780391824588,1780391824615,1780391824680,89,27,65,181
150,2,bottleneck_150_2_1780391824506_253151,success,,dece9e3a9089e82d4342f09173df927168ddc9f8bcc9548cd93672a52454be16,1780391824506,1780391824586,1780391824614,1780391824680,80,28,66,174
150,4,bottleneck_150_4_1780391824519_655010,success,,7c49ab885e41bf7cb2299e54822adc3e390dc739bd3924821682536faab1608b,1780391824519,1780391824593,1780391824613,1780391824680,74,20,67,161
150,0,bottleneck_150_0_1780391824491_271337,success,,a871088c81111877aefeba00d4f590bb0d3d79fd67154f94e8468f083e951e61,1780391824491,1780391824595,1780391824617,1780391824680,104,22,63,189
150,8,bottleneck_150_8_1780391824545_598302,success,,db8fe7b9832e6bf70c777c1031d607ee8127101099b80d817a81d4b411783e18,1780391824545,1780391824602,1780391824622,1780391824681,57,20,59,136
150,5,bottleneck_150_5_1780391824525_254422,success,,82bc3037f4447379681129e7c04d9e799c3f3759662a3724fadf3e9d760e3e58,1780391824525,1780391824604,1780391824620,1780391824681,79,16,61,156
150,10,bottleneck_150_10_1780391824558_242655,success,,c04c9957f4c380506bf29abf5d68d578d410a1e6bf5ef544300c1dba52157981,1780391824558,1780391824606,1780391824625,1780391824681,48,19,56,123
150,3,bottleneck_150_3_1780391824512_270983,success,,aae1ca673700d070fca14c329aef5c7040a2a3db485d31ebe8c67ac546854102,1780391824512,1780391824597,1780391824616,1780391824681,85,19,65,169
150,19,bottleneck_150_19_1780391824619_183629,success,,6007dddb53de9d174c2d6532b66408beeeac207fad3da38da97da069f6682585,1780391824619,1780391824644,1780391824651,1780391824708,25,7,57,89
150,13,bottleneck_150_13_1780391824579_794064,success,,44cad61867969277b98a2f8ef02b41d3c5004451fe2265c06e38e665ce9e20b1,1780391824579,1780391824612,1780391824634,1780391824708,33,22,74,129
150,6,bottleneck_150_6_1780391824532_831193,success,,6fe5381ec361a5189bd4ee4f7e3a18642730a3cd53d6e5f8e421242eecc31a26,1780391824532,1780391824609,1780391824628,1780391824708,77,19,80,176
150,11,bottleneck_150_11_1780391824565_193762,success,,959e726bd9f85c27957a9a226d572717b13990fbc254b1b00602539c76a47645,1780391824565,1780391824608,1780391824629,1780391824708,43,21,79,143
150,12,bottleneck_150_12_1780391824572_444990,success,,6dd921637184233b8262bb70a365c203ca318b958b75c74de64a8da4a3fd7109,1780391824572,1780391824607,1780391824630,1780391824709,35,23,79,137
150,14,bottleneck_150_14_1780391824585_861226,success,,9064804ffbd951447c5caf1e500800813f9f249e2f91eb98135d545b1b10effe,1780391824585,1780391824613,1780391824632,1780391824709,28,19,77,124
150,15,bottleneck_150_15_1780391824598_18371,success,,5fe05f91b2e7f8cfc76a67529b21531230ef160f6f08e72a5eb5102dbb7ecb50,1780391824598,1780391824624,1780391824636,1780391824709,26,12,73,111
150,16,bottleneck_150_16_1780391824600_272847,success,,f3c465b6a28ad8d08ff1a98cdaf68e0684d63661d22820bec4c148b1a88fa086,1780391824600,1780391824625,1780391824636,1780391824709,25,11,73,109
150,17,bottleneck_150_17_1780391824610_499659,success,,3e1f32b21fc1c38cc07555afa88879a021b8797cbe24fb2598ec42704d0ee93f,1780391824610,1780391824631,1780391824642,1780391824709,21,11,67,99
150,18,bottleneck_150_18_1780391824618_939841,success,,0c930a8ad1ab4bf53c37cc7b0f9664d58a8d4ee1a6a4a8b2a66c904820001378,1780391824618,1780391824639,1780391824653,1780391824709,21,14,56,91
150,22,bottleneck_150_22_1780391824640_841320,success,,244ddf09fd9081c5c9fdb2df2c6fbc0950e63da6c4f6d9331e51ccdc04e1df99,1780391824640,1780391824684,1780391824690,1780391824747,44,6,57,107
150,20,bottleneck_150_20_1780391824627_641500,success,,df3eea5b10c65a218e9665e292f45ce7b8bd91d39bd16a9207e2a4e782b3e4b6,1780391824627,1780391824654,1780391824660,1780391824747,27,6,87,120
150,26,bottleneck_150_26_1780391824665_580657,success,,fc623448f2fda93862bab29cdebafd25fd7a79bcb280d8f2cb35ceda12d93224,1780391824665,1780391824701,1780391824708,1780391824747,36,7,39,82
150,24,bottleneck_150_24_1780391824652_917569,success,,4e73c0d1749356dd1f964586824fd866973144b9a7c5f6c6ad0af0d024fc67ed,1780391824652,1780391824683,1780391824692,1780391824748,31,9,56,96
150,29,bottleneck_150_29_1780391824685_392879,success,,711f89453f2ab9ddd2540708d06b11d2edbbfca28952d78f4f2860dc9cf380dc,1780391824685,1780391824707,1780391824714,1780391824748,22,7,34,63
150,23,bottleneck_150_23_1780391824646_742970,success,,761ecfc4b6d970fb2102b53f2267596423ad28ad7ad9cff2bbd879e8d12abb4b,1780391824646,1780391824687,1780391824695,1780391824748,41,8,53,102
150,25,bottleneck_150_25_1780391824659_295441,success,,fe413d8751998ba2aac0ac7e26b5e4a3454b90f3a616c58f0d1b666a60e287fb,1780391824659,1780391824703,1780391824709,1780391824748,44,6,39,89
150,27,bottleneck_150_27_1780391824672_585369,success,,49ec6607bd0edf57dcdf7b15d546cc65d2586e1fbea1dabe52109b39fc2ce9d0,1780391824672,1780391824702,1780391824709,1780391824748,30,7,39,76
150,28,bottleneck_150_28_1780391824680_167405,success,,692a2ea6ae277c4cb715ad904f3db84d6e2b399312e8d0d451d61fbdd16448d1,1780391824680,1780391824704,1780391824710,1780391824748,24,6,38,68
150,21,bottleneck_150_21_1780391824635_750,success,,fd5af1f3c7eca58c36042cf3b5b3818ab6dcf78b3decceff1cf1d90b1f84d894,1780391824635,1780391824688,1780391824694,1780391824748,53,6,54,113
150,39,bottleneck_150_39_1780391824754_420186,success,,0e9dffb83fe540512297065671cab401c1452a9d0ecb2742685af634fe5422c9,1780391824754,1780391824761,1780391824766,1780391824797,7,5,31,43
150,30,bottleneck_150_30_1780391824693_855782,success,,065bb1c2d63c63527b6c8f63943fc85f58e64e33cbfc3cad5320ffb54fbb0869,1780391824693,1780391824713,1780391824716,1780391824797,20,3,81,104
150,31,bottleneck_150_31_1780391824700_777067,success,,06fad4d23c3a12061b12fa9977d144a36dc3d44d2c74ed4ce6dc6272f7d7d5c8,1780391824700,1780391824715,1780391824719,1780391824797,15,4,78,97
150,32,bottleneck_150_32_1780391824706_15087,success,,8ae98f5d7c2d0355d907773046dcbaa2f19b60f59be359df070198841508f3c0,1780391824706,1780391824715,1780391824720,1780391824797,9,5,77,91
150,33,bottleneck_150_33_1780391824712_52522,success,,593c19cde5034fe3a0aac2d7897db447d2e062cf5dc7d266d3f25f87a13729aa,1780391824712,1780391824724,1780391824729,1780391824797,12,5,68,85
150,34,bottleneck_150_34_1780391824721_763817,success,,31eef5f970c61528dc4702b477866dd68f04fc443912e5d85ab16d2dfc0c1d34,1780391824721,1780391824746,1780391824748,1780391824797,25,2,49,76
150,35,bottleneck_150_35_1780391824725_611143,success,,50e29b36f3376c6c08acaf42ff621a0328d352cac5b1b1a7de015dcbb6a39c7a,1780391824725,1780391824752,1780391824755,1780391824797,27,3,42,72
150,36,bottleneck_150_36_1780391824732_156796,success,,6618ababde2433ed9b99d9ab2c17c65184bd4d67879e2385a9b691d4577346b7,1780391824732,1780391824753,1780391824758,1780391824797,21,5,39,65
150,38,bottleneck_150_38_1780391824745_56706,success,,e60f78655cc2d0eb74d8848e2fc491403d48c8980a08eab2712ad860f9c09aeb,1780391824745,1780391824757,1780391824764,1780391824797,12,7,33,52
150,37,bottleneck_150_37_1780391824739_543784,success,,81e0e02da161ce59f68cabed3cdb10c4e4d87775a30f83fde95128f95b7f77de,1780391824739,1780391824756,1780391824762,1780391824797,17,6,35,58
150,48,bottleneck_150_48_1780391824812_982300,success,,c586c263c0e87514828fd4db30795cacf2816c71f5f5c0d38a2689dc18e02ea1,1780391824812,1780391824818,1780391824833,1780391824871,6,15,38,59
150,47,bottleneck_150_47_1780391824805_791346,success,,0d3528e25c9bf475c7780d572436d70dd00c7f784063c85504e209a8dd4af132,1780391824805,1780391824815,1780391824817,1780391824872,10,2,55,67
150,44,bottleneck_150_44_1780391824786_322906,success,,8faa2e8dc5db9605de3c08ee2b84009b3594818ca90722016b1d15339313fbff,1780391824786,1780391824810,1780391824815,1780391824873,24,5,58,87
150,45,bottleneck_150_45_1780391824792_327355,success,,5e0454eba84768c82fc6e7314a61879ded4b01bfa99cc1b148f4a6bf847c7820,1780391824792,1780391824807,1780391824811,1780391824873,15,4,62,81
150,43,bottleneck_150_43_1780391824779_783736,success,,54113009c4a10a71ad929a6b438de78e43e4033662d9b7b8738b489950073be8,1780391824779,1780391824808,1780391824814,1780391824873,29,6,59,94
150,46,bottleneck_150_46_1780391824798_587673,success,,608a8332a17e18fa26aa9a1390aebe81fd36a326edcd8431bc8dad4fefd5fc8d,1780391824798,1780391824809,1780391824813,1780391824874,11,4,61,76
150,49,bottleneck_150_49_1780391824819_839809,success,,6d175b783c4a25322718f0de92b950a2815d61c41f1c9716f3b0d8eab7168568,1780391824819,1780391824827,1780391824830,1780391824874,8,3,44,55
150,42,bottleneck_150_42_1780391824772_229788,success,,346c07110a94f5c1c40f26312ce5696ea94f6e1dd28e55254854607d3eb763ac,1780391824772,1780391824790,1780391824794,1780391824874,18,4,80,102
150,40,bottleneck_150_40_1780391824759_567280,success,,2d9dd199258d110a85f047cd68d9acb425283ac473c2db97106e5027c0851b04,1780391824759,1780391824769,1780391824773,1780391824874,10,4,101,115
150,41,bottleneck_150_41_1780391824765_766297,success,,7123431bbe4e9044850fa76e164b8ad3f0f35c582c3d5c5be92a2795e49aabc3,1780391824765,1780391824791,1780391824795,1780391824874,26,4,79,109
150,58,bottleneck_150_58_1780391824879_720342,success,,b451cf53def7894a59a585eda272e55637f10d32eb492447c7385b0a4e9eb0df,1780391824879,1780391824897,1780391824902,1780391824927,18,5,25,48
150,53,bottleneck_150_53_1780391824846_692779,success,,c2618be647cfaf4a0408427aa7d4f54e1e76c944cb8e1c1804a5d1fa25157eb0,1780391824846,1780391824853,1780391824861,1780391824927,7,8,66,81
150,54,bottleneck_150_54_1780391824852_313398,success,,0f177bfb34f61d8ae8d94c1a6695831f34b5a39b89372739102fc9ac7c0c1b97,1780391824852,1780391824867,1780391824868,1780391824927,15,1,59,75
150,56,bottleneck_150_56_1780391824865_77455,success,,727e4c3c49783c577fd3f2eec29de88b15c7b234d04bf4effa3127afd737cc63,1780391824865,1780391824890,1780391824895,1780391824927,25,5,32,62
150,57,bottleneck_150_57_1780391824872_235275,success,,358582b0e13272fc44c0fdfffc9077d7572f0064f5e4de12f14f57b94047a7a8,1780391824872,1780391824891,1780391824896,1780391824927,19,5,31,55
150,55,bottleneck_150_55_1780391824859_185554,success,,fe9b6ec740237efd6cb5dc702b16405a1431e5fb383e13d3623db7fb3d46a2a7,1780391824859,1780391824892,1780391824898,1780391824927,33,6,29,68
150,59,bottleneck_150_59_1780391824885_346187,success,,956951c81dc44e04b9203bd5ba79d62b3076e581a2ad2413211a5f6566baf151,1780391824885,1780391824894,1780391824901,1780391824927,9,7,26,42
150,51,bottleneck_150_51_1780391824832_302745,success,,215749c4141109f9551d253f69573c3bd324045557d2262e6166d0ee50c540d6,1780391824832,1780391824842,1780391824845,1780391824927,10,3,82,95
150,50,bottleneck_150_50_1780391824825_963392,success,,f5151b01a197c7385cc478691fb3c03fe3dd72f0f0c546c2f29961d3c1a6818c,1780391824825,1780391824832,1780391824834,1780391824927,7,2,93,102
150,52,bottleneck_150_52_1780391824839_784263,success,,768bdca40269350280ab97c5aeeeec32c350ddd24c9dcf3fec09efb3cae78025,1780391824839,1780391824847,1780391824849,1780391824927,8,2,78,88
150,69,bottleneck_150_69_1780391824951_128120,success,,b0dfd2e4f208afd4ee5e9d0916293ed1c7d51b94e7a3dd6c3497a259ae35c42e,1780391824951,1780391824958,1780391824961,1780391824990,7,3,29,39
150,61,bottleneck_150_61_1780391824899_434825,success,,52670a8353ab74230c39b145ddf056f334bae34fbcb0c385a7df09ef1714a27e,1780391824899,1780391824908,1780391824914,1780391824990,9,6,76,91
150,60,bottleneck_150_60_1780391824893_150635,success,,81144ea8feb4497970e3888177f027276568c8eaff416302ff26f2c14a97e960,1780391824893,1780391824900,1780391824903,1780391824990,7,3,87,97
150,66,bottleneck_150_66_1780391824932_318620,success,,3b1852d522afaf08e9b6e0df1ca5c8c2522fdb1696b90f13c0529121712b400a,1780391824932,1780391824941,1780391824946,1780391824990,9,5,44,58
150,62,bottleneck_150_62_1780391824905_166895,success,,a13c99242728f0f21438cba4c65dc533749d331f1972a22d3a18e098b4a4a333,1780391824905,1780391824916,1780391824922,1780391824990,11,6,68,85
150,65,bottleneck_150_65_1780391824926_755728,success,,875fc30ea4dc6d4c786e4ae02e0d216e849c6d00b8ea2accbfc28a160c29288b,1780391824926,1780391824936,1780391824942,1780391824990,10,6,48,64
150,64,bottleneck_150_64_1780391824920_776560,success,,b4ea1e809113bc85537ef1f5ef4471f6dc8fbb6124a92ea96840883ce8d7eca3,1780391824920,1780391824938,1780391824943,1780391824990,18,5,47,70
150,67,bottleneck_150_67_1780391824939_490838,success,,1b7fa42050284f485771a34d0563ed1b2f65b08470eac50bdd76107ea0877804,1780391824939,1780391824947,1780391824949,1780391824990,8,2,41,51
150,63,bottleneck_150_63_1780391824912_182594,success,,f3d6ce8362c4dfe4c5df1a62162a6bace3e250fc1da973ec005c9a3a3aa9cc25,1780391824912,1780391824940,1780391824944,1780391824990,28,4,46,78
150,68,bottleneck_150_68_1780391824945_735740,success,,b44c05480c8aae158736fefd36b886bad1379b5b441847ad9804a275ed22536c,1780391824945,1780391824951,1780391824952,1780391824990,6,1,38,45
150,79,bottleneck_150_79_1780391825020_851764,success,,d711c998222e85f02174972d289ef5c043d36c3496fcd0a7f53c04a97daedaf7,1780391825020,1780391825029,1780391825033,1780391825051,9,4,18,31
150,72,bottleneck_150_72_1780391824972_971399,success,,16536ea8f74b3ef09497209293f4b2393f69e715f1eb1f936650733d93f46785,1780391824972,1780391824996,1780391825000,1780391825051,24,4,51,79
150,73,bottleneck_150_73_1780391824979_72400,success,,7f4f4b2e1d8f7b11ce1109533a1c795d0b0779b8c7299dd78b404eb6f966df6d,1780391824979,1780391824997,1780391825001,1780391825051,18,4,50,72
150,70,bottleneck_150_70_1780391824959_530914,success,,c878f536ec460639d3c223f05c5c0bebe43f30a5cb629447c77ed6d490dd7e83,1780391824959,1780391824969,1780391824974,1780391825051,10,5,77,92
150,75,bottleneck_150_75_1780391824992_934347,success,,b961728b3283d11715c0f875b9c67409f0a935b7a45027815698965899fed35b,1780391824992,1780391825000,1780391825004,1780391825051,8,4,47,59
150,71,bottleneck_150_71_1780391824965_461750,success,,ba507bdd4b309f07f60ba137c27e4d3fe4f425367921a08690a22ee0d77f6085,1780391824965,1780391824977,1780391824980,1780391825051,12,3,71,86
150,76,bottleneck_150_76_1780391824999_761513,success,,05c65e01e3e2b78a37afc5f6c06c08f85e516f934c04130a7b65f02c2bedd04d,1780391824999,1780391825006,1780391825008,1780391825051,7,2,43,52
150,77,bottleneck_150_77_1780391825005_297669,success,,4334455e27d50cab1512d19d58f36230f156eddd51c1b6c9d4b41222a0436677,1780391825005,1780391825011,1780391825013,1780391825051,6,2,38,46
150,78,bottleneck_150_78_1780391825012_159253,success,,08bd65443daded51b0957b165c55dc2b4b37b646b60cb66bdea11350e1071698,1780391825012,1780391825019,1780391825026,1780391825051,7,7,25,39
150,74,bottleneck_150_74_1780391824985_622807,success,,dd19eb7e482b43fa57e0f421c4462f4257e2db8ed346ced2e54ad5a9e480ca81,1780391824985,1780391824995,1780391824998,1780391825052,10,3,54,67
150,89,bottleneck_150_89_1780391825085_331803,success,,36bfcc2e4d43822409cb0293d268e067778cece53cf2b88ee8a19860f8d63739,1780391825085,1780391825093,1780391825097,1780391825126,8,4,29,41
150,80,bottleneck_150_80_1780391825025_170474,success,,5b5c89c0b37bc177c10bf38b71b021dcfe4e1a4b773e4f50040be1d188a30813,1780391825025,1780391825031,1780391825033,1780391825126,6,2,93,101
150,83,bottleneck_150_83_1780391825045_286983,success,,1ade43a96d4c78bbdc74f1584bc49799582ca17fc215f51994a1561d8d26a5d2,1780391825045,1780391825062,1780391825064,1780391825126,17,2,62,81
150,81,bottleneck_150_81_1780391825032_641569,success,,78659d75ecbf84f96e82cc4b2dabcd40b9464174e1f262dcabf324c70899a674,1780391825032,1780391825041,1780391825044,1780391825126,9,3,82,94
150,82,bottleneck_150_82_1780391825039_671003,success,,3affb4d81bfde653ee5cf74a415be4f9e32d14fea43fafe308607cff287fe788,1780391825039,1780391825049,1780391825053,1780391825126,10,4,73,87
150,84,bottleneck_150_84_1780391825052_255756,success,,f8d3c8490798ef5de09f071f26db17443dea91067192129c53a4dd67ffe88f3a,1780391825052,1780391825061,1780391825063,1780391825126,9,2,63,74
150,86,bottleneck_150_86_1780391825065_32694,success,,02648e408c30841b85956861692b80986a8b018237480cc29fe9d22b28266590,1780391825065,1780391825071,1780391825075,1780391825126,6,4,51,61
150,85,bottleneck_150_85_1780391825059_371639,success,,1909338a97d0e1783d3f691eb3d5b49c8855dc3b3bc424439ca59c5066e574ab,1780391825059,1780391825066,1780391825068,1780391825126,7,2,58,67
150,87,bottleneck_150_87_1780391825073_715584,success,,0e853f83f387591068fbb03c9df28f1a740cf36f20f2a01e76e07fcfd29301da,1780391825073,1780391825081,1780391825083,1780391825126,8,2,43,53
150,88,bottleneck_150_88_1780391825079_206400,success,,aee28afcce34332ba184e961d9291962758f547b0306e06e669e9811d295453a,1780391825079,1780391825086,1780391825089,1780391825126,7,3,37,47
150,99,bottleneck_150_99_1780391825152_839689,success,,205703efeddfa2bdd7567cb9322ca85ca29174989aa2e7890c3a2859d75646f7,1780391825152,1780391825159,1780391825161,1780391825201,7,2,40,49
150,91,bottleneck_150_91_1780391825099_894292,success,,8707981de47c221ed526ce4f6e345bef5214a3d3143ff4bbd247ce0eaa0a5b6c,1780391825099,1780391825115,1780391825121,1780391825201,16,6,80,102
150,95,bottleneck_150_95_1780391825126_33390,success,,86d7a3195864c3f53c199309bbe580b18881352adb038dc694ec3c8529893227,1780391825126,1780391825139,1780391825144,1780391825201,13,5,57,75
150,93,bottleneck_150_93_1780391825112_423419,success,,39fd94b0ba4204a2a7d7eff2b80edb336fcfd94bd10454a82a042f7c93d689a8,1780391825112,1780391825127,1780391825133,1780391825201,15,6,68,89
150,92,bottleneck_150_92_1780391825105_913067,success,,3469c17efb779768a497ee217ce40bf7321a2b3a1e9d7bceed2d80a6995b38c6,1780391825105,1780391825128,1780391825135,1780391825201,23,7,66,96
150,94,bottleneck_150_94_1780391825119_313682,success,,101c9fa537306cea8bc8ba0400e91f0d2d396ca1544c82657cd9f5cf6e0e0e11,1780391825119,1780391825129,1780391825136,1780391825201,10,7,65,82
150,97,bottleneck_150_97_1780391825140_459371,success,,03aaf1496fa2c828621dd38f76a1f004cf2a33f9d41eba016264995736a74763,1780391825140,1780391825149,1780391825151,1780391825201,9,2,50,61
150,96,bottleneck_150_96_1780391825134_968233,success,,558ee7f46a8ae189d650e8db482dcfaab416681a9a2600e11a6d840a06d0159d,1780391825134,1780391825146,1780391825148,1780391825201,12,2,53,67
150,98,bottleneck_150_98_1780391825145_277885,success,,7f5a420a35afe160a32d2f5fcb5725e46cece8682b3d784557509f43f2e2b37e,1780391825145,1780391825153,1780391825156,1780391825201,8,3,45,56
150,90,bottleneck_150_90_1780391825092_135561,success,,f35f2087748ced52f73bb3d68082a8725b55be81dc257a3706bb2084a7aad8ba,1780391825092,1780391825101,1780391825107,1780391825201,9,6,94,109
150,109,bottleneck_150_109_1780391825220_227512,success,,02f6f4271cdc7d4df817af934ee9691d7252c1d095d709fbedc88e2e13765d90,1780391825220,1780391825226,1780391825229,1780391825260,6,3,31,40
150,100,bottleneck_150_100_1780391825160_507706,success,,b98f4ea4bdc966edabe656953dfb94a7160b522fd9dbcf5ba9261b4185fba970,1780391825160,1780391825184,1780391825187,1780391825260,24,3,73,100
150,101,bottleneck_150_101_1780391825165_857161,success,,962791ca44c2da9a567aa0840445d0c97cd561098de5771a54942a34e9a9f49c,1780391825165,1780391825186,1780391825189,1780391825260,21,3,71,95
150,102,bottleneck_150_102_1780391825172_281813,success,,611b3596fac95538df4840756e0ba05e85315e633b1aafcbfbdc04668495f8b6,1780391825172,1780391825187,1780391825191,1780391825260,15,4,69,88
150,105,bottleneck_150_105_1780391825192_294931,success,,78645eae456895e391e4112122881dd15ac3e16470faee73ce03621a99457e0d,1780391825192,1780391825207,1780391825210,1780391825260,15,3,50,68
150,103,bottleneck_150_103_1780391825180_997469,success,,309e9b506bb1292d91cab51cf4c580891184485847671cfc4088177e2b59e597,1780391825180,1780391825209,1780391825214,1780391825260,29,5,46,80
150,104,bottleneck_150_104_1780391825185_401155,success,,ce64bdcec5ade203d5ee82331101c405d8221af8a388597ab6b818f0af596cfe,1780391825185,1780391825208,1780391825215,1780391825260,23,7,45,75
150,106,bottleneck_150_106_1780391825200_720783,success,,46264344409f5bd164ec3dd222a27addf4a320ad10f64ea578293d1602cd557c,1780391825200,1780391825209,1780391825213,1780391825260,9,4,47,60
150,108,bottleneck_150_108_1780391825212_532294,success,,382c814efe02e269846ffa71d61089e65a386d212bc170a0e3f47783a5acbeae,1780391825212,1780391825217,1780391825219,1780391825260,5,2,41,48
150,107,bottleneck_150_107_1780391825205_816334,success,,4ac1c76aee4238c9faefab550a93dcbfa3621ff2a4ddc486589cf509fd295398,1780391825205,1780391825215,1780391825216,1780391825260,10,1,44,55
150,119,bottleneck_150_119_1780391825285_967520,success,,02d2ab07ce8f55c47b2fe02a515c0493c597a682215ee5f45b8303d248703665,1780391825285,1780391825290,1780391825292,1780391825318,5,2,26,33
150,112,bottleneck_150_112_1780391825240_59587,success,,e7865a12d027374be3f74fff826ee534fc06a9049a0b26a7165492508599ef36,1780391825240,1780391825254,1780391825257,1780391825318,14,3,61,78
150,113,bottleneck_150_113_1780391825245_54877,success,,05e1ce6c0b3ea90fdcbad220184991830f63dae7186a2a242c5c94119ee3503b,1780391825245,1780391825256,1780391825258,1780391825318,11,2,60,73
150,114,bottleneck_150_114_1780391825253_981121,success,,e0946e3a4f01887ef8afbc07f457386ef790b22a8e530eb42cf4c1a39367c0ca,1780391825253,1780391825263,1780391825266,1780391825319,10,3,53,66
150,115,bottleneck_150_115_1780391825259_299372,success,,25967b4fb470911121e296b9e19501cc12dbfa2b7ade0c91441abf1d9e3646bc,1780391825259,1780391825266,1780391825268,1780391825319,7,2,51,60
150,116,bottleneck_150_116_1780391825265_390577,success,,04cbc76a41e0d70305c6464a201d4544945b4dcb42dc4907dba7ec642ef86b22,1780391825265,1780391825270,1780391825271,1780391825319,5,1,48,54
150,117,bottleneck_150_117_1780391825272_492629,success,,32964d99eaf41c5309870600568d38d8ccb8fd277cbad6c900e83a9f2814b522,1780391825272,1780391825277,1780391825278,1780391825319,5,1,41,47
150,118,bottleneck_150_118_1780391825279_754520,success,,29d1fc040c51908615eb8ec60aaab74c49504a8b73bd10d23ffaf3c15a107c78,1780391825279,1780391825283,1780391825286,1780391825319,4,3,33,40
150,110,bottleneck_150_110_1780391825225_341117,success,,eb93cf35a483f9e2934485a1e1fc621ba44f1308631a9b16ea8a61069ef03526,1780391825225,1780391825234,1780391825239,1780391825319,9,5,80,94
150,111,bottleneck_150_111_1780391825232_756320,success,,ed0cac0e2113ffb7af1faa7b751016d50070fcbb611514bda0cbe5ec20a74d36,1780391825232,1780391825241,1780391825248,1780391825319,9,7,71,87
150,129,bottleneck_150_129_1780391825352_960520,success,,6abcad893c616d958984b48595450a758f595018d4eb5096e8a0034b013d2bc6,1780391825352,1780391825357,1780391825360,1780391825380,5,3,20,28
150,123,bottleneck_150_123_1780391825312_810805,success,,520ee646bb2476d61889e0c5881df3f1211bf21fb4c83213b1b1a5e3e745f2ff,1780391825312,1780391825323,1780391825327,1780391825380,11,4,53,68
150,122,bottleneck_150_122_1780391825307_795701,success,,aec85f9bcdcd990c147d04371aba38a5b9e518abf9e63c39201173293f503443,1780391825307,1780391825324,1780391825328,1780391825380,17,4,52,73
150,124,bottleneck_150_124_1780391825319_659959,success,,0de88c7babd4a60dcb2dfa62304c37cb9972982957a84d4d56bbb9430531454e,1780391825319,1780391825326,1780391825329,1780391825380,7,3,51,61
150,125,bottleneck_150_125_1780391825325_96370,success,,4d7d9066bd7c54bc86a19c16cb66bbd98f7a401041b81a2141d307e5faf94f3a,1780391825325,1780391825330,1780391825331,1780391825380,5,1,49,55
150,126,bottleneck_150_126_1780391825332_719668,success,,1cbfc8eff3010a009eeefb19484298d96aa5536d0d092b9baecf1245777b1a9d,1780391825332,1780391825336,1780391825338,1780391825380,4,2,42,48
150,127,bottleneck_150_127_1780391825339_85312,success,,e51f8d40852c6dd18bb34581681c74d55c8b734fd91e888c49d97b4d72c90605,1780391825339,1780391825343,1780391825345,1780391825380,4,2,35,41
150,128,bottleneck_150_128_1780391825345_694003,success,,02c5161a22e3c1707d48cf5881df448c5274beeb472b3877c3207a3fbd932d42,1780391825345,1780391825349,1780391825351,1780391825380,4,2,29,35
150,120,bottleneck_150_120_1780391825293_466832,success,,db1f8852b4f858b3b03a58a5f629f81d1d1382fbd6b497bf084542cdb2aed0e8,1780391825293,1780391825305,1780391825311,1780391825380,12,6,69,87
150,121,bottleneck_150_121_1780391825298_947114,success,,e902439cb1af5960ad9ec195e0cdb2bab77e115fd0f2ae2ec3c7ce09f7194a5f,1780391825298,1780391825318,1780391825320,1780391825380,20,2,60,82
150,132,bottleneck_150_132_1780391825371_460145,success,,99980b0f025fc0468bca9394474325a9057e5b76e8157e97b194e821d352d488,1780391825371,1780391825386,1780391825391,1780391825455,15,5,64,84
150,139,bottleneck_150_139_1780391825419_610298,success,,77dead7a8150d94e6320dfa6ab684b45336245b9122a794355d759ca49899f95,1780391825419,1780391825427,1780391825430,1780391825455,8,3,25,36
150,134,bottleneck_150_134_1780391825385_367356,success,,22cbb842e9c45b3b157e62bd9a7a075a309f9e03caefe87579e49b323d6801f7,1780391825385,1780391825392,1780391825394,1780391825455,7,2,61,70
150,137,bottleneck_150_137_1780391825405_188784,success,,c39b4e8c03d3442fa69e4b2943d92e15b507ba30b68668ebd90b659a6d39dc1a,1780391825405,1780391825409,1780391825411,1780391825455,4,2,44,50
150,138,bottleneck_150_138_1780391825412_946706,success,,7376371267b2594244d7916c510ef3f3c7b0d23b1559270fd54d90488580d037,1780391825412,1780391825417,1780391825420,1780391825455,5,3,35,43
150,131,bottleneck_150_131_1780391825365_393508,success,,3ed575f67dd4fe64876f82179e0e719e8e5d4d6de3ae7bce7e3d02d818c0d383,1780391825365,1780391825382,1780391825384,1780391825455,17,2,71,90
150,130,bottleneck_150_130_1780391825359_209199,success,,545d06dececad007122707d891f3de3cebf88bc32b96c84ad9d001246f09c4d7,1780391825359,1780391825364,1780391825368,1780391825455,5,4,87,96
150,135,bottleneck_150_135_1780391825392_341478,success,,e6f78e9b7aa6dbad658ea56f1b546957891635e6d04e9e048cd351af1a055253,1780391825392,1780391825397,1780391825398,1780391825455,5,1,57,63
150,136,bottleneck_150_136_1780391825399_726684,success,,df2f7ee0c409355be380dc496fa9fba90b6412e8b387b246ede8c3a32f5ee27f,1780391825399,1780391825404,1780391825406,1780391825455,5,2,49,56
150,133,bottleneck_150_133_1780391825379_144163,success,,34e0fc78dcbc24222dc1d0612db93bfb9d2aae3881912070422bb7b734465be8,1780391825379,1780391825387,1780391825390,1780391825455,8,3,65,76
150,149,bottleneck_150_149_1780391825485_608344,success,,37e55b4a4f889c7ac19b41b808d0fbc0997f41f35c393f23e8b89440fc41958f,1780391825485,1780391825491,1780391825493,1780391825511,6,2,18,26
150,143,bottleneck_150_143_1780391825446_652809,success,,fef1b0ff27a20ae75e16aba781d2d175823f2db075a56c4e9010fe40348e236b,1780391825446,1780391825460,1780391825462,1780391825511,14,2,49,65
150,144,bottleneck_150_144_1780391825452_292621,success,,7ec1a007eb849c11affd0257d7995536f4b5310145a4d74076b8ff50d62e6e90,1780391825452,1780391825461,1780391825464,1780391825511,9,3,47,59
150,145,bottleneck_150_145_1780391825459_164856,success,,0202d0e8f8faaa9c2b6a9011358c4063c4281444f2743e452d5dd692f9a2370b,1780391825459,1780391825466,1780391825471,1780391825511,7,5,40,52
150,140,bottleneck_150_140_1780391825426_522223,success,,631f73da32b43d274fb65c11e7d92e07a3cc6efdf59f2654dfd42267958b16a0,1780391825426,1780391825436,1780391825444,1780391825511,10,8,67,85
150,141,bottleneck_150_141_1780391825432_881040,success,,ed474b7d4c23d13baab9525efd135446e5db5986cbb68c360d0b5d5bc35e211f,1780391825432,1780391825445,1780391825447,1780391825511,13,2,64,79
150,142,bottleneck_150_142_1780391825439_696273,success,,2721a4409720de69eb8e7c329262432c1dd8568c4055bdd4f1a3ca09fe339e31,1780391825439,1780391825454,1780391825456,1780391825511,15,2,55,72
150,146,bottleneck_150_146_1780391825465_407353,success,,91eca807b2c24300bbea3ba4a93740b20933c2a6712c57b7169c23aa30e29b00,1780391825465,1780391825473,1780391825475,1780391825511,8,2,36,46
150,147,bottleneck_150_147_1780391825472_703449,success,,1e1ae8f2ad30474831b06c8a188fe6532fa4cb174658e858d1a455c8b49f5eca,1780391825472,1780391825478,1780391825480,1780391825511,6,2,31,39
150,148,bottleneck_150_148_1780391825479_486561,success,,bad24b3faa8e1ebb3c07754d67899c809d24bcf2ed6add93c7de30298062c926,1780391825479,1780391825484,1780391825486,1780391825511,5,2,25,32
150,159,bottleneck_150_159_1780391825553_372228,success,,32ad92b024c1cf47c8431c6f68267f96d3e32c4161c8f202e3d450ba0c869085,1780391825553,1780391825559,1780391825561,1780391825590,6,2,29,37
150,154,bottleneck_150_154_1780391825519_861286,success,,5cc14fd27960d96447fc7a6addb07742fd87ea72eeb111fbc13df9575ba80b18,1780391825519,1780391825527,1780391825532,1780391825590,8,5,58,71
150,155,bottleneck_150_155_1780391825525_59762,success,,63abd8c75435f11cb3cdea2a562121dc0030b7c27b9601f53de25b796a6e4735,1780391825525,1780391825540,1780391825543,1780391825591,15,3,48,66
150,153,bottleneck_150_153_1780391825512_7019,success,,1fdd158760bd9163891a89418831cf26b7d7ed6b4cef84d4ffbfee34c89e67f9,1780391825512,1780391825516,1780391825518,1780391825591,4,2,73,79
150,156,bottleneck_150_156_1780391825534_298348,success,,609469868c6037626be292a7e4b4eff57a43818ecec25d6e6e6d8179ef010524,1780391825534,1780391825542,1780391825547,1780391825591,8,5,44,57
150,157,bottleneck_150_157_1780391825539_419744,success,,b24ba49919868fe305a748b43c20e46fa4aeea0f8efeec0f93f4574b4e4ee297,1780391825539,1780391825547,1780391825550,1780391825591,8,3,41,52
150,158,bottleneck_150_158_1780391825545_186762,success,,950e910397d3f239a5167d333d4b74cc706981beb2ac8f55dceb0c282b2d62b0,1780391825545,1780391825552,1780391825554,1780391825591,7,2,37,46
150,151,bottleneck_150_151_1780391825499_646602,success,,8147a5e06f9533b402dc781eca1c9cb9543310a6f324682f9f2caa540f1b045b,1780391825499,1780391825509,1780391825512,1780391825591,10,3,79,92
150,150,bottleneck_150_150_1780391825492_901595,success,,b385f4e00e3f29cfc9a5f6b2b432066aef3f79ba82b750208577f2f6e57de7eb,1780391825492,1780391825497,1780391825500,1780391825591,5,3,91,99
150,152,bottleneck_150_152_1780391825505_496386,success,,0e000b6f98de52b637220f424fcbf17a05da24d765f54946b759607f5944c527,1780391825505,1780391825515,1780391825517,1780391825591,10,2,74,86
150,169,bottleneck_150_169_1780391825619_551270,success,,59c157fef9392eae09c3ee5ecac739482f45e171d6404e671359222993024a16,1780391825619,1780391825625,1780391825627,1780391825649,6,2,22,30
150,163,bottleneck_150_163_1780391825579_467174,success,,d9b3afb7041d8d4855387cd67019d2005a17ce0795834500181b6f6d6528026c,1780391825579,1780391825596,1780391825598,1780391825649,17,2,51,70
150,166,bottleneck_150_166_1780391825599_836875,success,,d7fb112bb36311ab97c79d08059d748dddadf59e0792192e353475f98db2c177,1780391825599,1780391825605,1780391825607,1780391825650,6,2,43,51
150,162,bottleneck_150_162_1780391825573_955701,success,,d0b69d15df953fd20a7e84510b4ae225b6e7d56e0a46e6a2a4322d1a9dee2be5,1780391825573,1780391825592,1780391825594,1780391825650,19,2,56,77
150,165,bottleneck_150_165_1780391825593_12477,success,,c13747f90b64afaefd0d174210eac7ed7f79c32fe64cd6e29b19a2a3de66233e,1780391825593,1780391825598,1780391825600,1780391825650,5,2,50,57
150,164,bottleneck_150_164_1780391825585_966135,success,,bf43a28a2968b924d8391b63a23f2a3d5f4627b75a7c626516d62deac077ec64,1780391825585,1780391825595,1780391825597,1780391825650,10,2,53,65
150,167,bottleneck_150_167_1780391825605_762230,success,,16cc13b9bde01edbcb67e834d598e24b1d2215ece320f633ee8fb93c832b9997,1780391825605,1780391825611,1780391825613,1780391825650,6,2,37,45
150,160,bottleneck_150_160_1780391825560_127261,success,,7613820df38fb01700f29342496fd245491a8e41919a0dfa24bdfb42ca874c6f,1780391825560,1780391825568,1780391825570,1780391825650,8,2,80,90
150,168,bottleneck_150_168_1780391825612_209530,success,,2dfdf9cf18b9459526bc5415c94a7b8cecf8075f7f019593fa907e008cc800b2,1780391825612,1780391825617,1780391825620,1780391825650,5,3,30,38
150,161,bottleneck_150_161_1780391825565_926006,success,,1c315b00dde4689a3b66a896caf9be9b5a49113bcf91a1eeeb7428b1f3a764d7,1780391825565,1780391825578,1780391825582,1780391825650,13,4,68,85
150,170,bottleneck_150_170_1780391825626_796850,success,,e9953732542bf2efa016e8f737133e99d5b7f6640053a50f7e03c28e25c482be,1780391825626,1780391825630,1780391825633,1780391825718,4,3,85,92
150,171,bottleneck_150_171_1780391825632_820285,success,,dfa0f34ed621b83144e87d507e8a2c70b1d68ba669bc5a1e644dfc921a1605bc,1780391825632,1780391825641,1780391825643,1780391825718,9,2,75,86
150,179,bottleneck_150_179_1780391825685_823662,success,,79257488ba0a27af9916bd8a1f21bcd8de90644dee25dcc664468618db35cdb9,1780391825685,1780391825690,1780391825693,1780391825718,5,3,25,33
150,173,bottleneck_150_173_1780391825645_745609,success,,d03a7a0643eeeafbe11550875066c22b30c89ed65c9721e914a037fff401a62d,1780391825645,1780391825654,1780391825657,1780391825718,9,3,61,73
150,172,bottleneck_150_172_1780391825639_893011,success,,79b4a402dcb510a6e8b64f2eabe9874c61935c058128110d173d9b288cb0ccb9,1780391825639,1780391825655,1780391825658,1780391825718,16,3,60,79
150,174,bottleneck_150_174_1780391825652_30406,success,,3c2cf790d8864c3fb9b6cd9b3ddf83cd9be4dd753711274433ee0dd8ac58b31c,1780391825652,1780391825660,1780391825662,1780391825718,8,2,56,66
150,175,bottleneck_150_175_1780391825659_69946,success,,3750288525914eeada59b9c0124b2028e76b72ccd4273e9fbd6f65712cd5357d,1780391825659,1780391825664,1780391825666,1780391825718,5,2,52,59
150,176,bottleneck_150_176_1780391825665_214433,success,,b5b5707d83406fa27650865490209debcc6b6e65ab06507c9051d4b513988940,1780391825665,1780391825670,1780391825672,1780391825718,5,2,46,53
150,177,bottleneck_150_177_1780391825672_251647,success,,1ca02557a27ac43ea89e8bda69f175b20e76923c53d63fa3495a03aa210c139d,1780391825672,1780391825677,1780391825680,1780391825718,5,3,38,46
150,178,bottleneck_150_178_1780391825679_401169,success,,3c6a1e4bf665666614f80ff60bb26ec9783dba10d2c38c792b58f744647a1ab4,1780391825679,1780391825684,1780391825686,1780391825718,5,2,32,39
150,189,bottleneck_150_189_1780391825753_66002,success,,620f0fbde95a6a05872180eae7ccad60efb1c45d74d1c2b0cfaf0036b2913d85,1780391825753,1780391825759,1780391825762,1780391825783,6,3,21,30
150,180,bottleneck_150_180_1780391825692_871686,success,,722b26fb92c0b201fb0276a04187845efe97c2fba5bca09c6f3d412350aced2f,1780391825692,1780391825698,1780391825703,1780391825783,6,5,80,91
150,181,bottleneck_150_181_1780391825700_71057,success,,6cd8265efbf1014d34b6f1ba3faccd188d1836cf3e2f64095fa2240da291f6f7,1780391825700,1780391825719,1780391825722,1780391825784,19,3,62,84
150,183,bottleneck_150_183_1780391825713_562620,success,,6a99d0b28cd3d421f53a20987f08b8b77d35c49a15bce09395bc357088952acc,1780391825713,1780391825723,1780391825726,1780391825785,10,3,59,72
150,182,bottleneck_150_182_1780391825706_5812,success,,cdad70e71e9c766a9628df1cfa457c352563af412bd910efc860fd2c411f6a15,1780391825706,1780391825724,1780391825727,1780391825785,18,3,58,79
150,184,bottleneck_150_184_1780391825720_258097,success,,1e9b9220289ed476f3002345e678e8b3740eae6dc121cd04183fdda2a1bc9b9b,1780391825720,1780391825728,1780391825730,1780391825785,8,2,55,65
150,187,bottleneck_150_187_1780391825739_260340,success,,fc3fd1118065138f957ee054a787eca9652038f5b692bcc13ecfc64bb44b534c,1780391825739,1780391825745,1780391825746,1780391825785,6,1,39,46
150,186,bottleneck_150_186_1780391825733_881595,success,,08791907ea104d1e60ea20c9d417c676aa8e5beeb0c8c56d156957f4cec7502b,1780391825733,1780391825738,1780391825741,1780391825785,5,3,44,52
150,185,bottleneck_150_185_1780391825725_673460,success,,3ec5d88d13c0edd803d820dd76bdaf1ce20419709cb097f7c7ef80c03a1c5a18,1780391825725,1780391825730,1780391825732,1780391825786,5,2,54,61
150,188,bottleneck_150_188_1780391825745_466205,success,,2a4ad72fa34c640d194650319cf81b5c6d920e71b4a0addca4919757b867a9cf,1780391825745,1780391825754,1780391825757,1780391825786,9,3,29,41
150,199,bottleneck_150_199_1780391825820_721331,success,,4365f85f583e4bbfa677b46ecc54aa2553fa19634898de4c9ba88c6e5dae141d,1780391825820,1780391825824,1780391825826,1780391825847,4,2,21,27
150,190,bottleneck_150_190_1780391825760_579929,success,,7ee8528f9315d33c92b98750756a4b62466cd202944b602baafdd1e1a409f044,1780391825760,1780391825766,1780391825769,1780391825847,6,3,78,87
150,194,bottleneck_150_194_1780391825785_289054,success,,f66ff8aa4c4fd977a17610e7484f641f4680b9350181fbbffb3d4fa27117eb7e,1780391825785,1780391825790,1780391825792,1780391825847,5,2,55,62
150,191,bottleneck_150_191_1780391825765_948328,success,,eb647278916fa4306229c2e9a053a4c91cf7dd7badbf8a34e643e15f775cffd3,1780391825765,1780391825771,1780391825777,1780391825847,6,6,70,82
150,193,bottleneck_150_193_1780391825779_563201,success,,124dcb2c26483ef0b1186d84187860e0dbfd6d06e1d8e27326767477c3991bd0,1780391825779,1780391825787,1780391825789,1780391825847,8,2,58,68
150,196,bottleneck_150_196_1780391825799_4313,success,,e8578929edfa6ebf0772e2bca5c67029dca83cf478dcd4dfe57eca32988ef804,1780391825799,1780391825804,1780391825806,1780391825847,5,2,41,48
150,192,bottleneck_150_192_1780391825772_51064,success,,ecbc612d15a0f3b0c61a31ffc7c5be313fa00765d69f47e5b0ba2ca0ad946594,1780391825772,1780391825784,1780391825786,1780391825847,12,2,61,75
150,195,bottleneck_150_195_1780391825792_567400,success,,545ec9215ca977e9c3f07f6ad316b05a9d9c98a98686b00c6ced0c55ed81c39c,1780391825792,1780391825797,1780391825798,1780391825847,5,1,49,55
150,197,bottleneck_150_197_1780391825805_515228,success,,9f304b9c15d4d0021c7a164dcde7f9a6ec90bff5720cf66e95e77bcf56143e29,1780391825805,1780391825809,1780391825811,1780391825847,4,2,36,42
150,198,bottleneck_150_198_1780391825812_507003,success,,16ef9d24be893b1c5e29b73ee36e616f10f4fb6d33f1790f1a0698b2aa80ad93,1780391825812,1780391825816,1780391825817,1780391825847,4,1,30,35
150,209,bottleneck_150_209_1780391825885_505114,success,,5e42b3fd87753bda931a2521276eeee45dec228a317d7e18620ec2775e836ace,1780391825885,1780391825890,1780391825892,1780391825910,5,2,18,25
150,202,bottleneck_150_202_1780391825839_480680,success,,e73dcd7a61f5cb7099b358a5e72fdbf4925360e636935dd98bad513eb28fadcc,1780391825839,1780391825851,1780391825853,1780391825910,12,2,57,71
150,203,bottleneck_150_203_1780391825845_244504,success,,7f959aa9339df277ef538b16a3f35bbfc5a968bfabde4883fb62cc71f9e97852,1780391825845,1780391825853,1780391825855,1780391825910,8,2,55,65
150,204,bottleneck_150_204_1780391825852_680178,success,,fa034f602b516b547198ae087d97a7f1fe4699d1f3df8e653a64fd05d7d167b8,1780391825852,1780391825857,1780391825859,1780391825910,5,2,51,58
150,205,bottleneck_150_205_1780391825860_495788,success,,dca3ccc88246ee4a8c45e51fd2c890ecc6778e455b7e849112e9f9eb7b2272b4,1780391825860,1780391825863,1780391825865,1780391825910,3,2,45,50
150,206,bottleneck_150_206_1780391825865_837421,success,,15b985cc3b431e6dd32807c728fdf5bbcc4272cf14568205074df8e0a69d60b7,1780391825865,1780391825869,1780391825871,1780391825910,4,2,39,45
150,207,bottleneck_150_207_1780391825872_579056,success,,d920f2dd54ff04c614c06c27e41010b8b6b4525e653996ae95354ece46610771,1780391825872,1780391825876,1780391825878,1780391825910,4,2,32,38
150,208,bottleneck_150_208_1780391825878_916605,success,,1d8e0d2cb0c74b4a0f5d92184dfde19dc83e2dee6356b045b10a7625d5d05e12,1780391825878,1780391825883,1780391825885,1780391825910,5,2,25,32
150,200,bottleneck_150_200_1780391825825_141634,success,,62633d70d60418726a65d5532e067f3006dc278f2c0311c1c7f34182c2626694,1780391825825,1780391825830,1780391825831,1780391825911,5,1,80,86
150,201,bottleneck_150_201_1780391825832_134816,success,,af19e80cb73cfd77f7042f8d4b476b14465fb5e56590183e91eb59a0b6cb4623,1780391825832,1780391825841,1780391825842,1780391825911,9,1,69,79
150,219,bottleneck_150_219_1780391825952_623970,success,,c2cf8f04ac674c20d8a667c32209de0d6f22ec64b3bc2943ba4bbfd67ac43e9e,1780391825952,1780391825956,1780391825958,1780391825973,4,2,15,21
150,214,bottleneck_150_214_1780391825919_508589,success,,1693892bf90f27a46dadd3905897bf16722c5c3c64719d63a28af92acca317e8,1780391825919,1780391825927,1780391825929,1780391825973,8,2,44,54
150,215,bottleneck_150_215_1780391825925_984530,success,,5bc5506e926f7c82b5a1dbc161c2db5aaf2194f66bfb87133ce0e2cfe0858c9e,1780391825925,1780391825930,1780391825932,1780391825973,5,2,41,48
150,210,bottleneck_150_210_1780391825892_204013,success,,4541641d58d1b1d1ceae455d615e47462d3c8ffbc7c10e19b2dc9043dfd7cc90,1780391825892,1780391825904,1780391825907,1780391825973,12,3,66,81
150,216,bottleneck_150_216_1780391825932_162443,success,,0b3d004d37c6a1efdaae9cc9260cbade9ce2b3c45799b1ee7ca44e20fd519519,1780391825932,1780391825937,1780391825939,1780391825973,5,2,34,41
150,212,bottleneck_150_212_1780391825905_234037,success,,ea0ee55915083e2cb256e2c2207a657875d716b2033a822220c95b7106918666,1780391825905,1780391825919,1780391825923,1780391825973,14,4,50,68
150,217,bottleneck_150_217_1780391825940_638104,success,,d6eec50ed8ddfc75b9fac982012c181db35ce2ff330e98b9bdd0bb82c4a1d7b4,1780391825940,1780391825944,1780391825946,1780391825973,4,2,27,33
150,211,bottleneck_150_211_1780391825899_641324,success,,b5343bc465dd9e9743cc3a31c20960d21b46369d51758afec8ee7a3c5be48fcf,1780391825899,1780391825922,1780391825926,1780391825973,23,4,47,74
150,213,bottleneck_150_213_1780391825912_164988,success,,464b571b4b53b9d1b7dee47068a2baaf64d447e35aca1481c4ca09345570289b,1780391825912,1780391825921,1780391825924,1780391825973,9,3,49,61
150,218,bottleneck_150_218_1780391825945_10041,success,,4fb09600610313aadb6d70644d624c91968ba75e27f6dade0b8bfe71d42c0361,1780391825945,1780391825949,1780391825951,1780391825973,4,2,22,28
150,229,bottleneck_150_229_1780391826019_189314,success,,34d238c4472a4fb8c6c093fe33bbf6de24208832f2c005112e7ba10edf8f13ee,1780391826019,1780391826023,1780391826025,1780391826042,4,2,17,23
150,220,bottleneck_150_220_1780391825959_321606,success,,1cd5f04c872d470a5d92331defe57ce5c25a0538050e8f6c070f794d711f6e3d,1780391825959,1780391825968,1780391825970,1780391826042,9,2,72,83
150,222,bottleneck_150_222_1780391825972_784282,success,,b8d4b5e9a3b539e3e89ae18682c51b585650a1d17a666b2abd1cd293a97557b4,1780391825972,1780391825976,1780391825978,1780391826042,4,2,64,70
150,221,bottleneck_150_221_1780391825965_960798,success,,672877d41979e773b21bce05be0c49cc8b2543f4c802c113863c34f6308393b4,1780391825965,1780391825977,1780391825980,1780391826042,12,3,62,77
150,223,bottleneck_150_223_1780391825979_975228,success,,1bd98c935e3f831bf5780d8c43384905d55824b4da005b0fb2147d210b0b801f,1780391825979,1780391825983,1780391825985,1780391826042,4,2,57,63
150,224,bottleneck_150_224_1780391825985_872307,success,,2c956dc50202fc0032ae9025c4c8f1eb8925bd2a2eebef7505c4fadfe9442ed9,1780391825985,1780391825990,1780391825992,1780391826042,5,2,50,57
150,225,bottleneck_150_225_1780391825992_690072,success,,2159b0a88376d813fc0645adb9c1778fa0d18dd441aa2b66e05263f023c1cb72,1780391825992,1780391825996,1780391825997,1780391826042,4,1,45,50
150,226,bottleneck_150_226_1780391825999_850487,success,,60aff2eaa37a88cb9dc45aa41acb0ae097f1d818ab3c206190a48112f0a2d48d,1780391825999,1780391826003,1780391826006,1780391826042,4,3,36,43
150,227,bottleneck_150_227_1780391826005_772096,success,,eb99bcfcbe26010f9893d07c768ca28682271d7eb2107d25540c77ede3cacd39,1780391826005,1780391826009,1780391826011,1780391826042,4,2,31,37
150,228,bottleneck_150_228_1780391826012_68562,success,,24ca91d0b98ae72aa96ce1c163d0eeecbd5e6ab2b3d5cd54ded613954b813e88,1780391826012,1780391826016,1780391826018,1780391826042,4,2,24,30
150,239,bottleneck_150_239_1780391826086_68999,success,,c3215df67e654c0667ac4bc3f94d9f5f65871eeddba296d72be165d34a00027c,1780391826086,1780391826091,1780391826093,1780391826108,5,2,15,22
150,230,bottleneck_150_230_1780391826025_890028,success,,40cc490410788c9c51cff98cc437a1f7437e6dd7c9240b55ff3e991a7b60f1d4,1780391826025,1780391826029,1780391826031,1780391826108,4,2,77,83
150,232,bottleneck_150_232_1780391826040_509290,success,,7a110a9625f4d739f1a9355babf376e73182d113a9a7aaad63d7a7362159538d,1780391826040,1780391826045,1780391826048,1780391826108,5,3,60,68
150,231,bottleneck_150_231_1780391826033_263242,success,,e173343be5786b73cb235f343f4d28ccb472e76dd6c8323695c07757871caa5f,1780391826033,1780391826046,1780391826049,1780391826108,13,3,59,75
150,233,bottleneck_150_233_1780391826047_189445,success,,25dd56f36138111b55d0b8e0176957b9cc99efe41347007b7150129e76bb5d24,1780391826047,1780391826051,1780391826054,1780391826108,4,3,54,61
150,234,bottleneck_150_234_1780391826052_4025,success,,e6b2af3ab31b98ec24f629c43a2be0ee8c954f25aa53f7a2e5c526b228a4fa48,1780391826052,1780391826057,1780391826059,1780391826108,5,2,49,56
150,235,bottleneck_150_235_1780391826059_366497,success,,ce405dc847dbfffe6627117d2df0bb2b2046054829756143f0769389f5d08874,1780391826059,1780391826064,1780391826066,1780391826108,5,2,42,49
150,236,bottleneck_150_236_1780391826065_445187,success,,61d654583b9000a0dd3bac9fd5a3f7d6e522b8b313d25f1d67c7870d78bfd198,1780391826065,1780391826069,1780391826071,1780391826108,4,2,37,43
150,237,bottleneck_150_237_1780391826072_181163,success,,c175c6266de4030692513375746b53401be771dbddd8bfe7fb65477bc674e128,1780391826072,1780391826077,1780391826078,1780391826108,5,1,30,36
150,238,bottleneck_150_238_1780391826079_401286,success,,a6f10efdd691c0d03af00e2e7a551bb15a6abdc4ca0db8a5d6d7a99b6957ec9d,1780391826079,1780391826083,1780391826085,1780391826108,4,2,23,29
150,249,bottleneck_150_249_1780391826153_681588,success,,7dcb5d80cfbad82c962e06bd046e5b6459dee829af8018c13598b0c2dd8a07b0,1780391826153,1780391826157,1780391826160,1780391826173,4,3,13,20
150,240,bottleneck_150_240_1780391826092_848784,success,,22148770a1b3f491d4406350e064fd11be494d45242bc96f18c8e0ed09d1445f,1780391826092,1780391826096,1780391826101,1780391826173,4,5,72,81
150,241,bottleneck_150_241_1780391826099_499910,success,,e36d334d7768df3fb6264302ee3cfb8d8a7bc5428bc6460b635776704f00ac47,1780391826099,1780391826109,1780391826111,1780391826173,10,2,62,74
150,245,bottleneck_150_245_1780391826125_405620,success,,8faf3510afd9d3d2d9d73051d92d9b5f8cb43e5fe868789b8bb60ab5575f809b,1780391826125,1780391826129,1780391826131,1780391826173,4,2,42,48
150,242,bottleneck_150_242_1780391826105_712255,success,,03e9f89f0de746fcae26fbeec1a6b7d2e9d170474ef81bcaa1400b04c0f178da,1780391826105,1780391826112,1780391826113,1780391826173,7,1,60,68
150,243,bottleneck_150_243_1780391826112_580888,success,,96abf157ac81c55ab287ba59e34e263a3cdee97118965a848b762508a1aff66d,1780391826112,1780391826116,1780391826119,1780391826173,4,3,54,61
150,244,bottleneck_150_244_1780391826119_59289,success,,5365ab974da384fbbc77a8263290303c7cf39a2d864573e73d5d0a8e2bb29420,1780391826119,1780391826124,1780391826126,1780391826173,5,2,47,54
150,247,bottleneck_150_247_1780391826139_546882,success,,edd246d05c25c710096d395d4894953cb762e2e9ca8e4f3d798c9d536e05ffb8,1780391826139,1780391826143,1780391826145,1780391826173,4,2,28,34
150,246,bottleneck_150_246_1780391826132_615585,success,,0b8c87b880b878e7f6b1d05c598d1d811992c2e1fd2bb0ba0af2c0d19780e1d6,1780391826132,1780391826136,1780391826138,1780391826173,4,2,35,41
150,248,bottleneck_150_248_1780391826145_569549,success,,e8e6cf22b15c993d93ab41db9a5fcb9c2ea25c90fda921b6021cd5bf23de7af5,1780391826145,1780391826150,1780391826152,1780391826173,5,2,21,28
150,259,bottleneck_150_259_1780391826219_116131,success,,2e005c07533a085e4c4853ef3ee7bafc90557d3e2dd381c1dcace97453f33492,1780391826219,1780391826224,1780391826226,1780391826243,5,2,17,24
150,250,bottleneck_150_250_1780391826159_809045,success,,b7ce26d85aaf99ccfe343efdd1236375fcc64e2e94436768d50630beee9a79f9,1780391826159,1780391826163,1780391826165,1780391826243,4,2,78,84
150,251,bottleneck_150_251_1780391826165_304952,success,,40e8d4c511fffdf329195745e35321ca9ab16214452df00e813f12743cd8d810,1780391826165,1780391826175,1780391826178,1780391826243,10,3,65,78
150,252,bottleneck_150_252_1780391826172_786901,success,,d88e746a20e0480ef57de1a8b64e7dd951433f2d2d63a660d46db749102b4d24,1780391826172,1780391826177,1780391826179,1780391826243,5,2,64,71
150,253,bottleneck_150_253_1780391826179_404632,success,,1a991dbbcba45b621752713233e15a51f65781a79275545f7594300a7eb60c2a,1780391826179,1780391826182,1780391826184,1780391826243,3,2,59,64
150,257,bottleneck_150_257_1780391826205_682038,success,,3fe9ee6204a7c987b24deabb5fa441c82be1eff8127171789b7a7176b595951f,1780391826205,1780391826209,1780391826211,1780391826243,4,2,32,38
150,258,bottleneck_150_258_1780391826212_231521,success,,d6892662d376bbf67b1922d9599af22a0e5b7a714fde332a4497ff33eead8946,1780391826212,1780391826216,1780391826217,1780391826243,4,1,26,31
150,255,bottleneck_150_255_1780391826192_698575,success,,db4212e78690f6a3d8f92e3f19875c436256751d11c49d81fe6cb7181a3a6984,1780391826192,1780391826196,1780391826198,1780391826243,4,2,45,51
150,256,bottleneck_150_256_1780391826199_596738,success,,5e28642e751e03ed8b9a6ed478601011d2f7ad50b49824d231af1a05081c8f26,1780391826199,1780391826203,1780391826206,1780391826243,4,3,37,44
150,254,bottleneck_150_254_1780391826185_962102,success,,dfaa1fec8e257a7723a95b178dc7ec844b42d9dc78481d2eaaab6a1e467eed4c,1780391826185,1780391826190,1780391826191,1780391826243,5,1,52,58
150,269,bottleneck_150_269_1780391826285_553561,success,,7f0d4f1ebf95fe5feaa14698febefbe7326c3dcdebee758b8d7d7f64a4b4933f,1780391826285,1780391826291,1780391826293,1780391826314,6,2,21,29
150,264,bottleneck_150_264_1780391826253_392741,success,,a0c55c2c223f38e1658d6738e48c39d0529b939fd7dd6ddf6e241901eaf26dc1,1780391826253,1780391826258,1780391826260,1780391826314,5,2,54,61
150,263,bottleneck_150_263_1780391826245_760646,success,,da0c57aa24462a6eb30535e4c9ddf75b98c0c0b855c223ce2d5022cfdb37b462,1780391826245,1780391826250,1780391826252,1780391826314,5,2,62,69
150,260,bottleneck_150_260_1780391826225_775087,success,,c286e6473763b07f6c27830a0ca7fc09bf19985fc71eafa05812eb81d5e6cc81,1780391826225,1780391826231,1780391826235,1780391826314,6,4,79,89
150,265,bottleneck_150_265_1780391826259_492891,success,,e02bec483ec58e04aef10ed0c794906e470a345204d4efe51442a739e8036b88,1780391826259,1780391826263,1780391826265,1780391826314,4,2,49,55
150,266,bottleneck_150_266_1780391826265_60935,success,,38941ad411a93cf3bfae9498ab82eeef9c80cbd7b8c52f72089eb67e7aa8968a,1780391826265,1780391826269,1780391826271,1780391826314,4,2,43,49
150,261,bottleneck_150_261_1780391826231_179995,success,,81769f49ebc908804439ed91c780e9dc8fe2e2a8687ca3cbecbf1a3547813f43,1780391826231,1780391826244,1780391826247,1780391826314,13,3,67,83
150,267,bottleneck_150_267_1780391826272_83696,success,,0f398918628d2bc481374027ae901be840e7a8903818c98f183e8cb8006434a5,1780391826272,1780391826276,1780391826278,1780391826314,4,2,36,42
150,262,bottleneck_150_262_1780391826240_940094,success,,b7ccd3ae3e8ee8b236afdd1b25b79ff38478289baca4779009412a2484864acb,1780391826240,1780391826246,1780391826248,1780391826314,6,2,66,74
150,268,bottleneck_150_268_1780391826278_643462,success,,f314326ade7b12e21847b3cb37d224d0a739ccfdc3f41b5bd2c98742514e06b3,1780391826278,1780391826283,1780391826285,1780391826314,5,2,29,36
150,279,bottleneck_150_279_1780391826352_791524,success,,710151d0bd884e10ba0a356e308a3152b3ce89c7ac455f4b38ea269a2accb549,1780391826352,1780391826356,1780391826360,1780391826376,4,4,16,24
150,270,bottleneck_150_270_1780391826292_493508,success,,c815adffe6f3415a666c3c6bcecfd717ffd93ac08c68889cf18c31e306692b12,1780391826292,1780391826297,1780391826301,1780391826376,5,4,75,84
150,274,bottleneck_150_274_1780391826320_298674,success,,4dd79b8cbac795272317a6871503bd064ea1cbfa859520be6595f284f5d61c02,1780391826320,1780391826325,1780391826326,1780391826376,5,1,50,56
150,271,bottleneck_150_271_1780391826299_906325,success,,3b37bbe3ac2baa79ea6b9b837a366b4e2fae5314f753b3eff78ff6b8997170b6,1780391826299,1780391826315,1780391826319,1780391826376,16,4,57,77
150,273,bottleneck_150_273_1780391826312_645670,success,,0970df78cc193a8a6e8ec6b3e695a9a8e690bf6e17eac5f19821edd80190248b,1780391826312,1780391826318,1780391826321,1780391826376,6,3,55,64
150,272,bottleneck_150_272_1780391826305_826396,success,,ff6d37a9b480fbb938cd8c79603de405ba6d3e9e999615f789cecf277b15b318,1780391826305,1780391826317,1780391826320,1780391826376,12,3,56,71
150,276,bottleneck_150_276_1780391826332_52027,success,,549c12e8892e8821d499a50e89791e8120bc2f56b2409bbe7dbd8b15d6fb9bd2,1780391826332,1780391826336,1780391826340,1780391826376,4,4,36,44
150,278,bottleneck_150_278_1780391826345_203552,success,,6bbaa54056b47ef1cb14f4cd03a21386326893739b83d6e8f6758797cc01ee3f,1780391826345,1780391826349,1780391826351,1780391826376,4,2,25,31
150,277,bottleneck_150_277_1780391826339_964298,success,,031e62fe8f3b7da556272c41c0168667b8e5d0dda6697ab970867762f2de87d2,1780391826339,1780391826343,1780391826344,1780391826376,4,1,32,37
150,275,bottleneck_150_275_1780391826325_110684,success,,aa4406f301fe5e594474eb96ee5e7a55a960c51364eb5f347963e76543a701f8,1780391826325,1780391826329,1780391826331,1780391826376,4,2,45,51
150,289,bottleneck_150_289_1780391826421_811533,success,,ec7e35e1e20e38e0557b341e3b97497fa5bdf833d07d4dfb760cc57f8a7fa167,1780391826421,1780391826425,1780391826427,1780391826445,4,2,18,24
150,280,bottleneck_150_280_1780391826359_828707,success,,dc2c26c69736cc4a4ecaec690b66522feb5f3614e80800c67018ca4436c78a89,1780391826359,1780391826367,1780391826369,1780391826445,8,2,76,86
150,282,bottleneck_150_282_1780391826372_679075,success,,0e7bd8519cb681094ec87e8697a72f62c1a4b775c9c88bfc1ad00ce6833024fa,1780391826372,1780391826377,1780391826380,1780391826445,5,3,65,73
150,281,bottleneck_150_281_1780391826366_280642,success,,e50cacbc3d4e5785384ca853fbd911ed552960be9255723f572698d1501cd5b8,1780391826366,1780391826378,1780391826381,1780391826445,12,3,64,79
150,283,bottleneck_150_283_1780391826379_311192,success,,703a2ec785404ace74bce72ec5060f9efd9a16291b75166bdf7d53935433a2cc,1780391826379,1780391826384,1780391826386,1780391826445,5,2,59,66
150,284,bottleneck_150_284_1780391826385_467891,success,,d77262d77e94666005ff31bca25e5263e21a367eebd57683ced3923d882633d2,1780391826385,1780391826389,1780391826391,1780391826445,4,2,54,60
150,285,bottleneck_150_285_1780391826392_633950,success,,e2a09f8679051500e037b59edc08fa4f9e868264cab2abbae365f03b8aca20d1,1780391826392,1780391826396,1780391826397,1780391826445,4,1,48,53
150,286,bottleneck_150_286_1780391826399_749993,success,,ac7e5d7d93257e9af0fdffa96d1147de41a066febb16f0e73883f1f84bd14cd5,1780391826399,1780391826403,1780391826406,1780391826445,4,3,39,46
150,287,bottleneck_150_287_1780391826405_425190,success,,8b039d51f6466bae8d29ba20b1e40889faac4edf6b4da25e2a66654e21a202ae,1780391826405,1780391826409,1780391826411,1780391826445,4,2,34,40
150,288,bottleneck_150_288_1780391826412_752529,success,,9b242b32f16498b89463c22962be7d1cdd8522335f266a229f2b9d16b000a6d0,1780391826412,1780391826417,1780391826420,1780391826445,5,3,25,33
150,299,bottleneck_150_299_1780391826486_796974,success,,e8422a057e55d50278efb5e668484e40811f967bfe2c611d65a79d31f06c9ec1,1780391826486,1780391826491,1780391826493,1780391826510,5,2,17,24
150,293,bottleneck_150_293_1780391826445_126398,success,,f678f1c73effac24d59d1bd2540aafa8eb557d1d863fb3d734431bbc9450e4c0,1780391826445,1780391826457,1780391826461,1780391826510,12,4,49,65
150,290,bottleneck_150_290_1780391826426_120704,success,,6817003736f92c151c6f5da01bef42f334e80a57fab7869ee4ddfe3c308b0fbb,1780391826426,1780391826430,1780391826433,1780391826510,4,3,77,84
150,294,bottleneck_150_294_1780391826452_68792,success,,03225a13bdcb1908174f958bf46ba24646044c9694c92e2bec119e7906482b67,1780391826452,1780391826461,1780391826464,1780391826510,9,3,46,58
150,296,bottleneck_150_296_1780391826465_51054,success,,a364a43fb971086c7648c0b8ce3d8ad07516bc77f7da778e74ea25e827d3889c,1780391826465,1780391826470,1780391826473,1780391826510,5,3,37,45
150,295,bottleneck_150_295_1780391826460_284307,success,,74e355f06cf348fd64ecfe901699cf737d405bbd850b5e6693c3d9706b27d3c0,1780391826460,1780391826465,1780391826467,1780391826510,5,2,43,50
150,297,bottleneck_150_297_1780391826472_781569,success,,11b876d506cfde38978f16118204cb2cf9584ff326e6a9d2fd02a9e8be8e49d4,1780391826472,1780391826476,1780391826478,1780391826510,4,2,32,38
150,292,bottleneck_150_292_1780391826439_727262,success,,536d38173f8bb1c3d1b02ee2f88e8b14b1d99622b8d5278f41a0c4db6933c7e5,1780391826439,1780391826459,1780391826463,1780391826510,20,4,47,71
150,298,bottleneck_150_298_1780391826479_301846,success,,654956f53ff4d79fc148c60576ef1bb9e75505209f02d78da1c04a1dec39558d,1780391826479,1780391826483,1780391826485,1780391826510,4,2,25,31
150,291,bottleneck_150_291_1780391826432_749881,success,,512395c05ed216b25881e35495dac73336dc98fe43a6db3a6e318d7b1b1be2b5,1780391826432,1780391826458,1780391826462,1780391826510,26,4,48,78
150,309,bottleneck_150_309_1780391826552_94007,success,,274820b4d4fe18152950fb34171740a4db5168571da2fbadafd523219addeb7b,1780391826552,1780391826558,1780391826560,1780391826582,6,2,22,30
150,300,bottleneck_150_300_1780391826492_884098,success,,a87a69a87ac1e0b0ca1074e39e2a6abbdcb1d0accd832b03b8934762d0516218,1780391826492,1780391826504,1780391826506,1780391826582,12,2,76,90
150,301,bottleneck_150_301_1780391826499_604427,success,,37160add827fe868fb488d2cce006ed697c8f08f57bc471ef6194ce492a8ab90,1780391826499,1780391826514,1780391826517,1780391826582,15,3,65,83
150,302,bottleneck_150_302_1780391826505_865576,success,,dc69ed8072f074cc25f9adeb5ed2c2ecce6470f76e2322b4882d7144b9f4a567,1780391826505,1780391826514,1780391826516,1780391826582,9,2,66,77
150,303,bottleneck_150_303_1780391826512_805429,success,,a8b6e2c1d7b7f9be52e6e919b81dacb3d15a30af235b5f603f2371e02abf43ab,1780391826512,1780391826518,1780391826520,1780391826582,6,2,62,70
150,304,bottleneck_150_304_1780391826519_44273,success,,979bce39bf69090869bcbea6e3a1dd1fb5eca064485d4ac89ee67a74fb890cdb,1780391826519,1780391826524,1780391826526,1780391826582,5,2,56,63
150,305,bottleneck_150_305_1780391826525_333927,success,,a844274c1ffeca339749771f598dde93905905aa0edae346730cfe52935947ef,1780391826525,1780391826530,1780391826532,1780391826582,5,2,50,57
150,306,bottleneck_150_306_1780391826532_712580,success,,9e7edf5d3bf01e8d65739d166cb7f6bd4b75d7c8fdac8375cef4ef66abbe25e5,1780391826532,1780391826537,1780391826539,1780391826582,5,2,43,50
150,307,bottleneck_150_307_1780391826540_313591,success,,5f6e0af59e4a9feaaf79eccd1ec0be2b3abde3bf31802d7cfcf87b66b2d4e081,1780391826540,1780391826546,1780391826549,1780391826582,6,3,33,42
150,308,bottleneck_150_308_1780391826545_193464,success,,7a3cb708df486cf9c1bdd7fb8b0886b6a4c87d1449d88373be0a0c3b8880dca1,1780391826545,1780391826551,1780391826554,1780391826582,6,3,28,37
150,319,bottleneck_150_319_1780391826619_222466,success,,525bb46e5de23f9609f016033249cd334cc9d5f738b7c9d3466215e5702c4722,1780391826619,1780391826625,1780391826629,1780391826650,6,4,21,31
150,313,bottleneck_150_313_1780391826580_514500,success,,d1770ee6efd6d3eea55a4831c0c099c18f284aece806bf046bc2144a966bb740,1780391826580,1780391826587,1780391826591,1780391826650,7,4,59,70
150,315,bottleneck_150_315_1780391826592_923595,success,,be28aa22223abc449e8e07fc30a551b3b5dffc97f11f304db3e44879fbb927d6,1780391826592,1780391826598,1780391826600,1780391826650,6,2,50,58
150,316,bottleneck_150_316_1780391826599_856857,success,,a80e430389faabfb8c6467d8d5aca0a9dd4124e70382e89c1f0f6dd2f8d88eed,1780391826599,1780391826604,1780391826606,1780391826650,5,2,44,51
150,317,bottleneck_150_317_1780391826605_212316,success,,740042a5754751aba56402ce093554f82a31636f41260635429c6a98cf7f1d1b,1780391826605,1780391826610,1780391826612,1780391826650,5,2,38,45
150,314,bottleneck_150_314_1780391826585_204797,success,,e06571fc8ab6a41c8dc5654505d8d62fd89eeab4973fd583e73e1f4b0aa30a95,1780391826585,1780391826593,1780391826595,1780391826650,8,2,55,65
150,312,bottleneck_150_312_1780391826573_303485,success,,2dd2cc30803ad20c48b3f906e069d55d87f76e19828924a651e3e13592bed1d1,1780391826573,1780391826586,1780391826590,1780391826650,13,4,60,77
150,318,bottleneck_150_318_1780391826613_454746,success,,187b2a6091493e06e2d075b7117bd6c7d94351b8ed681db3bbf7cdadaeba94e7,1780391826613,1780391826617,1780391826620,1780391826650,4,3,30,37
150,310,bottleneck_150_310_1780391826559_704678,success,,faeb1d259cc5d9a4bd8838479edfc5c034cfcb91bebac7a304e950b2d9fb2403,1780391826559,1780391826566,1780391826574,1780391826650,7,8,76,91
150,311,bottleneck_150_311_1780391826565_827912,success,,5e8f444eb503e11bbffcd519fe7d1c5857c10e9616b3bbf17b5d5970ce5e5e07,1780391826565,1780391826581,1780391826583,1780391826650,16,2,67,85
150,329,bottleneck_150_329_1780391826685_413241,success,,8cd84edbcb4db9a5b2adc1e9f2773af25de94e77c0cb7f1c78d9171c817f67f2,1780391826685,1780391826690,1780391826693,1780391826711,5,3,18,26
150,320,bottleneck_150_320_1780391826626_683500,success,,82f048e74ea62366422743d5a18f66dff525eb75d3c2b4ece2975b823aa04a39,1780391826626,1780391826633,1780391826636,1780391826711,7,3,75,85
150,321,bottleneck_150_321_1780391826632_724189,success,,a826d57f713fdd6458b1786bff38ec89b915108196f2328e218ae5dbc0fa39ac,1780391826632,1780391826640,1780391826644,1780391826711,8,4,67,79
150,322,bottleneck_150_322_1780391826639_992436,success,,60a7b217db4be3201b774ce35fdc05db0b1ad5ba278b3d4dbb653f1d73d54837,1780391826639,1780391826654,1780391826656,1780391826711,15,2,55,72
150,325,bottleneck_150_325_1780391826659_415007,success,,03bcbc11cd58b4d2a5a633ffa5a0dbfe482d4525a5ad710d7f8352254d697d56,1780391826659,1780391826663,1780391826664,1780391826711,4,1,47,52
150,323,bottleneck_150_323_1780391826645_760055,success,,f0f82dd060307de5f03724ffcb9586c6a5e2be992b066a2352762dac9ff46fbb,1780391826645,1780391826655,1780391826658,1780391826711,10,3,53,66
150,324,bottleneck_150_324_1780391826652_91728,success,,497a183a6c914e29ee91b607316472ed923a68f8f92d5794c7b13f361194d041,1780391826652,1780391826657,1780391826658,1780391826711,5,1,53,59
150,327,bottleneck_150_327_1780391826672_960975,success,,d33693e5836a072238cb69c08124de041410f56b0aa026dbbdae9551070c8c1f,1780391826672,1780391826677,1780391826678,1780391826711,5,1,33,39
150,326,bottleneck_150_326_1780391826665_790195,success,,62ddcf5598966e0d6fe8a3da6c44fe9c5650fa3db24b514f0ea57acb47e79a16,1780391826665,1780391826670,1780391826672,1780391826711,5,2,39,46
150,328,bottleneck_150_328_1780391826679_449051,success,,14fafe426d976994de025949e4b96e4e2c4512344fff01f178abbe1fc5177cf8,1780391826679,1780391826685,1780391826686,1780391826711,6,1,25,32
150,330,bottleneck_150_330_1780391826692_499281,success,,0ebacbcb75057a96207b9da8523d6742107809f4c466a1114f3370b6d4808d36,1780391826692,1780391826697,1780391826701,1780391826789,5,4,88,97
150,332,bottleneck_150_332_1780391826705_567956,success,,26862696e8ab5e4e86472b712d9867ca1a4e7ea0621a834d78ae34a2acf6574a,1780391826705,1780391826716,1780391826718,1780391826789,11,2,71,84
150,339,bottleneck_150_339_1780391826752_430665,success,,4c53c366e4891b9ae1a4e69296b47c32804171fa6d05f6c0e9e374a67ad5ea96,1780391826752,1780391826758,1780391826760,1780391826789,6,2,29,37
150,333,bottleneck_150_333_1780391826712_607611,success,,fb150a3dba9f9aee8240e582ee6459adec651b265382d3a6d0e7ae00cd061f27,1780391826712,1780391826716,1780391826720,1780391826789,4,4,69,77
150,334,bottleneck_150_334_1780391826719_92642,success,,6f21cbf1a1006fd0cbf6ddef291a3f4c2bd1d64d317b1fe1ccdab4b86a9f50f4,1780391826719,1780391826724,1780391826727,1780391826789,5,3,62,70
150,335,bottleneck_150_335_1780391826725_268551,success,,30b561c627b906e60ac6e53a4a1736e902f72f72599830aabd6f4a58a9537db5,1780391826725,1780391826730,1780391826731,1780391826789,5,1,58,64
150,336,bottleneck_150_336_1780391826732_653021,success,,bda9241042bbec0e7e617b92a1e32a9987d1196f6b23d146d2da65ce767c9d57,1780391826732,1780391826737,1780391826740,1780391826789,5,3,49,57
150,337,bottleneck_150_337_1780391826739_198414,success,,f037681d592c5550d6267d508898c981ec3fa0ecc7682068de13bf9f9b0343ab,1780391826739,1780391826744,1780391826746,1780391826789,5,2,43,50
150,338,bottleneck_150_338_1780391826745_112283,success,,af24c387ee79584d87dd2196ae15608d1e0d5bc2c3e39b9d1c78eaef147ba3f1,1780391826745,1780391826750,1780391826751,1780391826789,5,1,38,44
150,331,bottleneck_150_331_1780391826699_342091,success,,d1e30d6527f042ccdd8e96b6f27b467ebcd0c3f801ec84472fb29361d5bb2c98,1780391826699,1780391826715,1780391826717,1780391826789,16,2,72,90
150,349,bottleneck_150_349_1780391826820_278363,success,,5fa6dfbf59d5c1e55208f46e3718a9dce16ad54a24bd326aee09c8c12a5e7417,1780391826820,1780391826825,1780391826827,1780391826847,5,2,20,27
150,340,bottleneck_150_340_1780391826759_336462,success,,6ea9124394677239fcbb2c568b0742fc701a8299d290027fc8a6d4c842fad077,1780391826759,1780391826763,1780391826765,1780391826847,4,2,82,88
150,344,bottleneck_150_344_1780391826785_430385,success,,cb76e6df5fed476bac335c0f45a3e69a5a4b4dff579c2ecd82936d73777955be,1780391826785,1780391826792,1780391826793,1780391826847,7,1,54,62
150,341,bottleneck_150_341_1780391826765_242520,success,,02ca199a472ecaed1582758e5bd5cba3eebe06047b91ad944d6625e298bfaf12,1780391826765,1780391826769,1780391826774,1780391826847,4,5,73,82
150,342,bottleneck_150_342_1780391826773_302063,success,,b7955430a744e8c22653b411f64123da7cf34a3ceba04dde6c7bfda5a5e6dfaa,1780391826773,1780391826778,1780391826783,1780391826848,5,5,65,75
150,343,bottleneck_150_343_1780391826779_254678,success,,592cd43168aac7ad3abe558654f6e68ac0d64220174a10146d792bdcf9632c8a,1780391826779,1780391826788,1780391826790,1780391826848,9,2,58,69
150,346,bottleneck_150_346_1780391826799_334029,success,,fb89cb32ff92d921e5f244a50fcf46e371f8d4caaf0c8788e88bc7764567dbb8,1780391826799,1780391826804,1780391826806,1780391826848,5,2,42,49
150,345,bottleneck_150_345_1780391826792_354501,success,,0f73f8298cae81c839ac846b198c4a23d8e8d64175579a210abfb6746341f59c,1780391826792,1780391826796,1780391826798,1780391826848,4,2,50,56
150,347,bottleneck_150_347_1780391826805_756365,success,,f0232b0a782d210848efef20be96bafbffb7384ec6f06c809d786b611d3c8bc4,1780391826805,1780391826809,1780391826811,1780391826848,4,2,37,43
150,348,bottleneck_150_348_1780391826812_635431,success,,06379502290b3cb0c4664019907ddc43a9cb04095d18ff15c7fc3e46997a9a75,1780391826812,1780391826817,1780391826819,1780391826848,5,2,29,36
150,359,bottleneck_150_359_1780391826886_402012,success,,f1c0acfa59c865080dec7af14ae6a3c86a00ce1ed37c3573a05aa18d86c0f296,1780391826886,1780391826891,1780391826893,1780391826911,5,2,18,25
150,350,bottleneck_150_350_1780391826826_850711,success,,3cfe328236745d4db6926f4f4a9b7b890e9334e82245f4ebf65f24ae374a008d,1780391826826,1780391826830,1780391826832,1780391826911,4,2,79,85
150,357,bottleneck_150_357_1780391826873_418705,success,,acfde9d4a269680577d35d75e4c76185680d9f378d92044de235f9018fa761d4,1780391826873,1780391826878,1780391826880,1780391826911,5,2,31,38
150,358,bottleneck_150_358_1780391826879_342339,success,,9ef7eeec4d7230ad1bf796a76cfd0f84b2cf55ef63d35b32439a87cbe1748e2d,1780391826879,1780391826885,1780391826887,1780391826911,6,2,24,32
150,354,bottleneck_150_354_1780391826852_497420,success,,56adb4c3fcbe7785b974ce707222c9ad05b54b31cfb044d7531d07f51b285f13,1780391826852,1780391826857,1780391826859,1780391826911,5,2,52,59
150,351,bottleneck_150_351_1780391826832_192991,success,,75a5d867ffd49f3f6c28a774ecbb895250f08dee6969771545bec5ac536de7b3,1780391826832,1780391826839,1780391826841,1780391826911,7,2,70,79
150,353,bottleneck_150_353_1780391826846_248863,success,,6460dc8631d5a8059572b18e23564b8775211cb1cacec3ddb788dcbbe4e0820e,1780391826846,1780391826851,1780391826854,1780391826911,5,3,57,65
150,352,bottleneck_150_352_1780391826840_950004,success,,d1ab9ee97d5eab48a2f344abd282108df31fd58cb2ab0a5dd69982848150bcc2,1780391826840,1780391826852,1780391826855,1780391826911,12,3,56,71
150,356,bottleneck_150_356_1780391826865_815205,success,,656c209ba09b91689470c96baa26291e9c135a05a930b25a3b07b8790e6502bd,1780391826865,1780391826869,1780391826872,1780391826911,4,3,39,46
150,355,bottleneck_150_355_1780391826860_488267,success,,c790efc879047d17779c57b6679f506c0fc5f91fb2531a377fca31a46685f5d0,1780391826860,1780391826864,1780391826866,1780391826911,4,2,45,51
150,369,bottleneck_150_369_1780391826953_167202,success,,64a58f231c7b2ef17037a509fbdc6220d49afcd2e4b52294eb8ca1c26eb6e8a8,1780391826953,1780391826957,1780391826959,1780391826981,4,2,22,28
150,364,bottleneck_150_364_1780391826919_969596,success,,b2ebc3ae2fe2dcad46fd2581d3493724e8f1f30860276df21633a5115b81caf9,1780391826919,1780391826924,1780391826926,1780391826981,5,2,55,62
150,360,bottleneck_150_360_1780391826892_144942,success,,7b717f0323481965d2d24e081753f02b278a843cb62abfbbac9a2a6f0b7a0382,1780391826892,1780391826897,1780391826903,1780391826981,5,6,78,89
150,362,bottleneck_150_362_1780391826905_814929,success,,c20e34f989b86661e0a53f016fd734456f00838abefa657f362cdde48e0172ee,1780391826905,1780391826916,1780391826920,1780391826981,11,4,61,76
150,361,bottleneck_150_361_1780391826899_873510,success,,c952dfdc72f07dc059522848e930b6108cb0372066debb77eef2b7a8c27ba22a,1780391826899,1780391826917,1780391826921,1780391826981,18,4,60,82
150,363,bottleneck_150_363_1780391826912_347227,success,,a1aee44b5195d7350c56e7677bc321f1a8b297000b768e1d5bdaafb15107e405,1780391826912,1780391826918,1780391826922,1780391826981,6,4,59,69
150,366,bottleneck_150_366_1780391826932_676109,success,,e46b2cd1a8ca63377faf1863d638a49725b31c85525380756cc38c01963e2c12,1780391826932,1780391826936,1780391826939,1780391826981,4,3,42,49
150,365,bottleneck_150_365_1780391826925_652202,success,,534002f2f5578df873dd4423709059ca01ffffe7fcf839d4c15b5cfa03b653b1,1780391826925,1780391826929,1780391826931,1780391826981,4,2,50,56
150,367,bottleneck_150_367_1780391826939_5090,success,,b0695678dba4cd220df260e18503bf75c12f1e0e94d3b347392e2b9fa20debeb,1780391826939,1780391826944,1780391826946,1780391826981,5,2,35,42
150,368,bottleneck_150_368_1780391826945_5421,success,,b137c42a27c40488db1649dde6a2c6ebfc6c788705051ac3f043f1b06380cdfa,1780391826945,1780391826950,1780391826952,1780391826981,5,2,29,36
150,379,bottleneck_150_379_1780391827019_808462,success,,5dedb4d0490a142cbfd273190522858545cd913a85aaa71f2d9e8873108930dc,1780391827019,1780391827023,1780391827026,1780391827042,4,3,16,23
150,374,bottleneck_150_374_1780391826987_228474,success,,65f788b14ad6cebe35a0a99639cdc1a9507c14c433a7a099d04a892858d3ae23,1780391826987,1780391826991,1780391826993,1780391827042,4,2,49,55
150,370,bottleneck_150_370_1780391826960_165157,success,,9951d25883445cba5969ddf921b32c89697b31d37e5c5e7d2902ed69da6412e3,1780391826960,1780391826964,1780391826966,1780391827042,4,2,76,82
150,371,bottleneck_150_371_1780391826965_946170,success,,c5c9b1a6aab2c3067562170ffb529decabf1c581372475b5a67bbf0929f4ec2c,1780391826965,1780391826974,1780391826976,1780391827042,9,2,66,77
150,373,bottleneck_150_373_1780391826979_633794,success,,0c02f61a29cc40314611e83527244ccda02e367c40dd4c972a4de1eec3cf7d47,1780391826979,1780391826985,1780391826988,1780391827042,6,3,54,63
150,372,bottleneck_150_372_1780391826973_985981,success,,2c119241785400cf0b2405a084747dab39ba2d7e223d06f2402aa050557e9a63,1780391826973,1780391826986,1780391826988,1780391827042,13,2,54,69
150,376,bottleneck_150_376_1780391827000_603881,success,,b8b23a701715151f47c9f927096948ae778f0634fa091290fa677acd9068f3d4,1780391827000,1780391827005,1780391827008,1780391827042,5,3,34,42
150,375,bottleneck_150_375_1780391826992_127427,success,,0040c50e92e2afa8853ef2cc26165a983f76dc8240459a74b125b237bc52cc78,1780391826992,1780391826996,1780391826997,1780391827042,4,1,45,50
150,377,bottleneck_150_377_1780391827006_440039,success,,5eb8645f2ee40cdb85c66fcf1e39260066d8bf66138ecff9dc77efc0ba754537,1780391827006,1780391827011,1780391827013,1780391827042,5,2,29,36
150,378,bottleneck_150_378_1780391827012_834586,success,,0679b9ff3d84dcf9f0fe78b710d6fd6e94dd14bc9490d8bf49d4723609ceb5bd,1780391827012,1780391827016,1780391827017,1780391827042,4,1,25,30
150,389,bottleneck_150_389_1780391827085_603366,success,,496e2b3ebdce2d35d436b96cdc057909af1bd37ddbeaf9b6a2e85bda2bf83332,1780391827085,1780391827090,1780391827092,1780391827116,5,2,24,31
150,381,bottleneck_150_381_1780391827033_845234,success,,2898bb9b580a1b9dfe0aa774c10eac4a80ebb2720538c5e20fc402f7a30f045f,1780391827033,1780391827048,1780391827049,1780391827116,15,1,67,83
150,383,bottleneck_150_383_1780391827045_360256,success,,7d14227f6af034a3e68ad1a37bc2d0b8e68b477b590f029fbc290e91a2e14462,1780391827045,1780391827051,1780391827053,1780391827117,6,2,64,72
150,384,bottleneck_150_384_1780391827052_410988,success,,4c40585b5a7d66d9b7ea4059cb5700323ee894cf6c8034dc63164ade95f818fb,1780391827052,1780391827057,1780391827059,1780391827117,5,2,58,65
150,385,bottleneck_150_385_1780391827059_774879,success,,4df6e80b0741713b2839dffbd45dc95ba74c2ae2e4804c30f69c789146ea5616,1780391827059,1780391827063,1780391827065,1780391827117,4,2,52,58
150,386,bottleneck_150_386_1780391827065_406702,success,,1b4d5f0aface35e77e2601d472aed699350d50f66781cb9463ddbae37a896bf3,1780391827065,1780391827069,1780391827071,1780391827117,4,2,46,52
150,387,bottleneck_150_387_1780391827072_558304,success,,fb4bd9fd5fcd6227e76baf928b1fc8e6c31a559a3068f94996385c586f2b4e1c,1780391827072,1780391827078,1780391827080,1780391827117,6,2,37,45
150,388,bottleneck_150_388_1780391827079_5823,success,,acb296ba53d37e8dc075ed96caabf4059eda5a6ba1e8da2e328491d125c0c404,1780391827079,1780391827084,1780391827086,1780391827117,5,2,31,38
150,380,bottleneck_150_380_1780391827025_324097,success,,bea7b9d066910917c9fb019e78292a1a4a4dfc44ccd5e3051f37b656e0e1a85c,1780391827025,1780391827029,1780391827031,1780391827117,4,2,86,92
150,382,bottleneck_150_382_1780391827039_187172,success,,ceb6c6dad6bf275b2dffe3e431afdf4315689570ecdfecc17b79c1add0885e07,1780391827039,1780391827047,1780391827049,1780391827117,8,2,68,78
150,399,bottleneck_150_399_1780391827152_883701,success,,10bc104b96aae81a524eba7566884e50022722674b454ea8924e4f32ec30aacb,1780391827152,1780391827157,1780391827158,1780391827178,5,1,20,26
150,390,bottleneck_150_390_1780391827093_339192,success,,060a7abe869613c4571b63c440533cc7bf2637b8e29efca961084268f3e4c5ac,1780391827093,1780391827099,1780391827105,1780391827178,6,6,73,85
150,391,bottleneck_150_391_1780391827100_373154,success,,cbada8bbba239e58128aa53b67d260872bff73ce3dbda0997a485f414794285e,1780391827100,1780391827116,1780391827117,1780391827178,16,1,61,78
150,395,bottleneck_150_395_1780391827125_705128,success,,5db9497ea49c6858bbad47f39a9ea40d61c87924bdb4d1b066970c5e37b4e1e9,1780391827125,1780391827130,1780391827131,1780391827178,5,1,47,53
150,397,bottleneck_150_397_1780391827139_656348,success,,36b0ac16ef3789d5af8a2736e669ea5ac9499394e4078ce1a8fd72ed392af764,1780391827139,1780391827143,1780391827146,1780391827178,4,3,32,39
150,392,bottleneck_150_392_1780391827106_602424,success,,e8f5171630e45404015369790e02294de6d0285e3bd56a35c5fd32b368d6fc70,1780391827106,1780391827121,1780391827123,1780391827178,15,2,55,72
150,396,bottleneck_150_396_1780391827132_694008,success,,7ebddce11210eed79f762d396a3fd842720c0dfa9de583218cf87df744b98598,1780391827132,1780391827136,1780391827138,1780391827178,4,2,40,46
150,393,bottleneck_150_393_1780391827113_425507,success,,e486f833f462b5bc09e5daa2132df2c6ce5fa07c4fe212ff8bbf00de8a5c783c,1780391827113,1780391827122,1780391827124,1780391827178,9,2,54,65
150,398,bottleneck_150_398_1780391827145_186804,success,,4260fc109b030e0a7a6a2325c0bae17278bdcac84fa54ad274e2d511420839d2,1780391827145,1780391827150,1780391827151,1780391827178,5,1,27,33
150,394,bottleneck_150_394_1780391827119_631783,success,,14015de44956d06d66d3ab1b92918edc7302841059200aa5c39b53d95bf72eb3,1780391827119,1780391827127,1780391827129,1780391827179,8,2,50,60
150,409,bottleneck_150_409_1780391827219_409873,success,,8969065560dbddafdece049813251c5c78e501339741f1d52eab0921f188443d,1780391827219,1780391827225,1780391827227,1780391827249,6,2,22,30
150,404,bottleneck_150_404_1780391827187_40015,success,,c8a8764000c8563b4ff168a0399c18503976723a27e589988a548cb8ded8e349,1780391827187,1780391827192,1780391827194,1780391827249,5,2,55,62
150,400,bottleneck_150_400_1780391827159_133366,success,,89fce3d8cd42b88d9e2ce60eef692015dc03ea6b49737d278554c81ac7c9b78b,1780391827159,1780391827164,1780391827166,1780391827250,5,2,84,91
150,402,bottleneck_150_402_1780391827173_342359,success,,dac14117ff9009a82a2969edd0a30043ebd2532f81b41acd94d625a61ee1b9f6,1780391827173,1780391827185,1780391827188,1780391827250,12,3,62,77
150,403,bottleneck_150_403_1780391827179_140541,success,,2d94fbcc7669e5c097eeb85b8e4fe6f4627c26cb85776d25599ce4090d85f9d8,1780391827179,1780391827186,1780391827189,1780391827250,7,3,61,71
150,401,bottleneck_150_401_1780391827165_995429,success,,505d7b380a6439c7908f89e0d8fb81b569302e8efdb8b0bf95a44aa4482f9f98,1780391827165,1780391827186,1780391827190,1780391827250,21,4,60,85
150,406,bottleneck_150_406_1780391827199_267950,success,,9b2665f045d926128b6ebee2fd5f76448982d8cf2a991503ccd21683a9b702cd,1780391827199,1780391827203,1780391827206,1780391827250,4,3,44,51
150,405,bottleneck_150_405_1780391827193_387241,success,,c4222bf947426c2e296d313e3437349c4cfbcbabdd74636fa4d8700eb149dcaa,1780391827193,1780391827198,1780391827200,1780391827250,5,2,50,57
150,407,bottleneck_150_407_1780391827205_126482,success,,ca77708318d7d8e249f2f0985bfdee54ad3475b5fe90c127432dd0c581950339,1780391827205,1780391827210,1780391827212,1780391827250,5,2,38,45
150,408,bottleneck_150_408_1780391827213_634677,success,,9e184a936248cd23821c01a5f5ea1fcd54e79fbec9b72effac503c9588a7640b,1780391827213,1780391827218,1780391827220,1780391827250,5,2,30,37
150,419,bottleneck_150_419_1780391827285_572254,success,,10b69d1ec612e72469043a1d48723c951cfe94d081dda8966c2d7b54b759d732,1780391827285,1780391827290,1780391827293,1780391827318,5,3,25,33
150,410,bottleneck_150_410_1780391827226_954378,success,,488f9f837cb853328c418fa9907c3338bdb3baf216f4d5f92dd78a723322dc57,1780391827226,1780391827231,1780391827236,1780391827318,5,5,82,92
150,411,bottleneck_150_411_1780391827232_761418,success,,dc1f754c232be558f39f7780db182d28662faa694946f790eff80d36bccc1c38,1780391827232,1780391827251,1780391827256,1780391827318,19,5,62,86
150,413,bottleneck_150_413_1780391827246_865827,success,,5cb5c0dfc7f9aae92151c4ea324361a865137e65ec848114e55a28d52102fa85,1780391827246,1780391827253,1780391827257,1780391827318,7,4,61,72
150,412,bottleneck_150_412_1780391827240_124611,success,,8472d7ffeebd79e511b1a5821053ccb59892f92079d7fa62270dc0cac9d64dbe,1780391827240,1780391827255,1780391827258,1780391827318,15,3,60,78
150,414,bottleneck_150_414_1780391827252_983508,success,,e62d2e0ea8bf7ca583fdb242d7c9369eb46e04daf490a575a04b84c0a4100abb,1780391827252,1780391827259,1780391827262,1780391827318,7,3,56,66
150,415,bottleneck_150_415_1780391827260_350405,success,,65d39ea8a34ef179df08b21135018e5937d25b831dc769cb405ad18ae6ec34ad,1780391827260,1780391827265,1780391827267,1780391827318,5,2,51,58
150,416,bottleneck_150_416_1780391827266_919002,success,,e6e6a23341109a582805f5fc719a71d59f63d9c32157f8a64341f0d343ec9f76,1780391827266,1780391827274,1780391827276,1780391827318,8,2,42,52
150,417,bottleneck_150_417_1780391827273_44297,success,,4107c4d4c18a88a2b684716891ecd691795e373c7e131d92f9ff9e38811cf0b4,1780391827273,1780391827278,1780391827280,1780391827318,5,2,38,45
150,418,bottleneck_150_418_1780391827279_531145,success,,a4be6971c91ccd6c53442f36e92c2b7d944561e267927a259f53cfedfc29ecb0,1780391827279,1780391827286,1780391827289,1780391827318,7,3,29,39
150,422,bottleneck_150_422_1780391827305_642204,success,,238a95d94c44732a9ba7c477c0a6c60a4625b37bb686edf2f79d6738c4fed33a,1780391827305,1780391827321,1780391827325,1780391827375,16,4,50,70
150,420,bottleneck_150_420_1780391827292_930214,success,,8a49f61cbd451adcc6734281ace0b1abebdfc90574c992cdf5ebce252e6c215b,1780391827292,1780391827297,1780391827300,1780391827375,5,3,75,83
150,421,bottleneck_150_421_1780391827299_582184,success,,ba8b631d5e20cd659d27141fdaab38248838183d0d4351be53cefe0fd331bcbf,1780391827299,1780391827319,1780391827323,1780391827375,20,4,52,76
150,429,bottleneck_150_429_1780391827352_143998,success,,2f225211fc5d3bb24546d8d93e4a009f20bf5c0c4cad1b482e4c0971f84dd944,1780391827352,1780391827356,1780391827358,1780391827375,4,2,17,23
150,423,bottleneck_150_423_1780391827312_109837,success,,50518a392d2aea99b80cf8abc7b8c39a7929b238899cf471ee9f9f653c2633b2,1780391827312,1780391827322,1780391827326,1780391827375,10,4,49,63
150,426,bottleneck_150_426_1780391827333_459476,success,,1730ea17a6d26addc8d91597b3244a6e36c2650d470a967ebd0606ac2708f4f7,1780391827333,1780391827337,1780391827339,1780391827375,4,2,36,42
150,425,bottleneck_150_425_1780391827326_979367,success,,d11b070a3552050ab66a3d30350a5ba199aab909fe19c3f1d999427d0ef66275,1780391827326,1780391827330,1780391827332,1780391827376,4,2,44,50
150,427,bottleneck_150_427_1780391827340_710998,success,,e7d97866159e331bd3733a06139dd3524d2d4e509aa0af86a70749bed74386d8,1780391827340,1780391827344,1780391827346,1780391827376,4,2,30,36
150,428,bottleneck_150_428_1780391827345_620543,success,,cf108ad17beaa8e1d6e9ec9f87aa91a196bed7ecb2295dec9ecc2991e37ec3f5,1780391827345,1780391827351,1780391827352,1780391827376,6,1,24,31
150,424,bottleneck_150_424_1780391827320_768219,success,,4ceeff8ace22a9aae28950facf72eab6525be58bf637bdae22e2c9c4c1e0eefc,1780391827320,1780391827327,1780391827329,1780391827376,7,2,47,56
150,439,bottleneck_150_439_1780391827419_807727,success,,28ef58abf5168b6ae7fbfe491f5b2ad0bfd0cd997dc6b039f630010c7db4a80a,1780391827419,1780391827427,1780391827429,1780391827451,8,2,22,32
150,434,bottleneck_150_434_1780391827386_90462,success,,c760e976c9aed0335e6411499ad01eb5ad7e26b97c8dfdbb5b3b3da0307c085e,1780391827386,1780391827392,1780391827393,1780391827451,6,1,58,65
150,435,bottleneck_150_435_1780391827392_346307,success,,730e021a135efcc0f43abe8a64958b501b76abd5135e4be067e9a16df3189cb5,1780391827392,1780391827397,1780391827399,1780391827451,5,2,52,59
150,430,bottleneck_150_430_1780391827359_129976,success,,707ff047252e9e5dcc64db3688c452a0a7d51c899c0cca1fcc362855c269ee5c,1780391827359,1780391827365,1780391827367,1780391827451,6,2,84,92
150,436,bottleneck_150_436_1780391827399_814382,success,,ca95e3bf5aeaa179523aae9f20b207b81aea5153924514c8c57f588251c86b40,1780391827399,1780391827405,1780391827407,1780391827451,6,2,44,52
150,431,bottleneck_150_431_1780391827366_38163,success,,bf412f613bfc08343d2687a0a0fa42e7ef18ca2d49091411047158c1f48d3af2,1780391827366,1780391827379,1780391827382,1780391827451,13,3,69,85
150,437,bottleneck_150_437_1780391827406_454547,success,,ab7fbdab5de90d4ae5e6c3434ec0b9dee24efa1b90279111207fa3bd440c9c8a,1780391827406,1780391827411,1780391827412,1780391827451,5,1,39,45
150,432,bottleneck_150_432_1780391827373_945811,success,,42303be9fb4dbcc7679f65eb3cb038528c2ae5070a8cfb701107051a24fd7d8b,1780391827373,1780391827381,1780391827383,1780391827451,8,2,68,78
150,438,bottleneck_150_438_1780391827412_928875,success,,033489c66254225720b7a8d04d914f241f6f14ee0fa2f0d124e6f63953e13b6c,1780391827412,1780391827416,1780391827418,1780391827451,4,2,33,39
150,433,bottleneck_150_433_1780391827381_963911,success,,7bd135ee7ac739de20b3797f019daafb05d91eac94d6bebc472dece06962dac1,1780391827381,1780391827388,1780391827390,1780391827451,7,2,61,70
150,449,bottleneck_150_449_1780391827485_914856,success,,ff921a2b79ec92bb591b7cf575f7847ecb0cf6b3821bc16f97c6fb0e0a13c40b,1780391827485,1780391827490,1780391827492,1780391827514,5,2,22,29
150,440,bottleneck_150_440_1780391827425_488531,success,,b954b2e94344e8a27eac467a618e5844f81829823e5bd20dd43fff59e73bebb1,1780391827425,1780391827430,1780391827432,1780391827514,5,2,82,89
150,441,bottleneck_150_441_1780391827433_127155,success,,41fbe87648717e0f4b82dbbdcdbd4d20f10ff868eb784f2f1aa24eb146098f8e,1780391827433,1780391827443,1780391827446,1780391827514,10,3,68,81
150,446,bottleneck_150_446_1780391827465_195926,success,,2a8039499242362a150d66f3f9098e0db41dc615842903640fae25c5f46b4331,1780391827465,1780391827470,1780391827473,1780391827514,5,3,41,49
150,447,bottleneck_150_447_1780391827472_754785,success,,5a55a2dce8a931670154664af1c1e09413419207c75ce265e08d07a0ac0541f5,1780391827472,1780391827477,1780391827478,1780391827514,5,1,36,42
150,448,bottleneck_150_448_1780391827479_302852,success,,7433e43f5a71365385ae7b4824355ccfd9ef7ac1ff7c20557e29eb0d5240a216,1780391827479,1780391827483,1780391827486,1780391827514,4,3,28,35
150,444,bottleneck_150_444_1780391827452_255574,success,,8bea3fd13356c024664ff8f1aa13a53926e9f36fd02cd4abbf1e2b1aa30e2dd4,1780391827452,1780391827460,1780391827462,1780391827514,8,2,52,62
150,443,bottleneck_150_443_1780391827445_870436,success,,869bad60965c9eeb17265282efaaa27a10f80c755c64f9737a75c31d0ca7532a,1780391827445,1780391827458,1780391827461,1780391827514,13,3,53,69
150,445,bottleneck_150_445_1780391827459_94420,success,,fe33cea92be0bacf8e53f835d606ef7664071eeed7b76d062bcf149db75423f1,1780391827459,1780391827464,1780391827467,1780391827514,5,3,47,55
150,442,bottleneck_150_442_1780391827440_744025,success,,21ee3d1a636f251edaab1fc9189cc1c4192027769cb96d8249cb5f5ef9ae2129,1780391827440,1780391827461,1780391827463,1780391827514,21,2,51,74
150,459,bottleneck_150_459_1780391827552_274451,success,,8d23ac6e779efd8d8dab47313917f68a6c6bc37262ce588e9f9d046bbaf8ca37,1780391827552,1780391827559,1780391827563,1780391827602,7,4,39,50
150,450,bottleneck_150_450_1780391827492_742106,success,,6a93aad3f55b3266014ee953c1d915d649c9f34352f3c0e08419e10ce2991b90,1780391827492,1780391827500,1780391827505,1780391827602,8,5,97,110
150,451,bottleneck_150_451_1780391827499_360148,success,,475d9a3d05e2fb814f7f07dc8c6316beec655574ac9f5262bd28f1a347c5be53,1780391827499,1780391827509,1780391827512,1780391827602,10,3,90,103
150,455,bottleneck_150_455_1780391827525_470611,success,,c948ea690649d0e84513ed147f6ab7282e8449f525b7151cb3d26ebf6c0c2ba2,1780391827525,1780391827529,1780391827531,1780391827602,4,2,71,77
150,453,bottleneck_150_453_1780391827513_736436,success,,894436ff7236fe6c53fa14cc2a66bb4666c6e0f596f56bd27a8a35e06466906e,1780391827513,1780391827524,1780391827527,1780391827602,11,3,75,89
150,454,bottleneck_150_454_1780391827519_919720,success,,02581014d667995be2ce7886bfc4b389304b1302c1fbfb9e7cef6bc14ea0cb77,1780391827519,1780391827526,1780391827528,1780391827602,7,2,74,83
150,457,bottleneck_150_457_1780391827540_33523,success,,00add0631477dc96308280ccbc4df4987365ca234bb2f7dcb4261248b448f10a,1780391827540,1780391827545,1780391827547,1780391827602,5,2,55,62
150,456,bottleneck_150_456_1780391827532_816802,success,,a4507cc8b169230bc8ddd083ca57906b7dc7adc23ba2bd711e69d3d5a53fb19e,1780391827532,1780391827537,1780391827539,1780391827602,5,2,63,70
150,458,bottleneck_150_458_1780391827546_10671,success,,a82ea50bab7d41458f4934d0629b8449a8d2e996b322682c6b3a6f57fc7c4ea9,1780391827546,1780391827551,1780391827553,1780391827603,5,2,50,57
150,452,bottleneck_150_452_1780391827506_137022,success,,7f7b1ba4648157c112b7c0a1c562449952d3a1e93170c94248e8214995a1f6a0,1780391827506,1780391827523,1780391827526,1780391827608,17,3,82,102
150,469,bottleneck_150_469_1780391827619_984787,success,,a121164c24c3d33fc53ef2216a5d7e9b28f96b59888362256321b4393010fa5e,1780391827619,1780391827625,1780391827627,1780391827656,6,2,29,37
150,460,bottleneck_150_460_1780391827560_127228,success,,4bc9fbf0f37e0b0f99a65e98ddd7987ce750a737c8874571b126741374c8305f,1780391827560,1780391827570,1780391827587,1780391827656,10,17,69,96
150,466,bottleneck_150_466_1780391827599_193053,success,,af7d8c2b6b90d4f0aee267b91afa5aedabeed3176023b7cfb1460b4edb2cbcae,1780391827599,1780391827611,1780391827615,1780391827656,12,4,41,57
150,461,bottleneck_150_461_1780391827566_582895,success,,5132ce204a733509c5e297c69d7d30f50b6dde6bcfeec66b8f12b2a1e312e61f,1780391827566,1780391827588,1780391827591,1780391827656,22,3,65,90
150,463,bottleneck_150_463_1780391827579_56951,success,,b900cba3bb06cab0d091e045aa3e5fb6f26b05c72300fbccec190ae247480c6c,1780391827579,1780391827605,1780391827609,1780391827656,26,4,47,77
150,462,bottleneck_150_462_1780391827572_664934,success,,1b2e7f45dec7f54be60c2730f594eeb1f1c7dafdedc037f88eb9085781a92a05,1780391827572,1780391827606,1780391827609,1780391827656,34,3,47,84
150,464,bottleneck_150_464_1780391827586_424338,success,,77627481dc8390548fd8161b8a430192781f5f5d4f7fa39106b1a87a9336b904,1780391827586,1780391827613,1780391827617,1780391827656,27,4,39,70
150,465,bottleneck_150_465_1780391827592_332520,success,,c3aca941b2e5fbfb6644dda898a56840b7fe559a21d7c3a65db66c91c439f7ab,1780391827592,1780391827614,1780391827616,1780391827656,22,2,40,64
150,467,bottleneck_150_467_1780391827607_955035,success,,aea40fe2bcc95f91c2890df42366fcd13904e9013e4a6a5201e3520e1be12452,1780391827607,1780391827615,1780391827618,1780391827656,8,3,38,49
150,468,bottleneck_150_468_1780391827612_297262,success,,dd46fdc428f693ccb910ea311a995f8e78b707dec5fe09e1d42162aea7f450e6,1780391827612,1780391827619,1780391827622,1780391827656,7,3,34,44
150,479,bottleneck_150_479_1780391827685_714232,success,,903059ab6235020ecee68fd76d622a9b68900325de8113222c68987e22a7d91c,1780391827685,1780391827691,1780391827693,1780391827739,6,2,46,54
150,477,bottleneck_150_477_1780391827672_873755,success,,c1395633930ae250e8188f3055d9c84902682348affcb69566bb96bb1cfc7c49,1780391827672,1780391827676,1780391827679,1780391827739,4,3,60,67
150,478,bottleneck_150_478_1780391827679_102774,success,,f8b4cc909742d52a4385950a3cb28f0d00011bb0a895b37b318182911e1be67e,1780391827679,1780391827685,1780391827688,1780391827740,6,3,52,61
150,472,bottleneck_150_472_1780391827638_995865,success,,ccabce77c684a2ba00878ec577f94d72bb164ab2c2224407a9456105b38a4e94,1780391827638,1780391827650,1780391827652,1780391827740,12,2,88,102
150,476,bottleneck_150_476_1780391827665_546971,success,,65159ff2db550482e59af2dab671f42e94804ebf8d84202ab10a2a3922f12b10,1780391827665,1780391827669,1780391827671,1780391827740,4,2,69,75
150,474,bottleneck_150_474_1780391827652_16003,success,,55b04f9a680eae1bdfca86742933201af81704cd84039fc852761362d2f53f1f,1780391827652,1780391827659,1780391827662,1780391827740,7,3,78,88
150,473,bottleneck_150_473_1780391827646_628991,success,,7f57e2a23a16403abc63ce49e378496eff360f85e41dfea259a6a890ebc07dcd,1780391827646,1780391827660,1780391827662,1780391827740,14,2,78,94
150,470,bottleneck_150_470_1780391827626_194141,success,,f3f7207cf5980b8a5575458cca3c7fa81e05ca163d77537ec37502af3d2cea96,1780391827626,1780391827631,1780391827633,1780391827740,5,2,107,114
150,475,bottleneck_150_475_1780391827661_405423,success,,e4b764fe01a79dc650bbc15dc228a7ef938b3a3388a254b29c735ca0fa0f17e9,1780391827661,1780391827666,1780391827668,1780391827740,5,2,72,79
150,471,bottleneck_150_471_1780391827632_587267,success,,9dc77b3a655f9540e599fcc706a1b7dfcf814629ac52f94ad78ce57d9a051a67,1780391827632,1780391827640,1780391827645,1780391827740,8,5,95,108
150,486,bottleneck_150_486_1780391827732_262277,success,,0239a94bacc80690881b82db1a96e8e03f5eef9d3aac6551f888542a42ebbdbc,1780391827732,1780391827744,1780391827747,1780391827782,12,3,35,50
150,489,bottleneck_150_489_1780391827752_837918,success,,8edd4d21f4c45956dba38611436c5acaa22e663494fc9215e86c479a9838dc57,1780391827752,1780391827757,1780391827759,1780391827782,5,2,23,30
150,483,bottleneck_150_483_1780391827712_60464,success,,8689fa452192b8b1f0b550dc5a756190b5bc3d2c5125de1254256a7c970aae1e,1780391827712,1780391827720,1780391827729,1780391827782,8,9,53,70
150,485,bottleneck_150_485_1780391827725_200572,success,,fee95a9c02c2a1c965efe65ab73d7db870459e5138e38f612eeb24fc42d7a156,1780391827725,1780391827741,1780391827747,1780391827782,16,6,35,57
150,480,bottleneck_150_480_1780391827692_317437,success,,181265473a164a71eefaef58c0093dee150196b9034539143bfe49f29ae9aa66,1780391827692,1780391827696,1780391827698,1780391827782,4,2,84,90
150,482,bottleneck_150_482_1780391827705_234139,success,,cd4ba8bf3c26b1009081c41a1fb19c6c3e2ec20e3504291c5fc5baec652a0b59,1780391827705,1780391827711,1780391827717,1780391827782,6,6,65,77
150,484,bottleneck_150_484_1780391827719_562760,success,,4e87a2bdf142ad8c9cc2d018d909adf00bf6cbb9a8cf396c339d8e06730daeb5,1780391827719,1780391827730,1780391827733,1780391827782,11,3,49,63
150,487,bottleneck_150_487_1780391827739_846348,success,,044912b24f83b9e73b6abde1889775813afdcd37fdccdfc10147a04df2d86b6a,1780391827739,1780391827746,1780391827749,1780391827782,7,3,33,43
150,481,bottleneck_150_481_1780391827699_918199,success,,4e68b5da1d87011a6f8b20daa61a130f410607d31beba8ebaa26e7a08375e913,1780391827699,1780391827704,1780391827710,1780391827782,5,6,72,83
150,488,bottleneck_150_488_1780391827745_815666,success,,b33512dd62bca9b129b82bacb3d16862e465f13b2cca94630ce44cbb71b51d4c,1780391827745,1780391827751,1780391827752,1780391827782,6,1,30,37
150,494,bottleneck_150_494_1780391827787_540788,success,,bbf8d3dd17abb60a9c91e57ce8f5080cbebf9def9258825ce73fca5763e6b885,1780391827787,1780391827792,1780391827794,1780391827847,5,2,53,60
150,490,bottleneck_150_490_1780391827760_115953,success,,d324804d28711d5543d8514f0881833a2a499d296b67d560a3ea8950514a36e0,1780391827760,1780391827766,1780391827769,1780391827847,6,3,78,87
150,491,bottleneck_150_491_1780391827765_480908,success,,833a19f03177757ba8afc891af025c64d19adb003ab2d91609c788055a139c33,1780391827765,1780391827770,1780391827775,1780391827847,5,5,72,82
150,492,bottleneck_150_492_1780391827772_440308,success,,fe865668950857d90cf9b5ffbd7fb8872b85e87db88932547298652eedf4c346,1780391827772,1780391827785,1780391827788,1780391827847,13,3,59,75
150,493,bottleneck_150_493_1780391827780_926200,success,,0c20c3325b8cb9710cca2a43534f213d122cf9d4eff3c39937f5e8c6b882c2a1,1780391827780,1780391827786,1780391827789,1780391827847,6,3,58,67
150,496,bottleneck_150_496_1780391827799_408102,success,,4c0de06285634c22213890fe099f16291cabac77b5abbfd9700cd2136bf377a9,1780391827799,1780391827804,1780391827806,1780391827847,5,2,41,48
150,495,bottleneck_150_495_1780391827792_30349,success,,ebee7a95b2eb376ff2876fa4099b98c1770189f1073f6a652b08b8376adc1095,1780391827792,1780391827797,1780391827800,1780391827847,5,3,47,55
150,497,bottleneck_150_497_1780391827805_439553,success,,9faeefeccaa1a688e94bac99851980fab44891411a29206031a26e28ab684101,1780391827805,1780391827810,1780391827812,1780391827847,5,2,35,42
150,498,bottleneck_150_498_1780391827812_566649,success,,a0940c3b3322451be6babd43c2dff23074dd3dfec3df49d2bea744b43dfdfc76,1780391827812,1780391827816,1780391827818,1780391827847,4,2,29,35
150,499,bottleneck_150_499_1780391827819_902403,success,,185038c39700fc70346c3be959794cc554bb51ce23f75c4ae254071d8b45c150,1780391827819,1780391827824,1780391827826,1780391827847,5,2,21,28
150,504,bottleneck_150_504_1780391827852_636083,success,,9c83d30d61d31103120e39ac7c031293fcd0da5a26a8f2080965f0b80e67183e,1780391827852,1780391827857,1780391827859,1780391827920,5,2,61,68
150,505,bottleneck_150_505_1780391827859_43328,success,,91dbe4d4edf33baf00107a6f5a796ec6259ceba31f971d2ee76743d879a3dfe8,1780391827859,1780391827863,1780391827864,1780391827920,4,1,56,61
150,506,bottleneck_150_506_1780391827865_602290,success,,d66bb0c8d4d453c8d1e2da1675e97a8c8b30bcba860038629d2bb9817a9172ec,1780391827865,1780391827870,1780391827873,1780391827920,5,3,47,55
150,500,bottleneck_150_500_1780391827825_51,success,,5212d1123e0af79a12e1ac6f1df8046a484e7e9c79556e1bdd3a624a12e42215,1780391827825,1780391827832,1780391827834,1780391827920,7,2,86,95
150,507,bottleneck_150_507_1780391827872_21740,success,,51eff9295c909d7d69bbdb51a52800373e039121cdfabd08b5f133da3d646b95,1780391827872,1780391827876,1780391827878,1780391827920,4,2,42,48
150,501,bottleneck_150_501_1780391827833_691908,success,,fdf323dcbde46b1fe1b36fbde8ec2b39d82c40b19529a3f582673f9b56d09354,1780391827833,1780391827841,1780391827843,1780391827920,8,2,77,87
150,508,bottleneck_150_508_1780391827879_171863,success,,542989da8ddf031a8cf6903a0f1ede238007e1a5a6b8fe6ee30d1c38232876ce,1780391827879,1780391827883,1780391827885,1780391827920,4,2,35,41
150,502,bottleneck_150_502_1780391827839_856001,success,,398bb83607bb64a5b4e1aff25ff89ea022df86a53482403270dae3262c76268a,1780391827839,1780391827850,1780391827853,1780391827920,11,3,67,81
150,503,bottleneck_150_503_1780391827845_882420,success,,a2501105b999f3711eb84b76c90738b23deb2e405b16c372051b9eaa465feb6b,1780391827845,1780391827851,1780391827855,1780391827920,6,4,65,75
150,509,bottleneck_150_509_1780391827886_206187,success,,54cdce125265fd9db2f9564bed2021a6c7d706b14f6d840880c056b64d4c07f1,1780391827886,1780391827890,1780391827893,1780391827920,4,3,27,34
150,512,bottleneck_150_512_1780391827906_992185,success,,25ba17df1ecd5744b1fe811fffed1cf7a934f44fcb8218a5dd73c07df82e5307,1780391827906,1780391827917,1780391827918,1780391827979,11,1,61,73
150,513,bottleneck_150_513_1780391827912_518034,success,,07b05ad8d721f42300955023d4182fddeecbcfc0c852f2836987c79374d804b3,1780391827912,1780391827924,1780391827926,1780391827980,12,2,54,68
150,514,bottleneck_150_514_1780391827919_571221,success,,4e78b5828c14a079dc1967cf16e5d96cc7310e04c8905d09c539f93d89d8a3c2,1780391827919,1780391827926,1780391827927,1780391827980,7,1,53,61
150,510,bottleneck_150_510_1780391827893_380665,success,,301e36cc5390cf008f5ed43828b70bcf2553ccd6d3ec248faaa332b3a1d7467a,1780391827893,1780391827898,1780391827900,1780391827980,5,2,80,87
150,515,bottleneck_150_515_1780391827925_427763,success,,3e5851360a71cece0c93f9bb4c996cb3d2201b5f74dace3e41de9e588e255eef,1780391827925,1780391827929,1780391827931,1780391827980,4,2,49,55
150,519,bottleneck_150_519_1780391827952_450380,success,,86448818f3857e4fc4865e74e2e2ae6066297ce611e57547057d095b141f177b,1780391827952,1780391827957,1780391827958,1780391827980,5,1,22,28
150,511,bottleneck_150_511_1780391827899_179262,success,,dfdc62ae6d952109c101e5024c286963cfea38b9fe71a839fdd0f3bca9c205e9,1780391827899,1780391827904,1780391827907,1780391827980,5,3,73,81
150,516,bottleneck_150_516_1780391827932_907559,success,,01609cee68681fcbc5c074777154b99378602485bd7eff8524e1c0b223a137da,1780391827932,1780391827936,1780391827938,1780391827981,4,2,43,49
150,517,bottleneck_150_517_1780391827939_685226,success,,2d96a0228d98890c34e6ff5995b951190fc21d637c274d6907d7c4ac1fa9c807,1780391827939,1780391827944,1780391827946,1780391827981,5,2,35,42
150,518,bottleneck_150_518_1780391827945_436105,success,,3a5ca98e083020ba254791911d657a895c90c671c47b20208458c183c29f460b,1780391827945,1780391827949,1780391827951,1780391827981,4,2,30,36
150,529,bottleneck_150_529_1780391828019_362362,success,,1f97b875881255c85d865e826893bc5e916b569dcd0e6091d8877cfe50746102,1780391828019,1780391828025,1780391828028,1780391828047,6,3,19,28
150,522,bottleneck_150_522_1780391827972_412446,success,,ab0d054271b7eb5cb9203210369edb1c73ae63256b61d3a238ad2813d36be8f9,1780391827972,1780391827987,1780391827990,1780391828048,15,3,58,76
150,525,bottleneck_150_525_1780391827992_801,success,,1c1aaadeaf726cbca104d855f037b5480e4e8ac0f6989677885fd63bda6be2b9,1780391827992,1780391827996,1780391827998,1780391828048,4,2,50,56
150,521,bottleneck_150_521_1780391827965_683018,success,,56c319a7bd57ee150f74bed4d94c805ae4db28bc4a8c759054ec426f0c33d6be,1780391827965,1780391827989,1780391827992,1780391828048,24,3,56,83
150,523,bottleneck_150_523_1780391827980_172544,success,,d79026094c87345c0d3ac3522616b1cd4a2bb16516fc6a194ff1b8ecb3538685,1780391827980,1780391827988,1780391827991,1780391828048,8,3,57,68
150,524,bottleneck_150_524_1780391827986_11953,success,,ee6f5848cc89e1ac994fa79a527ecb7da3d2b9791c0434830f190cc1a31406ef,1780391827986,1780391827993,1780391827995,1780391828048,7,2,53,62
150,527,bottleneck_150_527_1780391828005_185716,success,,0032404a487f14add797f4908e0c784f8ab07782a5fce6c3628334100cb40dc4,1780391828005,1780391828009,1780391828011,1780391828048,4,2,37,43
150,526,bottleneck_150_526_1780391827999_660236,success,,3c56d18533ded83e00d7ca1c43ba48b4ff45f3c99a5d5a0bfc9a8b6b174bbecf,1780391827999,1780391828004,1780391828006,1780391828048,5,2,42,49
150,520,bottleneck_150_520_1780391827959_196935,success,,8e6b0cdc93a3cbb9e38b45ee1b5c3bb645c5d35b4df14c7b9674fabf9a2adcad,1780391827959,1780391827967,1780391827971,1780391828048,8,4,77,89
150,528,bottleneck_150_528_1780391828012_253937,success,,e5e8570ecf5694e9ac2db0f459b8756a334964478ecfbe7f275645e27307619f,1780391828012,1780391828016,1780391828018,1780391828048,4,2,30,36
150,539,bottleneck_150_539_1780391828086_128259,success,,58e6ea21b47d84a5a8d9019a2e5d7563f3a964317695e0e063a1957cc0c17e17,1780391828086,1780391828091,1780391828093,1780391828109,5,2,16,23
150,530,bottleneck_150_530_1780391828025_921862,success,,82bb6d886b51422713b0a2593e89d9997ead2874977693b6b402f98befcadd82,1780391828025,1780391828031,1780391828033,1780391828109,6,2,76,84
150,531,bottleneck_150_531_1780391828032_464871,success,,dc8a5a31ce84dbe3183f29e3c17211aff333134026dcaa9fc025e30f159b81f1,1780391828032,1780391828040,1780391828042,1780391828109,8,2,67,77
150,533,bottleneck_150_533_1780391828046_426339,success,,09d6e413d11afe44be2f4d0e9cae9e6a5d1cf259903a520126d0ec1bb2140684,1780391828046,1780391828053,1780391828055,1780391828109,7,2,54,63
150,532,bottleneck_150_532_1780391828039_868924,success,,eac62d87a765f864f2a78019428c933289acc7fc8eca153f25618a5380a28399,1780391828039,1780391828054,1780391828056,1780391828109,15,2,53,70
150,534,bottleneck_150_534_1780391828052_993611,success,,731077c00303df1c73bd3eb9d7cac885fe82e119d5c7aa50a780c20b0e22e7e7,1780391828052,1780391828057,1780391828059,1780391828109,5,2,50,57
150,535,bottleneck_150_535_1780391828060_114274,success,,2424922fd67bbb46068b16b8e1ceb48c32074d720867feef49f289f898159c34,1780391828060,1780391828063,1780391828066,1780391828109,3,3,43,49
150,536,bottleneck_150_536_1780391828065_640854,success,,b4e85650a870b2fafea741294f363f4fc64d9fb4bfd7a2e9d74924e65b3d08c9,1780391828065,1780391828069,1780391828071,1780391828109,4,2,38,44
150,537,bottleneck_150_537_1780391828072_89299,success,,f8506755ca4e1c18df608df574c085ecda97c2e455d2b368fe49bfd0a98400f5,1780391828072,1780391828076,1780391828078,1780391828109,4,2,31,37
150,538,bottleneck_150_538_1780391828079_621933,success,,41d4382e399ed6af50b0a7de519f1ac8a0f8931cf59864ad19f87885267d702c,1780391828079,1780391828083,1780391828085,1780391828109,4,2,24,30
150,549,bottleneck_150_549_1780391828153_41584,success,,3f281e41db2362557fac5615fa66f6eaf2e24ad262651bcdf5a594f9d03cf522,1780391828153,1780391828160,1780391828163,1780391828190,7,3,27,37
150,543,bottleneck_150_543_1780391828113_966969,success,,bc12dd0836d66ea6cc384f179e375474b01d9369244a52fcf481b63ff50f53b4,1780391828113,1780391828118,1780391828120,1780391828191,5,2,71,78
150,540,bottleneck_150_540_1780391828092_496121,success,,fafa2b3b5ef08af69489b245f662b9480e444066f4985000d11ee2874acd5ad5,1780391828092,1780391828098,1780391828102,1780391828191,6,4,89,99
150,542,bottleneck_150_542_1780391828105_784808,success,,7888dd98a3c4d787ee022e0368e3af663ee9a992493ecc6ad7a80dfbac124450,1780391828105,1780391828113,1780391828115,1780391828191,8,2,76,86
150,541,bottleneck_150_541_1780391828099_778072,success,,d529d884e70184d8655591ca2411cb6c2960ff84cf8e3c9c4037b87b4dcd9506,1780391828099,1780391828112,1780391828114,1780391828191,13,2,77,92
150,546,bottleneck_150_546_1780391828132_957094,success,,19bc1a159ffe0838fb266f5805e7a04f4818f5b086653971790c82e6d4fd060d,1780391828132,1780391828137,1780391828140,1780391828191,5,3,51,59
150,545,bottleneck_150_545_1780391828126_92821,success,,ecc681f7e1d2c9aa87d350631c0d59e9014121d985f700fc2816f22a16652950,1780391828126,1780391828130,1780391828131,1780391828191,4,1,60,65
150,544,bottleneck_150_544_1780391828119_831336,success,,68b10d1ed16ad66f443e563ef7151d3a9260d6fda7cc90c8b36926cdaf350f6b,1780391828119,1780391828125,1780391828127,1780391828191,6,2,64,72
150,548,bottleneck_150_548_1780391828145_960661,success,,39d6070b8def728694be1ea78f35967ad94319017013e0d42c432190508c6216,1780391828145,1780391828150,1780391828152,1780391828191,5,2,39,46
150,547,bottleneck_150_547_1780391828139_73638,success,,829da20778bd6a0986d6d04f133eceb397e6d6adc9fbc30beed00873ebc6d1c6,1780391828139,1780391828144,1780391828146,1780391828191,5,2,45,52
150,559,bottleneck_150_559_1780391828219_117757,success,,0f10f8a85e3ef8818c5f5da5bfbfbecba39c042e25c4853f62c5108ad91631e8,1780391828219,1780391828225,1780391828227,1780391828258,6,2,31,39
150,550,bottleneck_150_550_1780391828159_764613,success,,68caa4afff06920c2dfb7a39b821e3e84ea7f93ca8b2da10917467a83ac0c46c,1780391828159,1780391828165,1780391828167,1780391828258,6,2,91,99
150,551,bottleneck_150_551_1780391828166_378210,success,,8c02448ec9a7dc7729f5c90f10467c06e9414f4a441a62ac011035930e190b0c,1780391828166,1780391828171,1780391828177,1780391828258,5,6,81,92
150,552,bottleneck_150_552_1780391828172_702239,success,,e0b6d28551df33c9baab7100b79429a68d8aadf242ec0c19cbf2200ad950e4f8,1780391828172,1780391828191,1780391828195,1780391828258,19,4,63,86
150,553,bottleneck_150_553_1780391828179_963698,success,,8517031ebc220dbd3871a54ad4455433ff4a59ec40ed7114f1a53b5902f1e7ce,1780391828179,1780391828194,1780391828197,1780391828258,15,3,61,79
150,554,bottleneck_150_554_1780391828185_680907,success,,9b1c921efbe9aa89a6ee79e39be82c1726b094b5d5a437766255cc2ba04171de,1780391828185,1780391828196,1780391828198,1780391828258,11,2,60,73
150,555,bottleneck_150_555_1780391828192_328536,success,,17cc4d5a2d4eb5a08b61321a4b035df78d479ddfca047cb091cfc79889b65a80,1780391828192,1780391828198,1780391828200,1780391828258,6,2,58,66
150,556,bottleneck_150_556_1780391828199_962983,success,,c9cc2c56005c5a5806a375ea44915117887f0a6ddbdacc45405c3b01c4de202d,1780391828199,1780391828203,1780391828206,1780391828258,4,3,52,59
150,557,bottleneck_150_557_1780391828205_203824,success,,8581bd87b95dd55b129efd6c939d4c05c808b354d5a173b66d261ccb9fb44063,1780391828205,1780391828210,1780391828213,1780391828258,5,3,45,53
150,558,bottleneck_150_558_1780391828212_743992,success,,9d6f0afa33623c4dc6d6ee0269996e0d7ed402da3bd36120604c69fa9d27517b,1780391828212,1780391828216,1780391828218,1780391828258,4,2,40,46
150,569,bottleneck_150_569_1780391828285_967316,success,,63f93684aaabe5c641230d009a5940a40bd5e50de05c6b376c6550d9ad83667c,1780391828285,1780391828291,1780391828293,1780391828325,6,2,32,40
150,563,bottleneck_150_563_1780391828245_15421,success,,d9848817ae442b0cb414cbcf5f42e0afa7e5256e21123a8d0bc505a7372e173e,1780391828245,1780391828264,1780391828268,1780391828325,19,4,57,80
150,560,bottleneck_150_560_1780391828226_86872,success,,33914900e77799b5347e01adb5e1e9967be04dc1ff118eb0923cb2e8dbf81e1b,1780391828226,1780391828233,1780391828237,1780391828326,7,4,89,100
150,561,bottleneck_150_561_1780391828232_869562,success,,511dbd796d20c3cb3697a1567dfd6ed9d1019233162321cc57bd4ff659d91b89,1780391828232,1780391828249,1780391828255,1780391828326,17,6,71,94
150,562,bottleneck_150_562_1780391828239_354413,success,,1022278f0fdd0af04c6c687273301098be66431ac88e6107428058306a162c13,1780391828239,1780391828268,1780391828273,1780391828326,29,5,53,87
150,564,bottleneck_150_564_1780391828252_527539,success,,5853e8d023ef20402ce2be54b66836911a6c1f695a0dc9f20cd57d5f122e0e7d,1780391828252,1780391828265,1780391828269,1780391828326,13,4,57,74
150,565,bottleneck_150_565_1780391828259_182475,success,,3aefcdf08182014a3625120dc34beb9a7b178afb2b2dbc0d718a3758da62bb42,1780391828259,1780391828266,1780391828270,1780391828326,7,4,56,67
150,566,bottleneck_150_566_1780391828267_325224,success,,bd52b83ccfcbdeb28ea4e8eb372c7958594a27d6339cb18a1de62b3394696faf,1780391828267,1780391828274,1780391828276,1780391828326,7,2,50,59
150,567,bottleneck_150_567_1780391828272_737916,success,,7510e75c4654a8c5820eed8f09102e94e21d2cf2ec80c6485fac2f6d2372304a,1780391828272,1780391828277,1780391828278,1780391828326,5,1,48,54
150,568,bottleneck_150_568_1780391828279_829396,success,,b2e8b570facfd8f0be0af814e612f24fce09d993d2c15313a720665c7233ee9a,1780391828279,1780391828284,1780391828286,1780391828326,5,2,40,47
150,579,bottleneck_150_579_1780391828352_857471,success,,2d6eca9e2174451f0cef70b749049e8261cd51585ac323703fc264cb75cf7d77,1780391828352,1780391828359,1780391828361,1780391828383,7,2,22,31
150,570,bottleneck_150_570_1780391828292_418645,success,,f51e1b5149d42bdfe902e377f880a8bf24571f5c03ffc3d9d58f46562993733d,1780391828292,1780391828297,1780391828298,1780391828383,5,1,85,91
150,571,bottleneck_150_571_1780391828299_733983,success,,7a94832502922f6a37e5449b19bd5900cc4c634f39297af48b0352575b72f0be,1780391828299,1780391828326,1780391828329,1780391828383,27,3,54,84
150,573,bottleneck_150_573_1780391828311_546340,success,,cdd1ce73ed89d31c0de928a3303ceb9ea67c4cc59eb41e7d7092d7f578d76b02,1780391828311,1780391828330,1780391828333,1780391828383,19,3,50,72
150,572,bottleneck_150_572_1780391828305_351746,success,,9a3f46ed5c644f9d534fe4677a0d756b7d999680e830c2aeabbecbe254f54454,1780391828305,1780391828331,1780391828335,1780391828383,26,4,48,78
150,577,bottleneck_150_577_1780391828339_320060,success,,561b5475c41e39ba319ab9f65ac26c7810c6a5a319a2ef83cc1df6e91d75cebd,1780391828339,1780391828344,1780391828346,1780391828383,5,2,37,44
150,576,bottleneck_150_576_1780391828332_875977,success,,96ef3b0cb2c0c180098e1bb5f051771573f57eb3bc1a2a645f9179d0ae81807a,1780391828332,1780391828338,1780391828341,1780391828383,6,3,42,51
150,575,bottleneck_150_575_1780391828326_517262,success,,927131f9e7b3da46104adc482020047fe55712c4231ca9466f957db4e923904d,1780391828326,1780391828334,1780391828337,1780391828383,8,3,46,57
150,578,bottleneck_150_578_1780391828345_95027,success,,07074a5912ea7a32177285ccf8ccd746c9d791a8d2a68fa76f7460f3be72459b,1780391828345,1780391828349,1780391828351,1780391828383,4,2,32,38
150,574,bottleneck_150_574_1780391828319_391219,success,,5039f8e28c618fba9931df7b8c4460dd90a0fd20b0a82d69380c1a70cc345f0a,1780391828319,1780391828332,1780391828336,1780391828383,13,4,47,64
150,589,bottleneck_150_589_1780391828420_248646,success,,f8261d20180bf9f03b2778d6e1c71a3c3ddf45292465c02777d91bdd75d78b16,1780391828420,1780391828425,1780391828427,1780391828447,5,2,20,27
150,584,bottleneck_150_584_1780391828385_21311,success,,95ab57da1a16a9bc06ce118e609346fc9b7502f7724dfcc040f0d417c6c09b5d,1780391828385,1780391828393,1780391828395,1780391828447,8,2,52,62
150,580,bottleneck_150_580_1780391828360_95134,success,,415ef0c6167326368c5bf119e6d1d27b0ba44a59fc06cd9c22120d0d84ad254a,1780391828360,1780391828365,1780391828367,1780391828447,5,2,80,87
150,585,bottleneck_150_585_1780391828392_482170,success,,263bfc265151291d80fe47c998a6101057543bb03979238ba183dcb2430d283b,1780391828392,1780391828398,1780391828400,1780391828447,6,2,47,55
150,581,bottleneck_150_581_1780391828366_469122,success,,c6d5c5c823e66a3cda9179fb3bd9158305c4a0b0e6c58f3d819a5cf4e6026856,1780391828366,1780391828374,1780391828377,1780391828447,8,3,70,81
150,586,bottleneck_150_586_1780391828399_716695,success,,e954dfa9464149eaa606195148d8b864ec4c7c8e9adf3f79cb87cf69a5b4d574,1780391828399,1780391828404,1780391828406,1780391828447,5,2,41,48
150,582,bottleneck_150_582_1780391828373_987133,success,,07dc7c3b5007ed82ffb36ca64664508008edd0fd8774171ad08844b4214041d7,1780391828373,1780391828389,1780391828391,1780391828447,16,2,56,74
150,587,bottleneck_150_587_1780391828405_844431,success,,8beac66bac68941c1bf1bc3030bce1b847011c742b1f97afb8ba8b9e0384f21f,1780391828405,1780391828410,1780391828412,1780391828447,5,2,35,42
150,583,bottleneck_150_583_1780391828379_149995,success,,dfe184bae5768056a3c5a1a9194a8cc405a1e59388393722ec76b03ee247fd27,1780391828379,1780391828390,1780391828394,1780391828447,11,4,53,68
150,588,bottleneck_150_588_1780391828413_806114,success,,2be2ec02b9e87ec2d5363ea99bcc22bcafe40223c6765703ad8c3e5ac2687c36,1780391828413,1780391828417,1780391828419,1780391828447,4,2,28,34
150,599,bottleneck_150_599_1780391828485_246534,success,,0867b68fa70cb9d608f76784a5aba3893de906ac8354f316e1e2e51835a62334,1780391828485,1780391828491,1780391828495,1780391828515,6,4,20,30
150,595,bottleneck_150_595_1780391828459_544231,success,,152236d3d9fd4b5265fbe7ef51dda17ffc8df20fcbcac22efacd54cba7497cdb,1780391828459,1780391828464,1780391828465,1780391828515,5,1,50,56
150,591,bottleneck_150_591_1780391828432_670971,success,,f75437ead8cb9e33147343789899a8b5184a804b71f57a349147959893d588a4,1780391828432,1780391828444,1780391828446,1780391828515,12,2,69,83
150,593,bottleneck_150_593_1780391828445_786042,success,,8ec79c72cf9fa0bf6f209114dce58426a6843e664e30bb82a01b85558adb54fc,1780391828445,1780391828450,1780391828452,1780391828515,5,2,63,70
150,596,bottleneck_150_596_1780391828465_752097,success,,5bba6495abf8afe970b20ac1849cdf01cf4d542869035b213f444d3fe0b3970b,1780391828465,1780391828469,1780391828471,1780391828515,4,2,44,50
150,592,bottleneck_150_592_1780391828439_146307,success,,7c7ed6eef9ad1e26f01434446d2dbd93f13ba1ba6652a624ea2b3432f1c954f7,1780391828439,1780391828451,1780391828454,1780391828515,12,3,61,76
150,597,bottleneck_150_597_1780391828472_306544,success,,cee2abcac2d524d717cc39e6f1c7a53b3f2a56025960a133538f0608cca99d7d,1780391828472,1780391828477,1780391828479,1780391828515,5,2,36,43
150,594,bottleneck_150_594_1780391828452_227022,success,,6b6c8c519dc606e6fab52169c4276ca5c4cb1705e1e12298e0d120a0f6a2262d,1780391828452,1780391828457,1780391828460,1780391828515,5,3,55,63
150,598,bottleneck_150_598_1780391828479_70334,success,,df64e877ce55fd47b6981671a85ccd1b0979054cfffaaf7256df6ea520507126,1780391828479,1780391828486,1780391828489,1780391828515,7,3,26,36
150,590,bottleneck_150_590_1780391828426_498947,success,,c0a49e4f3a04652cfe242cb8f281dbf691e31c8ffb9a078467522e1d77dd4dbc,1780391828426,1780391828432,1780391828436,1780391828515,6,4,79,89
150,609,bottleneck_150_609_1780391828552_641311,success,,79aaf7ec58fe11a4545614ea8edc0fc1914a85abbe9a57887bb3a4dcec4ddefe,1780391828552,1780391828558,1780391828560,1780391828581,6,2,21,29
150,600,bottleneck_150_600_1780391828492_375930,success,,0e7f3d8885a6557389b774b5a5acf1ca89c5021d4f43d35c8efeb245dbcbef09,1780391828492,1780391828498,1780391828504,1780391828581,6,6,77,89
150,603,bottleneck_150_603_1780391828512_177395,success,,87cd797033741cf3feeb377707a02c5212e9da5e886cf6b8bee785b090450cc9,1780391828512,1780391828520,1780391828523,1780391828581,8,3,58,69
150,605,bottleneck_150_605_1780391828525_729393,success,,473aaa813d978bc2d65d22aac47208028f499e1b850af7c7f1714d85aed5c9b2,1780391828525,1780391828531,1780391828533,1780391828581,6,2,48,56
150,601,bottleneck_150_601_1780391828499_481313,success,,e0aa07256cea675229668914b39e6ebeb911af3dc39c33401a8731b9a0081119,1780391828499,1780391828521,1780391828524,1780391828581,22,3,57,82
150,602,bottleneck_150_602_1780391828505_667843,success,,686f1bbc120b38e9e2045c3045a300b35a9518d7ae919431c01193cadcb8ac51,1780391828505,1780391828522,1780391828526,1780391828581,17,4,55,76
150,604,bottleneck_150_604_1780391828518_831671,success,,3550d25749c26e13ba271f7ee88999bf80b0d27d670d0a7558139af6ca9e9123,1780391828518,1780391828527,1780391828529,1780391828581,9,2,52,63
150,607,bottleneck_150_607_1780391828540_582521,success,,29c9839ca2f96ef70be6cebdfd30400b12203ce03ad41b5ae4f06c7bd92d311e,1780391828540,1780391828545,1780391828547,1780391828581,5,2,34,41
150,606,bottleneck_150_606_1780391828532_266732,success,,f89bbb929e09d9ba11b6fc45cafb5741e87c06ca4f70dacf8dc162e8f1fa9d66,1780391828532,1780391828536,1780391828539,1780391828581,4,3,42,49
150,608,bottleneck_150_608_1780391828546_58538,success,,61299257487587f4bb962f950051cb4193ce0c56dd5b5b1252fbb7465606b9a0,1780391828546,1780391828551,1780391828553,1780391828581,5,2,28,35
150,619,bottleneck_150_619_1780391828619_123252,success,,51d2bebf873d9eaa5a5a95c371334eec251f45b43da8e5bf44daa4098ea0a3b5,1780391828619,1780391828625,1780391828627,1780391828646,6,2,19,27
150,613,bottleneck_150_613_1780391828579_703068,success,,b5e1d47fe31d85bc191aae1d79f5ce917ba5271cd5957ea7090d6a6bc343e9f4,1780391828579,1780391828589,1780391828593,1780391828646,10,4,53,67
150,612,bottleneck_150_612_1780391828572_893326,success,,03389e858172a0462656447fc6df046dbac2ef8dd82cc58b4d3e567b774fe90e,1780391828572,1780391828590,1780391828594,1780391828646,18,4,52,74
150,614,bottleneck_150_614_1780391828585_187202,success,,94824275e610e434857f370623a6b1cfcc66a5af76a89c6d9873954315e21a6f,1780391828585,1780391828591,1780391828594,1780391828646,6,3,52,61
150,615,bottleneck_150_615_1780391828592_401614,success,,a9b3d9f0af781c439104481c4d4b8a76b90aaee40f207c138fc4193aafa0e52b,1780391828592,1780391828597,1780391828599,1780391828646,5,2,47,54
150,616,bottleneck_150_616_1780391828599_295956,success,,bd0af8934455b09ae312f599e71ee7f317a1d94e98fe7e58af4d0dcc9cc1cd8d,1780391828599,1780391828604,1780391828607,1780391828646,5,3,39,47
150,617,bottleneck_150_617_1780391828605_118833,success,,d3b26546e8c812a1f5d0c4ed8b1cb24ec9605cc8a8f2935d636e9cc8a4498fa5,1780391828605,1780391828613,1780391828615,1780391828646,8,2,31,41
150,618,bottleneck_150_618_1780391828612_489382,success,,d7c543e64aa7bc2dcb120aa4b73bbcb8f6b5aeb93dd8de4e8be296f8fbdef708,1780391828612,1780391828618,1780391828620,1780391828646,6,2,26,34
150,610,bottleneck_150_610_1780391828559_942498,success,,06c574a8f8fa0d6f0913c51436f6d31fa335ffdadda158a5740905ae5de9ec71,1780391828559,1780391828564,1780391828566,1780391828646,5,2,80,87
150,611,bottleneck_150_611_1780391828565_624888,success,,693949569961d4ec972557ef67d9db333deb303f7c2caad8ff43bd1ea8af950b,1780391828565,1780391828575,1780391828577,1780391828646,10,2,69,81
150,624,bottleneck_150_624_1780391828652_172161,success,,db30419a29c28acad7a9835d7a8e1c5319104813be2ef1817a4f3eba4ca717f2,1780391828652,1780391828659,1780391828660,1780391828711,7,1,51,59
150,626,bottleneck_150_626_1780391828665_577465,success,,cf63dc5545cd245f743974c987247d1de67fac0a92f1e307ba7fd5fc10cac4c3,1780391828665,1780391828669,1780391828671,1780391828711,4,2,40,46
150,625,bottleneck_150_625_1780391828659_795211,success,,a7090a80720eaacf2821d9a1da06c15710d30997baae5f1daf9c7205bf579950,1780391828659,1780391828664,1780391828666,1780391828711,5,2,45,52
150,621,bottleneck_150_621_1780391828632_281715,success,,d763ce82f3144f4edebfedaddb6876b994da206ccc51e15f16e57913d60bf58f,1780391828632,1780391828641,1780391828643,1780391828711,9,2,68,79
150,620,bottleneck_150_620_1780391828626_634792,success,,4fb1ad49e40b6ad389cdb550e2ad753f3bf69e9baaad2a7087e0db8ad3879057,1780391828626,1780391828631,1780391828633,1780391828711,5,2,78,85
150,627,bottleneck_150_627_1780391828672_975633,success,,2ff6b44cceb987205b5561f13f7059e11c6becef8547c8821d42cb1bd3568bb5,1780391828672,1780391828677,1780391828680,1780391828711,5,3,31,39
150,623,bottleneck_150_623_1780391828645_167640,success,,f9cb4e390afb0b0ed16f53c0e9f290c98d2d287d4b82d2ee9196e474f59ea251,1780391828645,1780391828649,1780391828651,1780391828711,4,2,60,66
150,622,bottleneck_150_622_1780391828639_943872,success,,e9d6e4b4f00a4fb483627e61dc0b3d4882080d2098c2183a57948ed127c747b8,1780391828639,1780391828650,1780391828653,1780391828711,11,3,58,72
150,628,bottleneck_150_628_1780391828679_850683,success,,867e2153b5e113cd97bd8984356342bc189989e8b163e1f91a7f63d9277b06f9,1780391828679,1780391828683,1780391828685,1780391828711,4,2,26,32
150,629,bottleneck_150_629_1780391828685_456976,success,,b2abd3bd7942e04e2cdca5913735ca615aba541d748d448c7ed853fb2da72ac9,1780391828685,1780391828691,1780391828693,1780391828711,6,2,18,26
150,639,bottleneck_150_639_1780391828753_655356,success,,53d97a94655055b810b5036993b42fc1afc4139e831b50097ab20e3277858361,1780391828753,1780391828759,1780391828761,1780391828776,6,2,15,23
150,630,bottleneck_150_630_1780391828692_159622,success,,752f867b16adb57c962b09df9cd0c597292a077dbffb6396f5cc769ab23510bd,1780391828692,1780391828697,1780391828699,1780391828776,5,2,77,84
150,631,bottleneck_150_631_1780391828699_607015,success,,ecf6fac9d273f67cca221ffe1ed3e89e2591c765d2e373e50028936a40d00c7b,1780391828699,1780391828707,1780391828709,1780391828776,8,2,67,77
150,632,bottleneck_150_632_1780391828705_495692,success,,34cfa42da81ec01c1de1e02fc1f19fe1676688b5c47f70c533518066f721bdd5,1780391828705,1780391828718,1780391828720,1780391828776,13,2,56,71
150,633,bottleneck_150_633_1780391828712_31257,success,,9be0baaf5576f3771d2e653688063bc939e4343baa4487ab3fbe759ae1973818,1780391828712,1780391828718,1780391828721,1780391828776,6,3,55,64
150,634,bottleneck_150_634_1780391828719_755877,success,,f75d4efd127e8a39e93889c212b829072ddb7cb709fb79ad9a7937b1ac656380,1780391828719,1780391828726,1780391828729,1780391828776,7,3,47,57
150,635,bottleneck_150_635_1780391828725_235137,success,,b9e044d0fc98f1cb32ddd0cb91825c42324f6e27b7e7b77519843e24dd3ae0e0,1780391828725,1780391828731,1780391828733,1780391828776,6,2,43,51
150,636,bottleneck_150_636_1780391828732_675729,success,,cafcfdb0775dca0b1b95e70119aca34eb9572f545bdda465122cf04b5b8ea7f4,1780391828732,1780391828737,1780391828740,1780391828776,5,3,36,44
150,637,bottleneck_150_637_1780391828739_866142,success,,5d49758aed122bd5ab2520e3414aaff638b23aa5a76d9d16e21074a427315167,1780391828739,1780391828744,1780391828746,1780391828776,5,2,30,37
150,638,bottleneck_150_638_1780391828745_160021,success,,b9f1cef7501889e096f6a1c3dd7ac173980384d7f4cf980a1807d80d32423a87,1780391828745,1780391828750,1780391828752,1780391828776,5,2,24,31
150,649,bottleneck_150_649_1780391828820_168107,success,,367a3a15ac1ce1e5cd81912fe7b714499dc3899ccbb9d66209c270e04ba2223c,1780391828820,1780391828826,1780391828831,1780391828851,6,5,20,31
150,640,bottleneck_150_640_1780391828760_597385,success,,81eb17ffa346c1eca72bd2a7e9ec9bf0ea22e414d7edbc45e484c61e88c50f99,1780391828760,1780391828769,1780391828772,1780391828851,9,3,79,91
150,644,bottleneck_150_644_1780391828785_531948,success,,7f0723c6535fe9290af048b80df6b8ba11cab38bbfdaafc81b503f5b69853f13,1780391828785,1780391828790,1780391828793,1780391828851,5,3,58,66
150,641,bottleneck_150_641_1780391828765_949002,success,,931b32cec967f8adf2cb5f65953580ca987f530f15957b65f3bafe66188dc56b,1780391828765,1780391828780,1780391828782,1780391828851,15,2,69,86
150,642,bottleneck_150_642_1780391828772_807009,success,,685de892e9b06fdb9cf2b9c7408df47cf02e52bc3146c324b47b5cc630787e36,1780391828772,1780391828781,1780391828782,1780391828851,9,1,69,79
150,643,bottleneck_150_643_1780391828779_910910,success,,ac2e975da0182a731359af2b70047174bd86f92e6324d90373b09c7f35255d2f,1780391828779,1780391828784,1780391828786,1780391828851,5,2,65,72
150,646,bottleneck_150_646_1780391828799_712885,success,,efb5c331412bca004fe8d197a097a762659e94d3b2f125f575e8e65344d6362a,1780391828799,1780391828803,1780391828806,1780391828851,4,3,45,52
150,645,bottleneck_150_645_1780391828792_567766,success,,23845d9d524d4e24f3a893059806dca686d0375b0dbd94ea91033dc0871c999d,1780391828792,1780391828796,1780391828798,1780391828851,4,2,53,59
150,647,bottleneck_150_647_1780391828805_220490,success,,235f68dd7f789f1b902ebe5269a266084117479f475c0f2384cab58b2f10fb32,1780391828805,1780391828810,1780391828813,1780391828851,5,3,38,46
150,648,bottleneck_150_648_1780391828812_572355,success,,6ef0d7c569eec9180bdf4cf951d7655959eb9c394f044b8226e10a85949ee816,1780391828812,1780391828819,1780391828822,1780391828851,7,3,29,39
150,659,bottleneck_150_659_1780391828885_884610,success,,8e367ab90f4a6a6971932f2b29abd73dff5d057ff4e1688c008e9fd30ff98a2b,1780391828885,1780391828890,1780391828893,1780391828913,5,3,20,28
150,652,bottleneck_150_652_1780391828840_24193,success,,5a41d779364e59e1b5916e18c28e5fa2563be7d86a7ca576767fdbd6ea05b370,1780391828840,1780391828856,1780391828858,1780391828913,16,2,55,73
150,651,bottleneck_150_651_1780391828832_24461,success,,8fa9eb983d71d0b965ee269db3d3aa69dbf54debc5b8c2e3e5c34cd04d5916cb,1780391828832,1780391828839,1780391828842,1780391828913,7,3,71,81
150,653,bottleneck_150_653_1780391828845_522188,success,,2115832c91bf2fa1ac45639d9b0b2e543b1f1de9cb77897f36ab3e57cff4d900,1780391828845,1780391828855,1780391828857,1780391828913,10,2,56,68
150,650,bottleneck_150_650_1780391828825_346913,success,,54b579145560543475ddba8fb14c84951f8d61098aacbcba21caa5bbf665b396,1780391828825,1780391828830,1780391828833,1780391828913,5,3,80,88
150,656,bottleneck_150_656_1780391828865_140426,success,,e575eefe9c4ee51df95ded67dec044bf132643edacb802302196051ad965d09a,1780391828865,1780391828870,1780391828872,1780391828913,5,2,41,48
150,654,bottleneck_150_654_1780391828852_995792,success,,9932a25eba52cb60b2feb66b76ba19196154c005a11acda70c47361b5c5b3e09,1780391828852,1780391828860,1780391828861,1780391828913,8,1,52,61
150,655,bottleneck_150_655_1780391828859_178383,success,,102812d9ce3c791919362aac717c4a8245437f1babacde053324a6e1d451d5ed,1780391828859,1780391828864,1780391828866,1780391828913,5,2,47,54
150,657,bottleneck_150_657_1780391828873_144483,success,,9aeeabc31a7b1425afd2bc74883fe523b2066487b8da2a8b43242a68fe94dc42,1780391828873,1780391828878,1780391828880,1780391828913,5,2,33,40
150,658,bottleneck_150_658_1780391828879_298546,success,,60c79ee67d0f5efa792628e27c9704d44b2c0c4ef1dce0dce2ee8330861110d6,1780391828879,1780391828883,1780391828886,1780391828913,4,3,27,34
150,669,bottleneck_150_669_1780391828952_91710,success,,43125cb03aeaf3c10f9e151f29866c85a06efdaf2eeceb3ed2a6ca503a5df75f,1780391828952,1780391828957,1780391828960,1780391828987,5,3,27,35
150,660,bottleneck_150_660_1780391828892_902340,success,,f829aab968cc818a9380f524eac35ea045ed0857e620da2295555253213b2cb9,1780391828892,1780391828899,1780391828903,1780391828987,7,4,84,95
150,661,bottleneck_150_661_1780391828900_698903,success,,3f6ead52b1c002326ae002c0f9334eb706ad74220e41572a00110227b11b4cc6,1780391828900,1780391828915,1780391828918,1780391828987,15,3,69,87
150,663,bottleneck_150_663_1780391828912_96073,success,,9cde59e01aa71da15587ce733cbcb0e27857096d45a86ea154ac240a0dc12a07,1780391828912,1780391828916,1780391828918,1780391828987,4,2,69,75
150,665,bottleneck_150_665_1780391828925_191772,success,,a14d33a535281bdc1f533c26d0d99468ebccecfd3dcbe264c441d66ae1bbba34,1780391828925,1780391828930,1780391828932,1780391828987,5,2,55,62
150,666,bottleneck_150_666_1780391828932_966795,success,,be43d80c6102ae60dccaf50768ee34c1e34cd28f309aac7034fbf79d5862ed91,1780391828932,1780391828938,1780391828942,1780391828987,6,4,45,55
150,662,bottleneck_150_662_1780391828905_546835,success,,07213615ab4c14a5b78ca26182f8f5406118ea391fc13249a55e133e234dfda4,1780391828905,1780391828917,1780391828920,1780391828987,12,3,67,82
150,664,bottleneck_150_664_1780391828919_586418,success,,c8f7f9fd5906a1a4b041dc3261667d63ba03236b48a6712b5c4308f3928a12ad,1780391828919,1780391828924,1780391828926,1780391828987,5,2,61,68
150,667,bottleneck_150_667_1780391828939_395450,success,,c5aa742e9fe2d8f0581942ea6a54d61bcc35f17e6e9205e7659f99f55068f41d,1780391828939,1780391828947,1780391828948,1780391828987,8,1,39,48
150,668,bottleneck_150_668_1780391828946_568168,success,,029a535c123d8dd3966f8a74d575dc95d1f13242d021a6db8964d91801c31f12,1780391828946,1780391828951,1780391828953,1780391828987,5,2,34,41
150,679,bottleneck_150_679_1780391829018_795110,success,,ade7d83999138a642ee72bb82dc8fd9fb3bc8e9d75605025e5de295ce095f0a6,1780391829018,1780391829025,1780391829028,1780391829053,7,3,25,35
150,670,bottleneck_150_670_1780391828959_843753,success,,feb2596038f785baf4a2675ee26834d6fb04e0bef5bfa1c725ea994ee87c9232,1780391828959,1780391828964,1780391828966,1780391829053,5,2,87,94
150,671,bottleneck_150_671_1780391828965_782954,success,,569c0a39144e8ec214a710bcfb1fd66eaca40688a4db220038d0c4705b306f05,1780391828965,1780391828969,1780391828974,1780391829053,4,5,79,88
150,675,bottleneck_150_675_1780391828992_312709,success,,8dddbed533f1ee63fc197c0e691ec4fed5f83ebc1a776847e58f88c8a4b1b8ca,1780391828992,1780391828997,1780391828998,1780391829053,5,1,55,61
150,672,bottleneck_150_672_1780391828972_192425,success,,184df0e3df83423522d8a6591a32826c1941ac3622194fd75f2b91a817f36233,1780391828972,1780391828985,1780391828988,1780391829053,13,3,65,81
150,673,bottleneck_150_673_1780391828979_530423,success,,39dd9da27b7b21eca74434921bd6c3ed0fa96d891d9840546be713ed6ed8392e,1780391828979,1780391828990,1780391828993,1780391829053,11,3,60,74
150,674,bottleneck_150_674_1780391828986_263834,success,,b94dd97579ee0aee5d9acd3f2d771187355f0512d41a191b775cbb74ac1e54ac,1780391828986,1780391828991,1780391828993,1780391829053,5,2,60,67
150,677,bottleneck_150_677_1780391829005_838200,success,,7fac2b0a8d0f8f77ec6c1bfa3c599dc68d05c5e3c44527898b0ee58828207e92,1780391829005,1780391829020,1780391829023,1780391829053,15,3,30,48
150,676,bottleneck_150_676_1780391828999_464193,success,,0fecaa92b6f5b8af0e94b029ac6a61e52286385a35b3a165454dab74e2d9f2cf,1780391828999,1780391829004,1780391829010,1780391829053,5,6,43,54
150,678,bottleneck_150_678_1780391829012_823600,success,,a4f4f595fdb1594efa49ff4c8d5b4a5fc4e338eacecb0bf82c9146c6fc58a9ce,1780391829012,1780391829021,1780391829024,1780391829053,9,3,29,41
150,689,bottleneck_150_689_1780391829086_751245,success,,b7fdfbcd078a04c6f9739c21e84405ec1bfd59d057b046806cc957142728f875,1780391829086,1780391829092,1780391829096,1780391829115,6,4,19,29
150,680,bottleneck_150_680_1780391829025_685067,success,,2d038f1baf49f194880165bb4d1842d4c3e4d3a97e5e3293c415470e1f141117,1780391829025,1780391829032,1780391829034,1780391829115,7,2,81,90
150,684,bottleneck_150_684_1780391829052_328527,success,,076147c84e638f1469a5d2daf7846077b3d28ea5793ae0b95fc03957728430ce,1780391829052,1780391829062,1780391829067,1780391829115,10,5,48,63
150,687,bottleneck_150_687_1780391829072_593195,success,,615cf312bea7a8cd9974d29073d553209335127af1380c7d0efb42c8e0c0a85f,1780391829072,1780391829079,1780391829081,1780391829115,7,2,34,43
150,685,bottleneck_150_685_1780391829060_757692,success,,4c668f087df670fca78243503a6df609143ab46f3cda9cfba47c67ceb1ba53ac,1780391829060,1780391829068,1780391829070,1780391829115,8,2,45,55
150,686,bottleneck_150_686_1780391829066_330834,success,,e7c73c3151901bdf1815c7587fb6a70de672efb5c8967ad2046ff00fccd97dbc,1780391829066,1780391829073,1780391829076,1780391829115,7,3,39,49
150,688,bottleneck_150_688_1780391829079_332483,success,,7c8280e0228d7254d0bd3f7d458d3a8fedd8bf9cbc0e65eaf2530ec7d7a4c176,1780391829079,1780391829085,1780391829087,1780391829115,6,2,28,36
150,681,bottleneck_150_681_1780391829033_58315,success,,c708585bc2bceab93c2e78ad5a4f710bc5d10a2f5a6482a95207a8b8213cdbf5,1780391829033,1780391829054,1780391829059,1780391829115,21,5,56,82
150,683,bottleneck_150_683_1780391829045_484242,success,,efd5e04777a1951b95f08cc2987cc45319e3fe741f65dc779555bae8e48811db,1780391829045,1780391829061,1780391829064,1780391829115,16,3,51,70
150,682,bottleneck_150_682_1780391829038_639850,success,,c35158b3825ba46f1227d3e8c47dce4b92d1c775e734a3f399cbb663c8c77b8f,1780391829038,1780391829062,1780391829065,1780391829115,24,3,50,77
150,699,bottleneck_150_699_1780391829152_479347,success,,e986dcfdfca22ac02bb2c4470a0f1054868a9de3e4c1996897fd50e5d432e1d7,1780391829152,1780391829159,1780391829162,1780391829185,7,3,23,33
150,693,bottleneck_150_693_1780391829112_516331,success,,0021508944e25059910a53fa9404ab3e4fbc9ee85335bfe304e5c303db0667df,1780391829112,1780391829121,1780391829124,1780391829186,9,3,62,74
150,694,bottleneck_150_694_1780391829119_53988,success,,83e41181834b1e3238443036476d42cec110a18dfe74afc10188746c0eb1e7bd,1780391829119,1780391829126,1780391829128,1780391829186,7,2,58,67
150,695,bottleneck_150_695_1780391829125_308207,success,,4ca840b3c6341fba4a4d3e1fc8b4d75d0b000c9e2e11f2ff95b86a15da3f2a29,1780391829125,1780391829130,1780391829132,1780391829186,5,2,54,61
150,696,bottleneck_150_696_1780391829133_682076,success,,8817201ffd6fcb4fbbe74c2d6126d8a3c1c0d94e0b8d20754c80776b94f7de5d,1780391829133,1780391829139,1780391829141,1780391829186,6,2,45,53
150,697,bottleneck_150_697_1780391829140_23005,success,,f71ffef8c9240ae37ceb4a0ce7282a2892c16156f5c6d0cbb355dedea63a7703,1780391829140,1780391829146,1780391829148,1780391829186,6,2,38,46
150,690,bottleneck_150_690_1780391829093_141790,success,,2a8f883202e8a97c1ddb5d5684ab8e1d9864f089fb63d890474e9eaab8eefb29,1780391829093,1780391829100,1780391829103,1780391829186,7,3,83,93
150,698,bottleneck_150_698_1780391829145_988185,success,,2fe22c534c0d334694f80ac7e5431378dd0edc6e63f281bcbb81613364f9c3f7,1780391829145,1780391829151,1780391829153,1780391829186,6,2,33,41
150,692,bottleneck_150_692_1780391829106_164551,success,,2b02f9eaa477337f48f0c025ee4f37e6076b633e0944849d468ae5db97f2196f,1780391829106,1780391829120,1780391829123,1780391829186,14,3,63,80
150,691,bottleneck_150_691_1780391829099_239525,success,,d7ec9e1922c0fdaff5d92f6c57d06a1c62de4c254e59dd4a8f7f6f9e7ffaf94f,1780391829099,1780391829108,1780391829110,1780391829186,9,2,76,87
150,704,bottleneck_150_704_1780391829185_608904,success,,7ce50881a4f81fd3c0941066cce35122d579d8f73c518a6ec8694838cfd6c7d9,1780391829185,1780391829195,1780391829197,1780391829249,10,2,52,64
150,709,bottleneck_150_709_1780391829219_434405,success,,23b2f0fb05afeb3eadb5a572ce4aa2e49823aaf059340b4bacad082a9fac23f8,1780391829219,1780391829225,1780391829228,1780391829249,6,3,21,30
150,700,bottleneck_150_700_1780391829160_242866,success,,9f4a63b1c9c3513f302008896287e00ef596eaab5aa50685c0fbb1daa004d03b,1780391829160,1780391829166,1780391829168,1780391829249,6,2,81,89
150,705,bottleneck_150_705_1780391829193_949250,success,,692c9948198dd8e3ada4328af84892d59280443bc35ac9126f04f3a7a8ba4934,1780391829193,1780391829200,1780391829202,1780391829249,7,2,47,56
150,706,bottleneck_150_706_1780391829199_634674,success,,010ae495a1ca4f38bd1e2c357376abfa448958012d23347104a99a0d94380aa5,1780391829199,1780391829205,1780391829207,1780391829249,6,2,42,50
150,707,bottleneck_150_707_1780391829206_938828,success,,3553ffeb121d92b640a883a14c85c2c1b86192721a82a5125b077bdbca57be08,1780391829206,1780391829212,1780391829214,1780391829249,6,2,35,43
150,708,bottleneck_150_708_1780391829213_172658,success,,74a4652f90cc9207a88e1414f8ce66be55206daf1b0ae3b72441bdc3eb9b0a0e,1780391829213,1780391829218,1780391829220,1780391829249,5,2,29,36
150,701,bottleneck_150_701_1780391829166_119746,success,,70a14a875b5777f94b84777526ba578f7d47792f7a7c8ba770195188173e2a06,1780391829166,1780391829192,1780391829197,1780391829249,26,5,52,83
150,702,bottleneck_150_702_1780391829172_528075,success,,0ea7b0831f697a147b8d46043f128e75af89dd2c90f236722d6e8ed2460e0109,1780391829172,1780391829190,1780391829194,1780391829249,18,4,55,77
150,703,bottleneck_150_703_1780391829179_94790,success,,a29155678c9bebcf696c3a94a4cd01a57d18cd9f3885633a4ef4402146df2400,1780391829179,1780391829191,1780391829195,1780391829249,12,4,54,70
150,719,bottleneck_150_719_1780391829285_901305,success,,4f09163e58745f91e24b81e36223d69b6b6d527806e7f5eba42cdfbf9a788922,1780391829285,1780391829292,1780391829294,1780391829328,7,2,34,43
150,710,bottleneck_150_710_1780391829226_539075,success,,d1292e57f116fa34c3da628a5552b0711953cf4850a62413e8ddcf1c774d3637,1780391829226,1780391829232,1780391829237,1780391829328,6,5,91,102
150,711,bottleneck_150_711_1780391829233_494461,success,,21dceeb2fc7df54ac88aecd035d16075ec7c420680886af67044c388e023cd51,1780391829233,1780391829244,1780391829247,1780391829328,11,3,81,95
150,712,bottleneck_150_712_1780391829239_179027,success,,3eb68cb0952f1a8cd113cd7e4ee7b7ca29f0f8eed2f2f8cd8021a2699884b468,1780391829239,1780391829258,1780391829262,1780391829328,19,4,66,89
150,713,bottleneck_150_713_1780391829245_550007,success,,b0b42de9546bdcb60ebb03fbe8dda5aeb76fbe3e892dd35cf20fafd77e24fa91,1780391829245,1780391829260,1780391829263,1780391829328,15,3,65,83
150,714,bottleneck_150_714_1780391829252_178865,success,,a58cc51462ae011810e0d3c31021eb5acbffbd3a686e33fed597d6412ab727f3,1780391829252,1780391829261,1780391829264,1780391829328,9,3,64,76
150,715,bottleneck_150_715_1780391829259_499180,success,,ae2cdefe62a942ae4b8e9dc2f8dec3d85866d1378611e1905cca96e15d996fab,1780391829259,1780391829269,1780391829273,1780391829328,10,4,55,69
150,716,bottleneck_150_716_1780391829265_354490,success,,c475533fcf30ba85e301b9cc692933c2481c1a7fd0305425b0fb35881573e86f,1780391829265,1780391829271,1780391829273,1780391829328,6,2,55,63
150,717,bottleneck_150_717_1780391829272_79353,success,,b0969242cc3390b28280755fbbc37ad4d8f5d1128f16676ad2809c33eb011143,1780391829272,1780391829278,1780391829280,1780391829328,6,2,48,56
150,718,bottleneck_150_718_1780391829279_768966,success,,44d7fa0d566b0dc3743e5928d338838cdc15f80206106aade4649b1623938dff,1780391829279,1780391829285,1780391829287,1780391829328,6,2,41,49
150,729,bottleneck_150_729_1780391829352_659392,success,,4426cb8b403b1840c95243b5885bb4918cf4e7884ce30f8d99311b8cb17f1436,1780391829352,1780391829357,1780391829359,1780391829380,5,2,21,28
150,720,bottleneck_150_720_1780391829293_819872,success,,28ea84746ee60a74f257a4a5de0070c2e43e311d4bc8b90e8edcf2522c00faeb,1780391829293,1780391829298,1780391829301,1780391829380,5,3,79,87
150,721,bottleneck_150_721_1780391829299_700478,success,,278afe21b7ef9e5eb432fbb22605966ea5740fae35b6ba24711ae0a2e96ef3ce,1780391829299,1780391829309,1780391829313,1780391829381,10,4,68,82
150,722,bottleneck_150_722_1780391829306_346791,success,,d66424068b94921c5216cf34252c07d49d1e0b2b3f8892196d308516ec1ffb5f,1780391829306,1780391829326,1780391829328,1780391829381,20,2,53,75
150,725,bottleneck_150_725_1780391829325_117007,success,,b5452ce6618ef40f385d435831d6eb5422bdb555dd778d65f79f83196c22fb17,1780391829325,1780391829334,1780391829336,1780391829381,9,2,45,56
150,723,bottleneck_150_723_1780391829312_895067,success,,0ff540c461d4c2d0675cfe3ec605a65f3763ee8f6249c113004d80200369f349,1780391829312,1780391829333,1780391829337,1780391829381,21,4,44,69
150,724,bottleneck_150_724_1780391829320_249823,success,,82275fd5a43367df2538387ef33a40382fc8d277cfc45b6dd93f88cfd45e5464,1780391829320,1780391829335,1780391829338,1780391829381,15,3,43,61
150,728,bottleneck_150_728_1780391829345_392666,success,,a01a61f5e7153c36084ac1d161f54a3cf94c244d9eba32ff32182931910df365,1780391829345,1780391829349,1780391829351,1780391829381,4,2,30,36
150,727,bottleneck_150_727_1780391829339_962305,success,,6c9d95cfe69bc2a4f8a20c062887138b5451cfb274ba8319d084d7dd96374f15,1780391829339,1780391829344,1780391829346,1780391829381,5,2,35,42
150,726,bottleneck_150_726_1780391829332_819270,success,,912f9f9fce1b79598aec5e5a528aa7a0054d66866f65de98301aa06b9a13d424,1780391829332,1780391829338,1780391829340,1780391829381,6,2,41,49
150,739,bottleneck_150_739_1780391829419_6125,success,,d3455a9bba20e68b1d40a4e78b5f0d869db7184438d3b1c56179a77689c742a2,1780391829419,1780391829426,1780391829429,1780391829524,7,3,95,105
150,735,bottleneck_150_735_1780391829392_90492,success,,04b502a16580bfabee2dbef54118839d5c7d7f42dc66613d8b1a23946d18d919,1780391829392,1780391829399,1780391829402,1780391829525,7,3,123,133
150,736,bottleneck_150_736_1780391829400_911896,success,,f5aadc816d9504939f398d84a02cc0e831fdbf8b34071699f8946d3e45093006,1780391829400,1780391829407,1780391829409,1780391829525,7,2,116,125
150,737,bottleneck_150_737_1780391829405_304825,success,,0b07eaa7c7b0afc1778faa47e2c559a6b6070eecd649c6a8e604a2863a22f4eb,1780391829405,1780391829411,1780391829413,1780391829525,6,2,112,120
150,738,bottleneck_150_738_1780391829412_430559,success,,4d549729471c60d9bfefe260726f43612dbfe3ff3e6876d374367b7a7d96ef67,1780391829412,1780391829418,1780391829421,1780391829525,6,3,104,113
150,733,bottleneck_150_733_1780391829380_319672,success,,d2fab186861086958273ba50c628d7528fe663b1504fde36d29e43523ee8d4dd,1780391829380,1780391829385,1780391829389,1780391829525,5,4,136,145
150,730,bottleneck_150_730_1780391829360_870324,success,,43be46690997672efa727189eff04ba02355f9fecad6edb24343dc6e88ed3e71,1780391829360,1780391829367,1780391829372,1780391829525,7,5,153,165
150,731,bottleneck_150_731_1780391829365_897764,success,,a47891bafe8446257bf6ccdae10ae0c256cddc1c2d7cd520be7fba7df7af50bd,1780391829365,1780391829377,1780391829379,1780391829525,12,2,146,160
150,732,bottleneck_150_732_1780391829373_511464,success,,732177b5355491d2b318aee40b1d3ca8938d1669be66047971f8d77822606399,1780391829373,1780391829383,1780391829388,1780391829525,10,5,137,152
150,734,bottleneck_150_734_1780391829386_391332,success,,5a0be47188ff981aec6b38383488deb6d0b0268ea5ee462dc19e2003de63d635,1780391829386,1780391829393,1780391829396,1780391829525,7,3,129,139
150,751,bottleneck_150_751_1780391829500_51353,success,,9739691d362f06552429c9ebe424238d1a147a7248c72163df647fb4a2704931,1780391829500,1780391829583,1780391829599,1780391829665,83,16,66,165
150,740,bottleneck_150_740_1780391829425_713790,success,,7c010b9cea4512ff5a72b4798019bf2512edee8b0bbcb991866b3ac57b7b2a9b,1780391829425,1780391829431,1780391829433,1780391829665,6,2,232,240
150,741,bottleneck_150_741_1780391829432_182595,success,,dedf4818a28c5f56b531141f1598549fd6844b7d0499ae0a9b01e9af173bfaff,1780391829432,1780391829441,1780391829443,1780391829666,9,2,223,234
150,742,bottleneck_150_742_1780391829439_622494,success,,1adef093965a2d1b76070c77175995ff38a210300675a54f55d625f9910495c5,1780391829439,1780391829448,1780391829455,1780391829666,9,7,211,227
150,743,bottleneck_150_743_1780391829445_388304,success,,77cfbeb5dd11daa0b5870a3bf92f690eba55c58f3c1732411da80ba8de2f5ce3,1780391829445,1780391829454,1780391829457,1780391829666,9,3,209,221
150,744,bottleneck_150_744_1780391829453_111496,success,,d87ed14b5670295280617b2c7b68becb6065e53de7dde2f27aa193c24d8d1d5e,1780391829453,1780391829522,1780391829526,1780391829666,69,4,140,213
150,748,bottleneck_150_748_1780391829479_669515,success,,23ffef945f34110db2a6af64f88a0b3c842fffd4b303beb427ce90c80be5edca,1780391829479,1780391829575,1780391829578,1780391829666,96,3,88,187
150,747,bottleneck_150_747_1780391829472_326668,success,,98698d9a37f005f7a9ba257e1d8d387b1caabd3278e96996bb7e0d6d8708fbcd,1780391829472,1780391829576,1780391829579,1780391829666,104,3,87,194
150,749,bottleneck_150_749_1780391829485_563210,success,,3b9aa7df018d29c5fb80e0b6234ea6d5df7029a8e37e91a3d97752105f498f4e,1780391829485,1780391829577,1780391829581,1780391829666,92,4,85,181
150,752,bottleneck_150_752_1780391829505_926608,success,,851cca74d449802b5377671bbf4bc438838a52d4ff8805f8c678e331e4783827,1780391829505,1780391829579,1780391829582,1780391829666,74,3,84,161
150,753,bottleneck_150_753_1780391829512_194448,success,,c41b9a4ce14de1675047541bd124c670f7370e9804dd8bb5e31f7ff8adacc040,1780391829512,1780391829592,1780391829611,1780391829754,80,19,143,242
150,750,bottleneck_150_750_1780391829492_994964,success,,fe504f0a61b640d937d32973b2af355e57139ee78c9bdd057564121bbde96873,1780391829492,1780391829590,1780391829605,1780391829754,98,15,149,262
150,745,bottleneck_150_745_1780391829459_116056,success,,0c14f332e7c8cfb257dcfec65e5719f65ef033c4be7242ab976d26db2e3a7424,1780391829459,1780391829591,1780391829602,1780391829754,132,11,152,295
150,754,bottleneck_150_754_1780391829519_605346,success,,03faf5349116da4592e753b821efa0a69889f12fac52e80eff6397ff23ff740d,1780391829519,1780391829583,1780391829606,1780391829754,64,23,148,235
150,755,bottleneck_150_755_1780391829525_636128,success,,7f39521d1e31aef0a6e99f0acfee419991120ac5360459663af862801fb35be6,1780391829525,1780391829584,1780391829607,1780391829754,59,23,147,229
150,746,bottleneck_150_746_1780391829466_896005,success,,7af60f473662bd30ddcda7dec824366f5302cc021d0c7afe12ccfd8568188fb7,1780391829466,1780391829586,1780391829608,1780391829755,120,22,147,289
150,760,bottleneck_150_760_1780391829559_768447,success,,1dc158b8983a7b56df78174e0d458cd32d0a72c94fd78f7884ad7cee4072b901,1780391829559,1780391829596,1780391829608,1780391829755,37,12,147,196
150,759,bottleneck_150_759_1780391829552_507832,success,,fde6dcacd68a4f8a8e42c2708e22bb746c052ccd2ba172f2387ea48f66b96075,1780391829552,1780391829593,1780391829610,1780391829755,41,17,145,203
150,757,bottleneck_150_757_1780391829539_164616,success,,e184cc71d4712f072bf83ce06fc10ec76aef7c26a7b1b290e08bb098dc06e69a,1780391829539,1780391829596,1780391829612,1780391829755,57,16,143,216
150,756,bottleneck_150_756_1780391829532_235502,success,,72cb722c947712843736fb4c7de0e583e28919bc3cf0b206b8af1b9a044b86d0,1780391829532,1780391829593,1780391829613,1780391829755,61,20,142,223
150,777,bottleneck_150_777_1780391829672_550182,success,,38325558598c696fee726feee3b64fb6304298919fefa3143329c5933b946e15,1780391829672,1780391829716,1780391829727,1780391829814,44,11,87,142
150,761,bottleneck_150_761_1780391829565_600178,success,,16331eca601c109be953564555910e8226d7a37f02efa3e00fa3f0b5802ff91b,1780391829565,1780391829601,1780391829622,1780391829814,36,21,192,249
150,763,bottleneck_150_763_1780391829580_204686,success,,fafce1abd26b024743fdd41d6e5b76689aac4a1495ea47497553f502f05c3548,1780391829580,1780391829603,1780391829618,1780391829815,23,15,197,235
150,762,bottleneck_150_762_1780391829573_973238,success,,6166b64fcb5b12b08c2c3ff4687c1815409934d91369970e6a5b983cfc27f171,1780391829573,1780391829599,1780391829620,1780391829816,26,21,196,243
150,767,bottleneck_150_767_1780391829609_382780,success,,71bbccedade8ee0388e28da97736273617712cc19e1ffafeec957088a8156b8e,1780391829609,1780391829630,1780391829639,1780391829817,21,9,178,208
150,768,bottleneck_150_768_1780391829615_865771,success,,1932a37bb25a6ac26f40e15cce2e55a95c2209fa37b66f874a6c90bb345203b4,1780391829615,1780391829640,1780391829647,1780391829817,25,7,170,202
150,766,bottleneck_150_766_1780391829600_428763,success,,7f1d34c9f844b0824bffdbdf500083656c12131628a5000c471e9048b7c75801,1780391829600,1780391829623,1780391829635,1780391829817,23,12,182,217
150,758,bottleneck_150_758_1780391829546_747697,success,,b56022ff7d7b67a2d7f9b08a952918d4068707a760a596716f105838b48c0ac1,1780391829546,1780391829598,1780391829619,1780391829817,52,21,198,271
150,764,bottleneck_150_764_1780391829589_695628,success,,714571fb908c6ced5486399148065c0d657ace4e71b98befea787a8e5a3dd1a9,1780391829589,1780391829614,1780391829627,1780391829817,25,13,190,228
150,765,bottleneck_150_765_1780391829594_90488,success,,d2c6416d33b0d815c3397e277ed6c9d05f5ac487e4ff501c71642b09ec85d21b,1780391829594,1780391829615,1780391829628,1780391829817,21,13,189,223
150,771,bottleneck_150_771_1780391829633_454621,success,,b1e78e9b4b50b965afa6ef774361164b6461657e7d920c8a6fc4713642230b7b,1780391829633,1780391829724,1780391829734,1780391829879,91,10,145,246
150,779,bottleneck_150_779_1780391829685_721325,success,,6760b8dc47b61b99636a81c4bef5314600b53e026df00ae8e14428e14f500a2f,1780391829685,1780391829716,1780391829726,1780391829879,31,10,153,194
150,773,bottleneck_150_773_1780391829645_630753,success,,9773dbc91f165a87b87a1f3f650ed777068db36f9b94473f0405969b8d255c0c,1780391829645,1780391829717,1780391829725,1780391829879,72,8,154,234
150,769,bottleneck_150_769_1780391829625_449772,success,,f73aca61ec4583d90ba5677c9a247cfcce221d1d89129f43a2612c30c9e7b048,1780391829625,1780391829713,1780391829729,1780391829879,88,16,150,254
150,775,bottleneck_150_775_1780391829659_695844,success,,386a1d863159c346c6f6f42b9b2dd24eb167324307478959f0daeda0c7c52da2,1780391829659,1780391829718,1780391829730,1780391829879,59,12,149,220
150,776,bottleneck_150_776_1780391829666_258418,success,,0e6fc0b1962aa4bf07c5f3d98369ade43c121a66819400b755199ca9d7ca4b47,1780391829666,1780391829721,1780391829735,1780391829879,55,14,144,213
150,778,bottleneck_150_778_1780391829679_544497,success,,88d6ed935a3b3964ff8508f550342a5013b74cb8fbf85635559c0e8a9026c5d3,1780391829679,1780391829720,1780391829736,1780391829879,41,16,143,200
150,770,bottleneck_150_770_1780391829626_609967,success,,7270edc650c51c12eef90cb992c4a14f2440547274e02aa90354f2844450f044,1780391829626,1780391829724,1780391829737,1780391829879,98,13,142,253
150,772,bottleneck_150_772_1780391829640_514703,success,,adcb412aac211e6a41c4ba301468a9ff1d9d3af47926d47dac68364071f42607,1780391829640,1780391829722,1780391829736,1780391829879,82,14,143,239
150,774,bottleneck_150_774_1780391829652_978031,success,,a02241b13e38f44e900b2ddb9c6b0f101f564bb135239e3aa0f3417d3f8505a9,1780391829652,1780391829723,1780391829739,1780391829879,71,16,140,227
150,790,bottleneck_150_790_1780391829759_447041,success,,301d0bf40f9cc377a0bc5b9f9deac2fddee551422b8d22e64b1fe2559464f1ad,1780391829759,1780391829795,1780391829807,1780391829932,36,12,125,173
150,783,bottleneck_150_783_1780391829714_464724,success,,5f6ab1ebb61c6906c654ed4310c8c1064bff51e55eb0bce6b02661cd5c0f7903,1780391829714,1780391829776,1780391829783,1780391829932,62,7,149,218
150,780,bottleneck_150_780_1780391829692_693580,success,,cef020e7477bb7ce163378552a78df2f952a50102a2a6f417f00130fe5dec8cb,1780391829692,1780391829778,1780391829784,1780391829932,86,6,148,240
150,781,bottleneck_150_781_1780391829700_520639,success,,2421c078adcb5c7cba11fe094beace494ce3056d175cc606199de7cae85ff41c,1780391829700,1780391829778,1780391829785,1780391829932,78,7,147,232
150,787,bottleneck_150_787_1780391829740_263662,success,,06cc8b68229eab722ac68781dc8bec9af872acda5640105687e7a85697b9c925,1780391829740,1780391829781,1780391829787,1780391829932,41,6,145,192
150,784,bottleneck_150_784_1780391829719_320715,success,,d6c28fe3a10c8161809c37a949a83e68dc0eb625a9ab855ee7c00025fc533e2d,1780391829719,1780391829780,1780391829786,1780391829932,61,6,146,213
150,785,bottleneck_150_785_1780391829728_960123,success,,44b16735311b9d224b2d3d153e2fdc5ee7de36844538668f8f3aa9fd9555b89b,1780391829728,1780391829782,1780391829788,1780391829933,54,6,145,205
150,791,bottleneck_150_791_1780391829765_375824,success,,d82d3fb69aa0e7f2c13048b42a093f4b4c0cbc1ece0803bee5a340d0a2cf6d2a,1780391829765,1780391829799,1780391829803,1780391829933,34,4,130,168
150,792,bottleneck_150_792_1780391829772_927675,success,,76d8ffb3a756b69d80a63b1bf9884c8a6454ca05b44d0ad7b4cb63140b7fc0a2,1780391829772,1780391829795,1780391829802,1780391829933,23,7,131,161
150,782,bottleneck_150_782_1780391829706_606402,success,,1c4015075a2dc552978d2612e50655b238bceb0530b26e8aa82ce044d39a776c,1780391829706,1780391829775,1780391829782,1780391829933,69,7,151,227
150,800,bottleneck_150_800_1780391829825_432521,success,,f9d09b9258a3ce96567139b93152128550aa9994095919e4cc1ecc629394c4a0,1780391829825,1780391829870,1780391829881,1780391829964,45,11,83,139
150,789,bottleneck_150_789_1780391829752_915362,success,,e7c37c134598fab5c6573a75ca1dbdcc7f3ae26cb9640ca82306a52719a527a0,1780391829752,1780391829796,1780391829804,1780391829964,44,8,160,212
150,793,bottleneck_150_793_1780391829779_956510,success,,f018a8f118a697906f1a99998cb1c7ab10fa3899028b60650243b84a4332bb07,1780391829779,1780391829866,1780391829876,1780391829964,87,10,88,185
150,794,bottleneck_150_794_1780391829785_886635,success,,8cd1e2de11ceb900a1482d4564526aa9e6f986e2b74e47f94d57529e71c8dfc3,1780391829785,1780391829863,1780391829875,1780391829964,78,12,89,179
150,796,bottleneck_150_796_1780391829800_245238,success,,430d720a508186125c42435967be8a49f2581fe8a565059ab0778f9920812610,1780391829800,1780391829864,1780391829877,1780391829964,64,13,87,164
150,795,bottleneck_150_795_1780391829792_332375,success,,4b5f74d41270eef7720f24cfd42b29a4e4cea7de4ed04eae5e01f1e80d707697,1780391829792,1780391829865,1780391829876,1780391829964,73,11,88,172
150,798,bottleneck_150_798_1780391829812_323594,success,,3b57739e201de0c8843207921a07a12803124590bb080dc299f344c9de58a87b,1780391829812,1780391829869,1780391829878,1780391829964,57,9,86,152
150,788,bottleneck_150_788_1780391829745_276237,success,,75649f86f92da7eb42726672cf7bd693f38065ae1cfadfb91f67edb3197d271e,1780391829745,1780391829797,1780391829805,1780391829964,52,8,159,219
150,799,bottleneck_150_799_1780391829819_840072,success,,66c25e85723df122c4d83dfbbe05af24e739af5b6536422b48df1b7deac95922,1780391829819,1780391829871,1780391829879,1780391829964,52,8,85,145
150,786,bottleneck_150_786_1780391829732_439043,success,,c73efc1c2fda29217c4b8dfe4569a9c8d5d6c152d8f67115b943b48fae7444f3,1780391829732,1780391829798,1780391829805,1780391829964,66,7,159,232
150,812,bottleneck_150_812_1780391829905_968081,success,,be3a31ca4a81676516bca1373920d35f2bd4bb3a449e5d59b75b1eaab52f4e37,1780391829905,1780391830017,1780391830025,1780391830120,112,8,95,215
150,801,bottleneck_150_801_1780391829832_797406,success,,0ef58935c9a31978e07fe397f85cbce40c55d90573d078521c7adf1e83225d92,1780391829832,1780391829872,1780391829880,1780391830121,40,8,241,289
150,797,bottleneck_150_797_1780391829806_200723,success,,51691216956847d9f0167d0a6700f3e1547346025e3252452d2b1a164bb8db50,1780391829806,1780391829874,1780391829882,1780391830121,68,8,239,315
150,802,bottleneck_150_802_1780391829839_267794,success,,7879b32236b281d3e94eea799ba051e476afb5dc19f92abdaf88091cb95f4a5a,1780391829839,1780391829927,1780391829932,1780391830121,88,5,189,282
150,803,bottleneck_150_803_1780391829845_17887,success,,bff07f0903b6c37817e474f4af6fdfe4757e63a7cb0bbc19ab9d9d483d49f028,1780391829845,1780391829928,1780391829934,1780391830121,83,6,187,276
150,804,bottleneck_150_804_1780391829852_53365,success,,71c755b133d8962abc99920d870c186cfd07c787f64aea9668538ef97e43b3ab,1780391829852,1780391829929,1780391829933,1780391830121,77,4,188,269
150,807,bottleneck_150_807_1780391829873_746806,success,,f798574e01d311140ef721e6a8abd544abec9a2ccf32f773a2fcd479cc997a51,1780391829873,1780391829931,1780391829939,1780391830121,58,8,182,248
150,805,bottleneck_150_805_1780391829859_799985,success,,b1cac5dfc53e12cc80cfe43f0cd616239bcfe061e926e9dc7ba742c7156f46b0,1780391829859,1780391829931,1780391829941,1780391830121,72,10,180,262
150,806,bottleneck_150_806_1780391829866_635180,success,,12d1307a8f4d7e079486975d12f4542199adf99fdec5b1161a0b99a911f3519b,1780391829866,1780391829930,1780391829941,1780391830121,64,11,180,255
150,809,bottleneck_150_809_1780391829886_906714,success,,1aab87006f2d5e6b54097e3983977bc878603fda6c9cef36c8f6342942c82990,1780391829886,1780391830018,1780391830024,1780391830121,132,6,97,235
150,823,bottleneck_150_823_1780391829979_714089,success,,bfef174a6c87ccd9696607c326b5fa0f59658bbf40b330457a22663e99441fdc,1780391829979,1780391830036,1780391830048,1780391830190,57,12,142,211
150,817,bottleneck_150_817_1780391829940_920669,success,,a6326959ea8f33fa61d9cac590a75ae9c3ece15e289490cfbf1d913ec9dd98ef,1780391829940,1780391830021,1780391830030,1780391830190,81,9,160,250
150,811,bottleneck_150_811_1780391829899_756680,success,,bd974feea1f3a7401ddbc3b17074c56746322f7a90a170cc14ffcf9775cb78c2,1780391829899,1780391830023,1780391830042,1780391830191,124,19,149,292
150,815,bottleneck_150_815_1780391829926_521034,success,,e336d9ef6aeebfca2b5a012718d86afa77a7c6bf03b81ddae3d2a99079583e4c,1780391829926,1780391830020,1780391830029,1780391830191,94,9,162,265
150,816,bottleneck_150_816_1780391829935_275122,success,,caeecbd4ec90c46c82f3d43e4c73b418c826586a199f1c11670336d1f5a3cbab,1780391829935,1780391830022,1780391830039,1780391830191,87,17,152,256
150,808,bottleneck_150_808_1780391829879_577886,success,,299e9c0c8280395923ba8be9f9259577bb7f007b58609b4a0074a3421012c57a,1780391829879,1780391830018,1780391830030,1780391830191,139,12,161,312
150,814,bottleneck_150_814_1780391829919_125274,success,,43f6dca5a335b3e7b8e26752b732ff6ec4cbf35e5ec969397ee0ba88014bc52d,1780391829919,1780391830023,1780391830042,1780391830191,104,19,149,272
150,813,bottleneck_150_813_1780391829912_671957,success,,b2d2143cb3a0fa91f31d50ecd51c5d18c6d5032f84a861f7a5e21f12c3c73452,1780391829912,1780391830016,1780391830026,1780391830191,104,10,165,279
150,810,bottleneck_150_810_1780391829892_218190,success,,c51b45ff26d14989938e73252914bc68710797de832f04bd99a0973e76abf9cd,1780391829892,1780391830027,1780391830043,1780391830191,135,16,148,299
150,825,bottleneck_150_825_1780391829992_939927,success,,38385a9f556c826f9cece783f7f9920ef084fce530d236c29d08e8f4222976b3,1780391829992,1780391830031,1780391830048,1780391830191,39,17,143,199
150,827,bottleneck_150_827_1780391830005_444829,success,,fbec0801577b7610fba3ae98f9bc7fc38604e30713d695eb1d9b2375f3468188,1780391830005,1780391830046,1780391830064,1780391830241,41,18,177,236
150,820,bottleneck_150_820_1780391829960_337044,success,,bd679f9e08b80bf20822337c93cea2e4b5b387dffa29a8eea1217a3420a9be73,1780391829960,1780391830032,1780391830049,1780391830241,72,17,192,281
150,818,bottleneck_150_818_1780391829946_859059,success,,90a42b583c4b904dbbd6815ab7dc656c93081ca800f659a737a9db5b9fb567ec,1780391829946,1780391830033,1780391830047,1780391830241,87,14,194,295
150,822,bottleneck_150_822_1780391829972_49331,success,,3673da1c92475979d7be9419ede1ae0f6dcf22a93cadc90699a328226b93fd14,1780391829972,1780391830037,1780391830060,1780391830241,65,23,181,269
150,826,bottleneck_150_826_1780391830000_281,success,,a0e0ebc5b0a9da8fa93ef3d3c4cf4c38d579d5f81fad7149dbe4795522353125,1780391830000,1780391830034,1780391830061,1780391830241,34,27,180,241
150,824,bottleneck_150_824_1780391829985_767131,success,,fecb3aa0ceb31d54b0a5b06815d2c60e28a0f6f54c01fb03dbe6eb037cb55213,1780391829985,1780391830040,1780391830062,1780391830241,55,22,179,256
150,821,bottleneck_150_821_1780391829965_156471,success,,e6df10bda6d546c9d8958e415e5f93dcee0654631ca696e640b758f8dbc5951d,1780391829965,1780391830041,1780391830062,1780391830241,76,21,179,276
150,819,bottleneck_150_819_1780391829953_671014,success,,e7d71ce22ce2485cca96e408b51417bcb9902d3b6c9d2be76634a0779a4785f9,1780391829953,1780391830039,1780391830063,1780391830241,86,24,178,288
150,830,bottleneck_150_830_1780391830028_257333,success,,f278a25fcbb0a09cb6b1e9a635de6bf32cbbdb2845141e4269553b56d977fb6c,1780391830028,1780391830050,1780391830065,1780391830241,22,15,176,213
150,828,bottleneck_150_828_1780391830012_457588,success,,8b5f9e0f252f303cf502b86072fca91685002179c7a0318502f86ab39645396f,1780391830012,1780391830045,1780391830066,1780391830253,33,21,187,241
150,835,bottleneck_150_835_1780391830059_574637,success,,9a000c28363cc50c4a0abe1a286cae23801d0fadb4b7a2735dfce84107aa0ed1,1780391830059,1780391830166,1780391830183,1780391830274,107,17,91,215
150,829,bottleneck_150_829_1780391830019_637344,success,,f00aa920c9a58fa577b02c8a8d5ce862c3feda5fed525109e19396e0927ce06d,1780391830019,1780391830058,1780391830066,1780391830275,39,8,209,256
150,832,bottleneck_150_832_1780391830044_930561,success,,c0f7890b9021b33d2488c14c96edff3309d30a5231d13c5c32eee04ec793aefb,1780391830044,1780391830087,1780391830090,1780391830275,43,3,185,231
150,833,bottleneck_150_833_1780391830044_654350,success,,2aae00f7a6fc5b426374580d9f2c6a0966d481b4ac05f7d81ae61c5db61cf923,1780391830044,1780391830088,1780391830092,1780391830275,44,4,183,231
150,831,bottleneck_150_831_1780391830035_958993,success,,79e478c2ea7e9ef64a51e97fb0ec5c22d09185387db1a205caad26c73eb81ae4,1780391830035,1780391830089,1780391830091,1780391830275,54,2,184,240
150,834,bottleneck_150_834_1780391830053_88502,success,,6f01b69a32af7f42eb990c3517e5b039387195e1e125bde8f7b6d6bfefb0c020,1780391830053,1780391830089,1780391830095,1780391830275,36,6,180,222
150,841,bottleneck_150_841_1780391830099_783163,success,,cf18f221bd7c446318bf2454ac006d979d4ea8a0a8ca215f2b810f1392841907,1780391830099,1780391830163,1780391830172,1780391830275,64,9,103,176
150,843,bottleneck_150_843_1780391830113_570164,success,,46feb7f49158c388770acc861af804880d2fca4986aba7e8c467856d8ead8a7d,1780391830113,1780391830164,1780391830174,1780391830275,51,10,101,162
150,837,bottleneck_150_837_1780391830072_600405,success,,f8b920e9a7bc8872370f7ef7002edee5f1edcbc5def347b54069fac1b6841e3f,1780391830072,1780391830167,1780391830173,1780391830275,95,6,102,203
150,836,bottleneck_150_836_1780391830067_166313,success,,c9f49a795f3312cab3abe9585f03553c8ebdd6ec92b3771756824d610d3ca2dd,1780391830067,1780391830165,1780391830184,1780391830275,98,19,91,208
150,847,bottleneck_150_847_1780391830139_400183,success,,1da140c4ad61bf81b11aa1fb5879f294d159b52539aee3b8f985866be11ccaee,1780391830139,1780391830252,1780391830263,1780391830326,113,11,63,187
150,842,bottleneck_150_842_1780391830106_345184,success,,ad27a0bb8712cf79fe58ad44a668213907c4f9ab35e2d28d5263704bf3f123e5,1780391830106,1780391830170,1780391830185,1780391830326,64,15,141,220
150,840,bottleneck_150_840_1780391830093_992814,success,,b83fa3eb87b854cb2cf912b70f65414fd299fc7f7a74c356757e273f25ce8972,1780391830093,1780391830169,1780391830184,1780391830326,76,15,142,233
150,839,bottleneck_150_839_1780391830085_276301,success,,a27963191f2b7f76b256539be567a1c8083ff780440eb23e08eabc9d9c864084,1780391830085,1780391830166,1780391830186,1780391830327,81,20,141,242
150,838,bottleneck_150_838_1780391830079_814101,success,,114f9b9013e6a3c1d976170e09aa846d1ff56de91a89e59dc51bc331bde15460,1780391830079,1780391830171,1780391830187,1780391830327,92,16,140,248
150,844,bottleneck_150_844_1780391830119_417864,success,,c337394cc322747b4166e165b88d86688f767b6d256136a5c42027c781791aa6,1780391830119,1780391830243,1780391830253,1780391830327,124,10,74,208
150,845,bottleneck_150_845_1780391830125_398626,success,,026714a17529b856f3df3ea07bc5e1c68472388e3bcbfe781468bfdc01716a09,1780391830125,1780391830242,1780391830256,1780391830328,117,14,72,203
150,854,bottleneck_150_854_1780391830187_332043,success,,56147888b7d45a5ead5dc1a76682a3696427cc176656ef147057c53e58465fd5,1780391830187,1780391830244,1780391830259,1780391830328,57,15,69,141
150,848,bottleneck_150_848_1780391830145_158303,success,,a1e8a311e5dc85bc058a4a37e277304128c535d65b0f28459c9dec123c730edb,1780391830145,1780391830246,1780391830262,1780391830328,101,16,66,183
150,850,bottleneck_150_850_1780391830159_312552,success,,0ec862511928b3675fde5cb02a962a3def92ad072abc8aa08bc0716d23b6865a,1780391830159,1780391830251,1780391830264,1780391830328,92,13,64,169
150,855,bottleneck_150_855_1780391830192_647008,success,,e30495fa4bf9607f8032cbc103eca0cbec87fd9f7ad760a6233b9006ecf664ba,1780391830192,1780391830303,1780391830314,1780391830365,111,11,51,173
150,866,bottleneck_150_866_1780391830265_226047,success,,86b3d7e8e6f14d24d5c32f5ec21b1e2a065e4687aa333b8238cccbc5bf068e8d,1780391830265,1780391830302,1780391830316,1780391830365,37,14,49,100
150,853,bottleneck_150_853_1780391830179_161962,success,,934d87832290fcf1c2456dcdafc4e641c725111735e62325fad11e736c60ddef,1780391830179,1780391830250,1780391830268,1780391830365,71,18,97,186
150,846,bottleneck_150_846_1780391830132_11667,success,,c80c4976b9d4070a0f91d05efd058ade4a6e11ca03b831e46fbd0cf20124f1bb,1780391830132,1780391830245,1780391830269,1780391830365,113,24,96,233
150,852,bottleneck_150_852_1780391830173_99585,success,,11f244bb9e9e7047498bdb893edb2ed40c09fc9b9de48fc49035b49a584aa7ba,1780391830173,1780391830249,1780391830266,1780391830365,76,17,99,192
150,849,bottleneck_150_849_1780391830153_846046,success,,9fdcbe65979d78833be8ffa64f07ee5ffb67abd153eb0c86041889bdccb7a49b,1780391830153,1780391830246,1780391830270,1780391830365,93,24,95,212
150,868,bottleneck_150_868_1780391830280_352068,success,,31a04a290fd4a9049ddf53dc48a58617e73d62f771ce24694e40aeca14b77737,1780391830280,1780391830298,1780391830310,1780391830365,18,12,55,85
150,857,bottleneck_150_857_1780391830205_279425,success,,faa631dcff922f046961b43cfc5ea6e33262646c64f56f877019556f4e2a6ff7,1780391830205,1780391830299,1780391830312,1780391830365,94,13,53,160
150,863,bottleneck_150_863_1780391830247_879553,success,,bbeed326310ba062616d9205a8d86fdba66addd38072709a980d5a56ef2e07e7,1780391830247,1780391830300,1780391830313,1780391830365,53,13,52,118
150,851,bottleneck_150_851_1780391830168_275819,success,,7dc371d6cd782dc43d1e673dc5a266a9cbb8fcef6ffd06f07ffd85cd20f0cf5f,1780391830168,1780391830244,1780391830268,1780391830365,76,24,97,197
150,871,bottleneck_150_871_1780391830300_461824,success,,be19173e95e7dfc4b741010406e0b8b4c417104222ae00e7401db40a9652ff6c,1780391830300,1780391830341,1780391830358,1780391830397,41,17,39,97
150,861,bottleneck_150_861_1780391830233_948580,success,,63b8403b4dba3d11fc2223aa63877524ddea385353cb7d1938e7ff1d290c9518,1780391830233,1780391830304,1780391830317,1780391830397,71,13,80,164
150,864,bottleneck_150_864_1780391830255_567802,success,,c041c51235540b1e58edf8540989b68a54d4d426f7b2ee2821b40c25d018c56b,1780391830255,1780391830301,1780391830318,1780391830398,46,17,80,143
150,865,bottleneck_150_865_1780391830261_448512,success,,4fb34dbd138e7725c045f07692511efc6c956d2ae2b660868057fb1bd2582750,1780391830261,1780391830305,1780391830323,1780391830398,44,18,75,137
150,862,bottleneck_150_862_1780391830240_623783,success,,9988a679f9788e842227410b3c617b23beb269a5d6ce91d11b41c82c37f67795,1780391830240,1780391830311,1780391830330,1780391830399,71,19,69,159
150,859,bottleneck_150_859_1780391830218_505979,success,,de9924e605d14d64730d66bd961dbc9533c0318516fbc5c6ba4680e3e2915ddd,1780391830218,1780391830309,1780391830325,1780391830399,91,16,74,181
150,867,bottleneck_150_867_1780391830272_444225,success,,0cadd4abc5d80aebe331adde51a551f4cae03f24bc385d14ad81916dec0a6e2d,1780391830272,1780391830311,1780391830330,1780391830399,39,19,69,127
150,858,bottleneck_150_858_1780391830212_299172,success,,6026f84af5edc9a532d0164447763ec5f7999930e15c1dc743b22c548688f7d1,1780391830212,1780391830306,1780391830331,1780391830399,94,25,68,187
150,860,bottleneck_150_860_1780391830225_40560,success,,231e061fb72e223ea222441cc613fbcccc2c8283133ee73f4599e0aa947d50a9,1780391830225,1780391830307,1780391830324,1780391830400,82,17,76,175
150,856,bottleneck_150_856_1780391830199_603366,success,,be080992308e8aa49916c7f3e3914e92b5fd031e58b561ef78f9746655e56f36,1780391830199,1780391830313,1780391830329,1780391830400,114,16,71,201
150,884,bottleneck_150_884_1780391830385_660353,success,,a1e422b6fe9bf1e0cb930d49bb3ae0805a66392270dfa4f6558120fcb33eab96,1780391830385,1780391830420,1780391830433,1780391830470,35,13,37,85
150,882,bottleneck_150_882_1780391830372_231233,success,,2a23c90ff23efea6708aabd8e5a306806b804a9c20104979582cb74a75bb298e,1780391830372,1780391830411,1780391830427,1780391830470,39,16,43,98
150,879,bottleneck_150_879_1780391830353_331585,success,,4e42a90043ad6dfbb60410437aef5e13da013402827597c941deefd270225b82,1780391830353,1780391830414,1780391830430,1780391830470,61,16,40,117
150,876,bottleneck_150_876_1780391830333_735930,success,,43aef5b1cc48bac64dbab27853109c4cf31d7d45fa1fa7daeac7d3b1e7f55343,1780391830333,1780391830413,1780391830430,1780391830470,80,17,40,137
150,873,bottleneck_150_873_1780391830319_801574,success,,207b59901ae57485c073b8f36e4b2a21e04231af7396890f7b4b81e720151232,1780391830319,1780391830415,1780391830429,1780391830470,96,14,41,151
150,872,bottleneck_150_872_1780391830308_382661,success,,2e66393ddbe2d0d664e67200a0ef39b068aa51ce953207bde783065df3093b05,1780391830308,1780391830344,1780391830363,1780391830471,36,19,108,163
150,870,bottleneck_150_870_1780391830292_44759,success,,621e895d46ccfd91183ce395a58fa4002d0c1324ee0983b505fa13bcc93cb2ee,1780391830292,1780391830343,1780391830361,1780391830471,51,18,110,179
150,869,bottleneck_150_869_1780391830285_477448,success,,63cb24b9e2a0e56937026cb0924f8d1da8d2da7f39443e1987010c51cd9bced3,1780391830285,1780391830328,1780391830360,1780391830473,43,32,113,188
150,877,bottleneck_150_877_1780391830339_136199,success,,eca8402a7dff4ef1463ad77113d209a3d8f7e8d45972884a626420191a54df74,1780391830339,1780391830416,1780391830431,1780391830474,77,15,43,135
150,874,bottleneck_150_874_1780391830321_963823,success,,bd3b94a6fc699222ed8704be5089d2a8ad718890272ffcf23966812787599edc,1780391830321,1780391830364,1780391830370,1780391830474,43,6,104,153
150,889,bottleneck_150_889_1780391830420_665029,success,,cdf332842dc3a13ead47bdaa4eb5d61156491f67a61742569ebddf21fb67ebb0,1780391830420,1780391830436,1780391830443,1780391830483,16,7,40,63
150,878,bottleneck_150_878_1780391830346_620241,success,,4c2fbfb7780341856075475bd8dc0af387893a6cf20ede64d5b5b9797c05aeda,1780391830346,1780391830425,1780391830439,1780391830483,79,14,44,137
150,885,bottleneck_150_885_1780391830393_883270,success,,31739a7ee8ca1be4518235c8715f26881658f78f7418bbbb4992c2fdfe44ba55,1780391830393,1780391830422,1780391830440,1780391830483,29,18,43,90
150,883,bottleneck_150_883_1780391830379_705915,success,,0aad46f3f7505b7202d635f0de230811d6bdeaf60404e28a7e07d49ae200c918,1780391830379,1780391830422,1780391830438,1780391830484,43,16,46,105
150,888,bottleneck_150_888_1780391830412_235155,success,,3b4fc80ce4d96df8dd68a97168c676cde88ecfc99c5135e42c5d636bf855e08f,1780391830412,1780391830428,1780391830442,1780391830484,16,14,42,72
150,886,bottleneck_150_886_1780391830399_139032,success,,18f674def826ea7ec246209059452e0047dbda67b920b69075ea9fe3a7a603b0,1780391830399,1780391830428,1780391830443,1780391830484,29,15,41,85
150,881,bottleneck_150_881_1780391830365_850067,success,,a3a92719355dd30f3ad50b6460ffdd90eea4a4e557f8044623d1d4d6759cf73b,1780391830365,1780391830419,1780391830434,1780391830484,54,15,50,119
150,875,bottleneck_150_875_1780391830332_14716,success,,b09de9eea105a11dac3437e59ec166bc16d426ecb03f6a341c3cb2c5a4a1cf31,1780391830332,1780391830424,1780391830440,1780391830484,92,16,44,152
150,887,bottleneck_150_887_1780391830405_81751,success,,0abec04a38edc19c8ac350e8901b66dcfce0570210a4ad4b288a3886dddfda8b,1780391830405,1780391830426,1780391830437,1780391830484,21,11,47,79
150,880,bottleneck_150_880_1780391830359_60122,success,,ff8e2928043532951bea4bc35b06d95f30268f7cc6e63051cd25607ddf001669,1780391830359,1780391830417,1780391830435,1780391830484,58,18,49,125
150,899,bottleneck_150_899_1780391830485_25480,success,,cf590958390258cf6b3d133a1e014e9318d89f4e9c2125265d036a5a30cb3aba,1780391830485,1780391830491,1780391830494,1780391830518,6,3,24,33
150,893,bottleneck_150_893_1780391830445_182981,success,,1a16941c0ac6f80fcc9b1900376d8ead8b55f4bef7fe7fceef1f35f628b2f3d0,1780391830445,1780391830460,1780391830463,1780391830518,15,3,55,73
150,890,bottleneck_150_890_1780391830432_265771,success,,66ebd1a7e030034b20e574455fd47854e6e73767bdfee3a4e248481079ca084e,1780391830432,1780391830451,1780391830457,1780391830518,19,6,61,86
150,891,bottleneck_150_891_1780391830433_944262,success,,5f54bc959223aa1e7e11c059c5d8c73fa03dde9ed1076cb12426a850ce6e683e,1780391830433,1780391830453,1780391830461,1780391830518,20,8,57,85
150,892,bottleneck_150_892_1780391830441_683206,success,,0fd177c8590f26b7e746b2aaef6b781b9907b83f8b867923c0f81ada67f6a7dc,1780391830441,1780391830458,1780391830462,1780391830518,17,4,56,77
150,895,bottleneck_150_895_1780391830459_584443,success,,bb1bfb6449b319e21fafdd65157944ad0852baf28a29f70f0471cf62fa5624bd,1780391830459,1780391830482,1780391830486,1780391830518,23,4,32,59
150,894,bottleneck_150_894_1780391830452_185601,success,,b3fb5dcddb836d5358c9416d739977663e97305aa575b0f18b9dc356de3409c5,1780391830452,1780391830473,1780391830478,1780391830518,21,5,40,66
150,896,bottleneck_150_896_1780391830465_624662,success,,99dfab426567a5074e522919c2d5b083da10ffa6e3ed8bb9ce6a52c4c833d144,1780391830465,1780391830481,1780391830484,1780391830518,16,3,34,53
150,898,bottleneck_150_898_1780391830479_67814,success,,20f0056f6425b26178ebe4433908b12785d7e0f104219f504d392e633ef90761,1780391830479,1780391830489,1780391830493,1780391830518,10,4,25,39
150,897,bottleneck_150_897_1780391830472_308568,success,,2c3852ef348cbf0f6e1b9d36a1652c1321589e7e5d8c75ffc519cb917bb26532,1780391830472,1780391830490,1780391830493,1780391830518,18,3,25,46
150,909,bottleneck_150_909_1780391830552_943606,success,,9f11de2fef786cf29fd99140aa8e96afc314babbfaec913b48cb826b9075029c,1780391830552,1780391830558,1780391830561,1780391830591,6,3,30,39
150,900,bottleneck_150_900_1780391830492_236910,success,,b2154b7379e2e2618354671c327c2d4f643c97a165ebc5e1990ade4e00eee21a,1780391830492,1780391830498,1780391830500,1780391830591,6,2,91,99
150,901,bottleneck_150_901_1780391830499_622626,success,,7cdfd0b90c4010a37d2302da88125cda735d4fec2bc0882888ff2e2cfeefa98b,1780391830499,1780391830515,1780391830519,1780391830591,16,4,72,92
150,902,bottleneck_150_902_1780391830505_576848,success,,b3933328e22fc9b34835fa02e6ceceea8ae215820d9707fc299f26750a273069,1780391830505,1780391830517,1780391830521,1780391830591,12,4,70,86
150,903,bottleneck_150_903_1780391830512_309044,success,,154928531ddec6402b449f5c0356f4dbba64f9f61f3e05a5ef840ef14657368f,1780391830512,1780391830531,1780391830534,1780391830591,19,3,57,79
150,905,bottleneck_150_905_1780391830526_30725,success,,d552fb7d0645d522c4b1fb2cb8095a0f528cc58a75aa42011229992b2c4f8422,1780391830526,1780391830533,1780391830537,1780391830591,7,4,54,65
150,904,bottleneck_150_904_1780391830519_394002,success,,cdea623816a06f1c6e4d4d4fff7ebccc57c2fe0da734c9bfc6c8ca3f07501609,1780391830519,1780391830533,1780391830538,1780391830591,14,5,53,72
150,906,bottleneck_150_906_1780391830532_349759,success,,8e498e24d042c8eb66d526655e40ae404b0cde35da675974a78e7e4f47187ae9,1780391830532,1780391830540,1780391830543,1780391830591,8,3,48,59
150,907,bottleneck_150_907_1780391830539_689251,success,,ec8f70a8965c9222d1de581e6d22882f8106ce35f445e5d33b2f0d1c6ee5aad3,1780391830539,1780391830546,1780391830549,1780391830591,7,3,42,52
150,908,bottleneck_150_908_1780391830545_622863,success,,1a3da175a51f1803bf543cea45b8ab3238cb249d78181429f90a39ae689ed287,1780391830545,1780391830553,1780391830555,1780391830591,8,2,36,46
150,919,bottleneck_150_919_1780391830620_164761,success,,41a4c9a514de0f92c40b43175ad931324b212e7a189b45540118f191ff05e0a8,1780391830620,1780391830626,1780391830628,1780391830646,6,2,18,26
150,912,bottleneck_150_912_1780391830572_442297,success,,c5f5a22535b5198ea2059b96896ef1cceea142310b9629ce6a7dd701ba4ba21d,1780391830572,1780391830585,1780391830588,1780391830647,13,3,59,75
150,914,bottleneck_150_914_1780391830586_296662,success,,6b2d3b7d140171a4b76d70919bddfa0ed5259b2b222738b680ba360a1961ad0c,1780391830586,1780391830595,1780391830597,1780391830647,9,2,50,61
150,913,bottleneck_150_913_1780391830579_952579,success,,a9eb74d3b592b2afe50154c50110a41a54d0d6e9cef85dec4248f9426ae89b4c,1780391830579,1780391830596,1780391830598,1780391830647,17,2,49,68
150,915,bottleneck_150_915_1780391830593_861788,success,,6ed742fc9856e8d28f0821fa74af748c3f74cca8ff5ad0612fcdd1353325d245,1780391830593,1780391830599,1780391830601,1780391830647,6,2,46,54
150,916,bottleneck_150_916_1780391830599_296776,success,,1b2b88b29eff7fe850566881d33c000569a0f5080f4ad97a8e88c7de53abace5,1780391830599,1780391830604,1780391830607,1780391830647,5,3,40,48
150,917,bottleneck_150_917_1780391830605_600682,success,,459f29f82f00db87f3531bff75a0609f6a74e11e0412ec87f779b9775788d374,1780391830605,1780391830611,1780391830613,1780391830647,6,2,34,42
150,918,bottleneck_150_918_1780391830612_576160,success,,db38715ece2705c39a62e26b9c9bf5ca989cbe65b95b9863f953d94b4661b29f,1780391830612,1780391830617,1780391830619,1780391830647,5,2,28,35
150,911,bottleneck_150_911_1780391830565_787667,success,,8275b3fc878784fa24dcfe324c125ae838f106a20e14f84fae0ea00415899d99,1780391830565,1780391830577,1780391830582,1780391830647,12,5,65,82
150,910,bottleneck_150_910_1780391830559_685331,success,,6e0fc696a97d6005800eb7c50b18748d5699f2c3fb26d3bfd45b2cda8144a1bc,1780391830559,1780391830578,1780391830583,1780391830647,19,5,64,88
150,929,bottleneck_150_929_1780391830685_739947,success,,b68a1a95b7cf075edd32c976c0b184156e95f63131da8610d09b4ad86eb9b2be,1780391830685,1780391830691,1780391830693,1780391830718,6,2,25,33
150,920,bottleneck_150_920_1780391830626_474003,success,,41f935f85b007a348f4fd25937e810ac29fb9bce83f30dc3cf91047c9f74eb13,1780391830626,1780391830635,1780391830637,1780391830718,9,2,81,92
150,921,bottleneck_150_921_1780391830633_548078,success,,5af2f18315e5254fdd065736a1c0090ff63e04d9f0e24a0134704d0515da93b0,1780391830633,1780391830640,1780391830644,1780391830718,7,4,74,85
150,925,bottleneck_150_925_1780391830659_724861,success,,2a438b668ea5518a7769c2ce35512a17ee338056a5a04922cbde94391e708fc1,1780391830659,1780391830664,1780391830666,1780391830718,5,2,52,59
150,922,bottleneck_150_922_1780391830639_233344,success,,dc6cf0e484413371c21599ac0ceefab93f3511de6769077e3f503e74e056b720,1780391830639,1780391830652,1780391830655,1780391830718,13,3,63,79
150,923,bottleneck_150_923_1780391830645_972980,success,,1db5a9fa67ac91f7eaa1acc94c11a1ec70bb1d46ed2a280eca3845df06d6fedf,1780391830645,1780391830654,1780391830658,1780391830718,9,4,60,73
150,924,bottleneck_150_924_1780391830653_819297,success,,7ad20ce5ca55a1efd468d538eb1ed6e29b95ce93a81cac57c6cadeb39466a919,1780391830653,1780391830660,1780391830662,1780391830718,7,2,56,65
150,927,bottleneck_150_927_1780391830672_158139,success,,2a2e399efb37870cdbc60631030cb01b53148126355c9b0a7f8a7d8ce4fc472e,1780391830672,1780391830676,1780391830678,1780391830718,4,2,40,46
150,926,bottleneck_150_926_1780391830665_167143,success,,edc0366fc3c41c303692aea21f0158614c8c195a6aa0972b42432c70d59b74aa,1780391830665,1780391830670,1780391830672,1780391830718,5,2,46,53
150,928,bottleneck_150_928_1780391830679_702003,success,,d777356bd8d932a031f07ae8e4a1599797b57087bcf149eac23529cf41a8ce67,1780391830679,1780391830684,1780391830686,1780391830718,5,2,32,39
150,939,bottleneck_150_939_1780391830752_697581,success,,513f8e221741a18817366174c306e07c7aefa933384ce22236362e19247658b2,1780391830752,1780391830757,1780391830760,1780391830778,5,3,18,26
150,930,bottleneck_150_930_1780391830692_552083,success,,c456b99ad9b027abe09ff3e6a7b3f1557b34132d3f54e89a07ae86e73bf684e3,1780391830692,1780391830703,1780391830707,1780391830778,11,4,71,86
150,931,bottleneck_150_931_1780391830699_750504,success,,d72bc96f118a17c3216cf0d1969c4bcb9998f184968e9145a29853696dfde9cf,1780391830699,1780391830709,1780391830711,1780391830778,10,2,67,79
150,935,bottleneck_150_935_1780391830724_324519,success,,a133260a2ff4a305ff16b20c3478756738dfac57b49bb14178417629d7bf076f,1780391830725,1780391830731,1780391830734,1780391830778,6,3,44,53
150,934,bottleneck_150_934_1780391830719_40583,success,,3da7806b4e219c6fc5134501753074e412246eb2cc4069093add4cb03cbb7d9e,1780391830719,1780391830726,1780391830729,1780391830778,7,3,49,59
150,933,bottleneck_150_933_1780391830712_380549,success,,950ff66a303f72d988cb58f80c558547603fb69fe1335dce9620eb7a39e0a9aa,1780391830712,1780391830728,1780391830730,1780391830778,16,2,48,66
150,937,bottleneck_150_937_1780391830739_603241,success,,11bc1f44b8d1ab11df32e1a1b8adfbfe959242c4b2028f74da9e8930702cd3fe,1780391830739,1780391830745,1780391830746,1780391830778,6,1,32,39
150,936,bottleneck_150_936_1780391830732_765642,success,,866d0cc4d0c4ba2fcd6e8d11e8a0f1ee14c4b7a44364280d07e48ef9683279e5,1780391830732,1780391830737,1780391830740,1780391830778,5,3,38,46
150,938,bottleneck_150_938_1780391830746_325058,success,,13814dd7ab1ba1c6dfe7d1d8e2023298fbe1480081c105c5c6a7e50ae0cd000b,1780391830746,1780391830750,1780391830753,1780391830778,4,3,25,32
150,932,bottleneck_150_932_1780391830705_851457,success,,7f8ee18fd07370381e752643ec5fdb31322bccf7f1103f852ee462a21ddbd752,1780391830705,1780391830727,1780391830731,1780391830779,22,4,48,74
150,949,bottleneck_150_949_1780391830819_513856,success,,67dec77ab4e8c518bd07043a1a8fc0cd741a54af755225276646ba6718eea602,1780391830819,1780391830824,1780391830826,1780391830847,5,2,21,28
150,940,bottleneck_150_940_1780391830759_96474,success,,da3141a154bf42e8d402d6abd49fb7ee6d89b7088965c07fb26caa290659df02,1780391830759,1780391830769,1780391830773,1780391830847,10,4,74,88
150,941,bottleneck_150_941_1780391830765_868032,success,,ed0dad02a25e2c2e17932428ba260851a461920d0079b55d548717102344aeee,1780391830765,1780391830774,1780391830775,1780391830847,9,1,72,82
150,942,bottleneck_150_942_1780391830772_107082,success,,d3b82fcc1b950c3bb20cd0fb70f71843a66736cc2f3fd47c02e1d274dbfe228f,1780391830772,1780391830782,1780391830784,1780391830847,10,2,63,75
150,943,bottleneck_150_943_1780391830779_103646,success,,655125013f4b0baf2bb4e805a1eb89dd21ed5bac8e7be9a33a145d16072d319b,1780391830779,1780391830783,1780391830786,1780391830847,4,3,61,68
150,944,bottleneck_150_944_1780391830785_387567,success,,a97b23419133d88ba81ec5b58677482d50d71b8e6126a440a90da4802f6e6810,1780391830785,1780391830790,1780391830792,1780391830847,5,2,55,62
150,945,bottleneck_150_945_1780391830793_594485,success,,d0101ff73a7950b46f0ba4dbc0d79cc28ecd8f029e69b50f17da50a360bcdd72,1780391830793,1780391830797,1780391830799,1780391830847,4,2,48,54
150,946,bottleneck_150_946_1780391830799_847313,success,,f768cccb23fa3564a326c07142a5a2f59e8e24587828bb13e3e6284e06bc06bb,1780391830799,1780391830805,1780391830806,1780391830847,6,1,41,48
150,947,bottleneck_150_947_1780391830805_501358,success,,6bebc8d6954ed6a6bb6ae5ceb9bd5c0c347c01ae5ef88a37eb0fdfbc68989e99,1780391830805,1780391830810,1780391830812,1780391830848,5,2,36,43
150,948,bottleneck_150_948_1780391830813_820082,success,,2c046be6831a12da23e1fcb0408fb445cfe4a2658b950c2d3e36da9a52ca4000,1780391830813,1780391830817,1780391830819,1780391830848,4,2,29,35
150,959,bottleneck_150_959_1780391830885_861453,success,,fea7cf4198ee2c9dcc9434ef915d24e2cfffe265e57328cb99791fdf26f69ba6,1780391830885,1780391830891,1780391830893,1780391830916,6,2,23,31
150,952,bottleneck_150_952_1780391830840_830540,success,,e89175258f3649159baac897627c732784db53ef54a3373f50bf5f7f4b24b0ad,1780391830840,1780391830853,1780391830857,1780391830919,13,4,62,79
150,953,bottleneck_150_953_1780391830845_214386,success,,591d5b28e0ffc511eeba5793d59c76a10acce26432512bdc21f64fda3a83d999,1780391830845,1780391830855,1780391830859,1780391830919,10,4,60,74
150,954,bottleneck_150_954_1780391830852_799799,success,,53f6cb7bd30f71655eda985e4d4dc7391723d0a876a4cabd8f4985009efa0863,1780391830852,1780391830860,1780391830862,1780391830919,8,2,57,67
150,955,bottleneck_150_955_1780391830859_541792,success,,6ef010a6b0ebecbc061f2f4fb340f5ce94c651bace684affc493dfda92014ec7,1780391830859,1780391830864,1780391830866,1780391830919,5,2,53,60
150,956,bottleneck_150_956_1780391830865_666961,success,,f41f76278842ee0a60974c2dd8e51fd6050f373bc5cbf34f75ed8339261782e0,1780391830865,1780391830870,1780391830873,1780391830919,5,3,46,54
150,957,bottleneck_150_957_1780391830872_171620,success,,a241b2b841a98ea6c460446abac8a1810aee5245380c1fa6ba451580d621dda7,1780391830872,1780391830876,1780391830878,1780391830919,4,2,41,47
150,958,bottleneck_150_958_1780391830879_696744,success,,8443be01b23db637ebae0fd6a1fbb64810368b67248a160ef26f91576a20a88a,1780391830879,1780391830884,1780391830886,1780391830919,5,2,33,40
150,950,bottleneck_150_950_1780391830825_536665,success,,a4a64c7bbaaa50f2b939eac42413566c971a182bfb633bedd18072d2547acf14,1780391830825,1780391830830,1780391830836,1780391830919,5,6,83,94
150,951,bottleneck_150_951_1780391830833_736963,success,,af30d59ef4be31d9101feebf4d997d2a2a4ed5efa9a73e18df1c94fa17b4c021,1780391830833,1780391830847,1780391830849,1780391830919,14,2,70,86
150,969,bottleneck_150_969_1780391830953_702615,success,,4b3017592e0b89c5e9fd4fc3ab20532f3186a1201a2307728b91a0766eb0b373,1780391830953,1780391830959,1780391830961,1780391830983,6,2,22,30
150,966,bottleneck_150_966_1780391830933_472794,success,,82468692883da2f2658a5ff2f025a6b7c3ad8f90178dd6df78154d90f5222dad,1780391830933,1780391830938,1780391830941,1780391830983,5,3,42,50
150,963,bottleneck_150_963_1780391830912_669480,success,,6e3943ca788f02f86ffa845410ac728fb412c53dcb0dcb268d58ff0909dff5fa,1780391830912,1780391830926,1780391830929,1780391830983,14,3,54,71
150,964,bottleneck_150_964_1780391830919_354480,success,,99fce295ad56825bc8d6001dc926981318de47de392f446a4d29e7e9fcbc3a4d,1780391830919,1780391830927,1780391830930,1780391830983,8,3,53,64
150,965,bottleneck_150_965_1780391830925_94566,success,,4b02aa2053e62cf80fb0b73150bf317cf3c70be643f248064559da7d263865e3,1780391830925,1780391830930,1780391830932,1780391830983,5,2,51,58
150,967,bottleneck_150_967_1780391830939_927190,success,,3ced7f68ba698d860568b532550aec6d3b2a306cce27dcc4caeff21f44ed281d,1780391830939,1780391830945,1780391830947,1780391830983,6,2,36,44
150,961,bottleneck_150_961_1780391830899_792374,success,,7195742638013ef83eadfb54d6087da5d7b89e2ed8304d88ecfafb8d629d9acd,1780391830899,1780391830911,1780391830914,1780391830983,12,3,69,84
150,962,bottleneck_150_962_1780391830905_273522,success,,d2af11005b604096081d8f08831014e0e87e6e7f0b7a618a7a6831e50576a5b5,1780391830905,1780391830924,1780391830928,1780391830983,19,4,55,78
150,960,bottleneck_150_960_1780391830892_283648,success,,31b9c239c9ad314b2b0fea116d0e1cf3b19588077848bbc1a520ec3c716c037b,1780391830892,1780391830898,1780391830902,1780391830983,6,4,81,91
150,968,bottleneck_150_968_1780391830946_259409,success,,fe12cf1adf2e2ca99c2bcdea70e997a4aa7ba447f15f7e19d35ba5fcc0bcb668,1780391830946,1780391830952,1780391830955,1780391830983,6,3,28,37
150,972,bottleneck_150_972_1780391830972_18209,success,,ca8e8746b874878d22edbe2e8b15c575e24be83ff5066b40611a26ecea173bfa,1780391830972,1780391830988,1780391830991,1780391831055,16,3,64,83
150,975,bottleneck_150_975_1780391830992_168723,success,,6218b0917a8f02a22454d8bc366dd7a262e241f9345fb253f76f3d58b37cf261,1780391830992,1780391830997,1780391831000,1780391831055,5,3,55,63
150,974,bottleneck_150_974_1780391830985_225966,success,,0fa43c3766e5efe5cc59415253ac287b477af2e584e22c0349eea9af4fa515dd,1780391830985,1780391830992,1780391830994,1780391831055,7,2,61,70
150,977,bottleneck_150_977_1780391831005_970632,success,,e32d8f5b60b5c893f35222f5385fadc14fce37e82236edcc42916f161c4ebd6b,1780391831005,1780391831009,1780391831014,1780391831055,4,5,41,50
150,970,bottleneck_150_970_1780391830960_771322,success,,73aec3699967d5cbd452cd257a91cc3731a91d28cccc650003b14ed155200a5e,1780391830960,1780391830965,1780391830969,1780391831055,5,4,86,95
150,976,bottleneck_150_976_1780391830999_174886,success,,4f9a9be6248cc622698dbfb8b645778e0cf895b4dcd9c2a2f69475bdd7d6d0c0,1780391830999,1780391831008,1780391831015,1780391831055,9,7,40,56
150,978,bottleneck_150_978_1780391831012_206182,success,,37c8ea77199457e1f53f6292d22d465fd45cae6d6fd49925c59a4466b70fedb3,1780391831012,1780391831016,1780391831023,1780391831055,4,7,32,43
150,971,bottleneck_150_971_1780391830965_301633,success,,11de43fc04d9e9910e4edc9718630c727f78bbface17c50dcb3161eb4654cfa3,1780391830965,1780391830974,1780391830976,1780391831055,9,2,79,90
150,979,bottleneck_150_979_1780391831020_342246,success,,f20e6fd96a42535a81e28fc49afbadd4fd72d43da53e9818bef8707b4de10b59,1780391831020,1780391831024,1780391831026,1780391831055,4,2,29,35
150,973,bottleneck_150_973_1780391830979_274737,success,,daa3059da9a1e6d8a1a83f49952ce5c7d92ad454d2eef300643763c20c952052,1780391830979,1780391830987,1780391830990,1780391831055,8,3,65,76
150,989,bottleneck_150_989_1780391831085_707073,success,,a7eaa4923772361f781793d183e14c409a1cb196e89173b00db8359c1a545303,1780391831085,1780391831094,1780391831096,1780391831121,9,2,25,36
150,985,bottleneck_150_985_1780391831061_981275,success,,170b9242853864be0e53ee3974b0bb028e2e7f86e2ad542b0d11319ce70338a6,1780391831061,1780391831065,1780391831067,1780391831121,4,2,54,60
150,983,bottleneck_150_983_1780391831045_216366,success,,d2b806618ed5ede57f25cbdbc1cd9cd8f137121d20cbeacc0b30ae1d44ad5c2b,1780391831045,1780391831059,1780391831061,1780391831121,14,2,60,76
150,986,bottleneck_150_986_1780391831066_760610,success,,d5175bc76a286bcbff0e4d5e83f1d5e5a81e44117d5e127471403043351ebcca,1780391831066,1780391831071,1780391831073,1780391831121,5,2,48,55
150,984,bottleneck_150_984_1780391831053_295915,success,,844fa44da58ed25addb7dd2d5cc14ed78781f8126a960495e97a69353226a8ab,1780391831053,1780391831060,1780391831062,1780391831121,7,2,59,68
150,987,bottleneck_150_987_1780391831072_618925,success,,8a8ad405d41ed586aa05ad8b3939e3a50503605c9e60e62fbca86d1f89875776,1780391831072,1780391831077,1780391831079,1780391831121,5,2,42,49
150,988,bottleneck_150_988_1780391831079_57505,success,,2d3d1356716ce5f6447457bfe8e6e795538a6ad7af726d06db7fcec6e76bb5d8,1780391831079,1780391831084,1780391831086,1780391831121,5,2,35,42
150,982,bottleneck_150_982_1780391831039_772522,success,,74d832fe2f294d8cb5cc86d1d298ea8b3a808c80fe5aa3bd2f39340a19ca62ac,1780391831039,1780391831048,1780391831052,1780391831121,9,4,69,82
150,980,bottleneck_150_980_1780391831025_313911,success,,2d4622690f3e3f9ccdcc87b2f34b98c5dec7c1885a3ed674edc7d041afc2c80a,1780391831025,1780391831030,1780391831033,1780391831121,5,3,88,96
150,981,bottleneck_150_981_1780391831032_869354,success,,f56b77ee649d54d0e48ab796734af29d247dc5e41b1a9eccdfcea306d2474d58,1780391831032,1780391831037,1780391831042,1780391831121,5,5,79,89
150,999,bottleneck_150_999_1780391831152_773951,success,,4ee0b53eb1d37f8997253297c58620705cf180a6780407f2990c6c29104907ce,1780391831152,1780391831160,1780391831161,1780391831190,8,1,29,38
150,994,bottleneck_150_994_1780391831120_150860,success,,7f4bce2e32af246fdd7190ade1aa9fcbcfb5dc96ee3652c774543c540e9dd6d8,1780391831120,1780391831126,1780391831128,1780391831190,6,2,62,70
150,990,bottleneck_150_990_1780391831092_314303,success,,6acb8b9663ba2ddef6b7d5714367b71cf2e87095e89c21df52c56b1bdd2ed74f,1780391831092,1780391831098,1780391831101,1780391831190,6,3,89,98
150,996,bottleneck_150_996_1780391831132_454983,success,,3a8c95037437f322887902992fa54186dfcb24ffd44b7aac2d452fe86db8844f,1780391831132,1780391831137,1780391831140,1780391831192,5,3,52,60
150,993,bottleneck_150_993_1780391831113_354220,success,,7e669a8317ae6c8738cbc5e3faa07c9edc3235324cc40b2eaabfa04bd7f0d51b,1780391831113,1780391831127,1780391831129,1780391831192,14,2,63,79
150,995,bottleneck_150_995_1780391831125_807101,success,,bb9e420f861a3830d6cac88d95137328f3cb627b358464651b425b89721f79f7,1780391831125,1780391831130,1780391831132,1780391831192,5,2,60,67
150,997,bottleneck_150_997_1780391831139_72070,success,,426fd6b1202f4e74fd29e3d24594c5b2bab10d730c9acaa08aeb7a95cf2f91c5,1780391831139,1780391831144,1780391831146,1780391831192,5,2,46,53
150,998,bottleneck_150_998_1780391831145_675005,success,,99fc7d675613b349684ef0ba094a8ad420702c58a582f015dae6a86ecaa9eaf4,1780391831145,1780391831150,1780391831152,1780391831192,5,2,40,47
150,991,bottleneck_150_991_1780391831099_178035,success,,e15df5a462266c0b3956ed9eee2073f316124c7bf8be187f016b3c91ea6fd328,1780391831099,1780391831107,1780391831112,1780391831192,8,5,80,93
150,992,bottleneck_150_992_1780391831106_834190,success,,4ac84ab4092eceef9c74ffc94a3553eec083efb6990315464bd15414de017196,1780391831106,1780391831115,1780391831117,1780391831193,9,2,76,87
150,1003,bottleneck_150_1003_1780391831179_193320,success,,2b923508e1f40566b565f0b2fd505fef2d82da6bffdc61f9caf8724200636e53,1780391831179,1780391831197,1780391831200,1780391831251,18,3,51,72
150,1000,bottleneck_150_1000_1780391831158_399658,success,,cc697f5c031e3cba9a9fc9fd87527c87ca1a0adfa8e3b8cf256f1d0d5fe38ffa,1780391831158,1780391831163,1780391831168,1780391831251,5,5,83,93
150,1001,bottleneck_150_1001_1780391831165_615270,success,,25cb4ba80a291a1bbf49c69da29527d34cfa0fbf38256faba382548ac59f2721,1780391831165,1780391831190,1780391831193,1780391831251,25,3,58,86
150,1009,bottleneck_150_1009_1780391831219_142056,success,,ab142f844f90b6430731fc945176ccc2166f1e8e41dd84f442ecced55eeded52,1780391831219,1780391831225,1780391831227,1780391831251,6,2,24,32
150,1004,bottleneck_150_1004_1780391831186_732543,success,,fb71eab67f3c26712db8bad902eeff32bfb15047680e823fbabffc80a70778eb,1780391831186,1780391831194,1780391831197,1780391831251,8,3,54,65
150,1002,bottleneck_150_1002_1780391831172_75654,success,,a5710356140a190c9703fe2dcb817a69230f844b6688df8ef294c4591eb28720,1780391831172,1780391831195,1780391831199,1780391831251,23,4,52,79
150,1006,bottleneck_150_1006_1780391831200_216912,success,,f65a7601a8930919316c48775d2b02ce23c5f2c58a36cbf3ab3b769191b01af1,1780391831200,1780391831208,1780391831210,1780391831251,8,2,41,51
150,1005,bottleneck_150_1005_1780391831192_725942,success,,268229c4cf33b60e2a0b2c6ec8ce95581b9ab31bdf9cd451ddf4199b20e9d06e,1780391831192,1780391831198,1780391831201,1780391831251,6,3,50,59
150,1007,bottleneck_150_1007_1780391831206_467823,success,,8edb22a1b193722912d54473d667b8b674aa017edcc84f3fb2700587781254c9,1780391831206,1780391831211,1780391831212,1780391831251,5,1,39,45
150,1008,bottleneck_150_1008_1780391831212_860341,success,,4aba9e7d67e59064fbbabd0362811aa16c5ea3f327b9de72fbf43f2239ebfa53,1780391831212,1780391831216,1780391831218,1780391831251,4,2,33,39
150,1019,bottleneck_150_1019_1780391831285_481067,success,,12fa78da19c04a9997a301be02b84238b8f2d9ceb765022e00e65ff29a8af6f3,1780391831285,1780391831291,1780391831297,1780391831323,6,6,26,38
150,1010,bottleneck_150_1010_1780391831226_614729,success,,1c9736cdbfec340527ade74b19f59d79cc1a5559e44443bcea8a9f2d6b691525,1780391831226,1780391831234,1780391831239,1780391831323,8,5,84,97
150,1011,bottleneck_150_1011_1780391831232_820411,success,,c3077ae189d96c27ba95b497bb5885502d7eda43e5906cfad67482ba02c7fb2d,1780391831232,1780391831246,1780391831248,1780391831323,14,2,75,91
150,1013,bottleneck_150_1013_1780391831245_133131,success,,5d920989ddb8f2c8523c0b01b789169ec188b2955d9924a459ca3bb49a337994,1780391831245,1780391831256,1780391831258,1780391831323,11,2,65,78
150,1012,bottleneck_150_1012_1780391831240_929154,success,,666e3f9ac8fc8635aabe6c53a779dba98eb12b90aa8dff9133fd977bb9a04806,1780391831240,1780391831257,1780391831260,1780391831323,17,3,63,83
150,1014,bottleneck_150_1014_1780391831252_380487,success,,96b9bd843ede0a7c2e863da8621bb864df024eada85af22a8610116a91f9fd90,1780391831252,1780391831261,1780391831263,1780391831323,9,2,60,71
150,1015,bottleneck_150_1015_1780391831259_546402,success,,2c1c554da1c19f4e56e26d973dd805d04b5abaf93809664d9992163af7e77e5f,1780391831259,1780391831264,1780391831266,1780391831323,5,2,57,64
150,1016,bottleneck_150_1016_1780391831265_841353,success,,821f748694d99397b626065d0abaef60b0ab2dcf6134400f5f1fbd48941ae2a4,1780391831265,1780391831271,1780391831272,1780391831323,6,1,51,58
150,1017,bottleneck_150_1017_1780391831271_184019,success,,062f099382f84e732a682a0d4ba928aed22cbd235c3c58c0e1da4f096bad44cf,1780391831271,1780391831278,1780391831280,1780391831323,7,2,43,52
150,1018,bottleneck_150_1018_1780391831279_272851,success,,d0b64e53a3048166e89a5180740fb81763f97507fab7a35d2f34d20771b34f33,1780391831279,1780391831283,1780391831286,1780391831323,4,3,37,44
150,1029,bottleneck_150_1029_1780391831352_472098,success,,a91c10edafad350405ced31b93c8566851b286536c0b168acf89b24a4c632d3e,1780391831352,1780391831357,1780391831358,1780391831378,5,1,20,26
150,1024,bottleneck_150_1024_1780391831319_893350,success,,d7b4c78464a08fd40d0f26934416ace1aaf4a40f0900252e145ae4d434f601d5,1780391831319,1780391831328,1780391831331,1780391831378,9,3,47,59
150,1020,bottleneck_150_1020_1780391831292_671453,success,,009e1951c90efe7c4928471b4effda994b803c0a9431ee665bf15a9c6ff63dad,1780391831292,1780391831298,1780391831301,1780391831378,6,3,77,86
150,1021,bottleneck_150_1021_1780391831299_354289,success,,48f3e71337ea4070e22b45f2cb0e1aa3eb609c9b8586aba8b283c6e67cbf1dee,1780391831299,1780391831320,1780391831322,1780391831378,21,2,56,79
150,1023,bottleneck_150_1023_1780391831312_571947,success,,db91d27bc352b5bfc85b35f05502f83dafd90fbd8831440f08d3a59db9468416,1780391831312,1780391831327,1780391831329,1780391831378,15,2,49,66
150,1022,bottleneck_150_1022_1780391831306_19767,success,,92721bb5a6022982a217248b53873672b7b5137b4a3a3ec000095f8b434de593,1780391831306,1780391831328,1780391831330,1780391831378,22,2,48,72
150,1026,bottleneck_150_1026_1780391831332_267132,success,,b112588c14987025e89713c4776c2af11c40e83724932a058b348af76f13db19,1780391831332,1780391831336,1780391831338,1780391831378,4,2,40,46
150,1025,bottleneck_150_1025_1780391831325_686155,success,,a8a21e96189c10477b6046694768d9d13277038bacb10d3f76360e29f9a0d9ba,1780391831325,1780391831334,1780391831337,1780391831378,9,3,41,53
150,1027,bottleneck_150_1027_1780391831339_164597,success,,366953746a7f133cf6cb85afa4e978e82638439730acf188684af34977905c4d,1780391831339,1780391831345,1780391831347,1780391831378,6,2,31,39
150,1028,bottleneck_150_1028_1780391831346_488750,success,,cb0361f18a6401893cd405822cfd0c9f33add7fc69b2ccdd7f5349cfb9c51bc4,1780391831346,1780391831350,1780391831353,1780391831378,4,3,25,32
150,1039,bottleneck_150_1039_1780391831419_609688,success,,964339c05f59e7fc491eb5858d8c832da1ebccc550978690b848248dbe98523a,1780391831419,1780391831425,1780391831429,1780391831461,6,4,32,42
150,1030,bottleneck_150_1030_1780391831359_516088,success,,96e01a99583e80fa9a8351a3308c96314f49f43bb90a7de0208a8c35c80f44d9,1780391831359,1780391831366,1780391831368,1780391831461,7,2,93,102
150,1032,bottleneck_150_1032_1780391831372_117391,success,,4306ec2313db4ee811b96bc761a1765e8155e3dc8da74647f8594ae5eaf18732,1780391831372,1780391831382,1780391831384,1780391831461,10,2,77,89
150,1031,bottleneck_150_1031_1780391831365_779193,success,,29dd3f56a5b18d824376ffe4396719ddcd77f3dd19495222918f3ba3aad6bc82,1780391831365,1780391831383,1780391831386,1780391831461,18,3,75,96
150,1033,bottleneck_150_1033_1780391831379_741577,success,,30539b82d9a780151c8d559dbed137459544616ed1a8852f048e142d2ac1a5b3,1780391831379,1780391831384,1780391831387,1780391831461,5,3,74,82
150,1034,bottleneck_150_1034_1780391831385_6526,success,,585a472d8b98a9b120298c1491427b09ccaa87fac383b86a2751d24de0037724,1780391831385,1780391831390,1780391831392,1780391831461,5,2,69,76
150,1035,bottleneck_150_1035_1780391831392_397553,success,,eb54a9f23ed54d284129b1ffdfdc630f4f2b609eaecc9c159ba75778d834b79a,1780391831392,1780391831396,1780391831398,1780391831461,4,2,63,69
150,1036,bottleneck_150_1036_1780391831399_292177,success,,68d434497898ff7dec0dd6fea41f4e37763be68cee5eab6d3a9472384dd994ff,1780391831399,1780391831403,1780391831405,1780391831461,4,2,56,62
150,1037,bottleneck_150_1037_1780391831406_814522,success,,d912fa4632c04021e6ef890299840d6d38262c9597be5191e5e78604e95e91ef,1780391831406,1780391831410,1780391831412,1780391831461,4,2,49,55
150,1038,bottleneck_150_1038_1780391831413_921251,success,,7c7cf06bcef6ff6f9e9c93ee50603672157b4dfc3a0aee03972a9b0e8beacd47,1780391831413,1780391831421,1780391831423,1780391831461,8,2,38,48
150,1042,bottleneck_150_1042_1780391831439_354515,success,,d1d49b5db40f30f5c3ba4aee305538068270924699a1dcdd64f978e8e61456e9,1780391831439,1780391831461,1780391831463,1780391831515,22,2,52,76
150,1041,bottleneck_150_1041_1780391831432_685114,success,,a2a2f16741c0fb2893243a296d8872a34385d14349780a5b3fbe219d97ee6f77,1780391831432,1780391831440,1780391831444,1780391831515,8,4,71,83
150,1040,bottleneck_150_1040_1780391831425_80953,success,,aac404e291262ac44550178af20c3556b2187d486bb6bc4da630b203f21f9e89,1780391831425,1780391831430,1780391831433,1780391831515,5,3,82,90
150,1043,bottleneck_150_1043_1780391831445_780967,success,,81c301a8262880338957e87e8ddb6329f14e15287b49632d164a2483599b7cfb,1780391831445,1780391831462,1780391831464,1780391831515,17,2,51,70
150,1049,bottleneck_150_1049_1780391831485_333623,success,,1700435cfa2b043625251399a444604dc789f64e8d41f713aa419da85da63b08,1780391831485,1780391831493,1780391831496,1780391831515,8,3,19,30
150,1044,bottleneck_150_1044_1780391831452_293535,success,,dd751956d035e6e21251ced29b9046b2c8e12b4020d621b68a51c8aa1ee11660,1780391831452,1780391831469,1780391831473,1780391831515,17,4,42,63
150,1045,bottleneck_150_1045_1780391831459_381018,success,,f86628f476b6dd89832546f86d25efbc448df2a2db7215643931960d605ca7e6,1780391831459,1780391831470,1780391831474,1780391831515,11,4,41,56
150,1046,bottleneck_150_1046_1780391831465_896861,success,,44fab01684796ef56869ea85a808addfeee5bb70b1f79345be975f8b1e26890c,1780391831465,1780391831471,1780391831474,1780391831515,6,3,41,50
150,1047,bottleneck_150_1047_1780391831472_997281,success,,3cbfb2ce4a0ca5d81999cf5d92e40ec9fccb49ded05b7deb225e38f7a93f7e73,1780391831472,1780391831477,1780391831479,1780391831515,5,2,36,43
150,1048,bottleneck_150_1048_1780391831479_687091,success,,a50798d696b6f950b8fd90aa96f2574b8a3c8039fea046c63009a46acbd39b6f,1780391831479,1780391831486,1780391831489,1780391831515,7,3,26,36
150,1059,bottleneck_150_1059_1780391831552_870293,success,,4c21b36bee05e39a8a756a865d2cc71b6827430a79b74c24d1337ed3448589ad,1780391831552,1780391831557,1780391831558,1780391831583,5,1,25,31
150,1050,bottleneck_150_1050_1780391831492_480286,success,,5d19b3b411954b2f09b1efa61563a584cb9ad5668319506825ed5ae3fbdfc365,1780391831492,1780391831497,1780391831502,1780391831583,5,5,81,91
150,1053,bottleneck_150_1053_1780391831512_941512,success,,04f4fc3a917870c4289739e3b2bf5c809a930765a6096140223974ce9516cb24,1780391831512,1780391831520,1780391831523,1780391831583,8,3,60,71
150,1051,bottleneck_150_1051_1780391831499_388358,success,,dec7ec7512fea6db872fb0492c7ff0b8807255f520ff82d26fe8721ef6b8940c,1780391831499,1780391831521,1780391831524,1780391831583,22,3,59,84
150,1052,bottleneck_150_1052_1780391831505_131259,success,,d5b0c9b06a91aa2ec249d84f888d69274b63fbe3cd9da8da0ef6ba333c228029,1780391831505,1780391831522,1780391831526,1780391831584,17,4,58,79
150,1056,bottleneck_150_1056_1780391831532_521684,success,,7f9b0b7e6895da92d45daf5f18ebed3412c9914298cdfb273aec532cc89b3636,1780391831532,1780391831536,1780391831538,1780391831584,4,2,46,52
150,1057,bottleneck_150_1057_1780391831539_455999,success,,0c0e322279cfff66f9e270162bdcb0e4036e023f24c3ddf43907e2552c94e52f,1780391831539,1780391831544,1780391831546,1780391831584,5,2,38,45
150,1054,bottleneck_150_1054_1780391831519_915945,success,,794ada8ca57d963c06b8926218f7e9925ef653169eed2a6d61a4c75ab94c15ea,1780391831519,1780391831526,1780391831528,1780391831584,7,2,56,65
150,1058,bottleneck_150_1058_1780391831545_622716,success,,f175dfa49321877d74a3f0e48cacc032af461bafb744e94285f27b801e6b81b0,1780391831545,1780391831549,1780391831551,1780391831584,4,2,33,39
150,1055,bottleneck_150_1055_1780391831525_555851,success,,8ec412f1331876aa68661548eaa1f1fa3ff5dd32ea6a4a751ca015fd0d50c375,1780391831525,1780391831529,1780391831531,1780391831584,4,2,53,59
150,1069,bottleneck_150_1069_1780391831619_261126,success,,b17202f5dbda86295e60fb80ff8477e8a4c200fbb77c992e263c920497ae5e8e,1780391831619,1780391831625,1780391831627,1780391831652,6,2,25,33
150,1064,bottleneck_150_1064_1780391831585_342623,success,,0be330c2da4f0378daba95b630b0d8fb4fcec4274ec4a30841f45905d4a1f550,1780391831585,1780391831595,1780391831598,1780391831653,10,3,55,68
150,1060,bottleneck_150_1060_1780391831559_274185,success,,834bb7a2dcf4ef20f89d64121049e58a8544e554f7eafa09f2d8b92eec2def31,1780391831559,1780391831564,1780391831566,1780391831653,5,2,87,94
150,1061,bottleneck_150_1061_1780391831565_805203,success,,eb55e74e68896dabf0355753df1594d702c77bdc67fd30412b558092d00b675a,1780391831565,1780391831575,1780391831578,1780391831653,10,3,75,88
150,1065,bottleneck_150_1065_1780391831592_464659,success,,f8104326beeada522ca1c3bb962d25a670dfb0768344efb1f9ead4c9c6be4ffa,1780391831592,1780391831600,1780391831602,1780391831653,8,2,51,61
150,1063,bottleneck_150_1063_1780391831579_334259,success,,928b671bedb66b2e91e2b02307b67fe6bbace718e72694150592541db6acd885,1780391831579,1780391831596,1780391831600,1780391831653,17,4,53,74
150,1062,bottleneck_150_1062_1780391831572_346892,success,,c0c3439e08d1a104cb9efae054968c9d195b14857d24c88961ed1dbb3fa27abf,1780391831572,1780391831597,1780391831601,1780391831653,25,4,52,81
150,1067,bottleneck_150_1067_1780391831605_2361,success,,9eff106b60c5539f6b22988d92d8c51b5c7f45107a130c5773537bb68de432a4,1780391831605,1780391831611,1780391831613,1780391831653,6,2,40,48
150,1068,bottleneck_150_1068_1780391831612_887222,success,,6f095637e0afc04b38e7b65305746c6986b10acdf44c11d1fe3069289312ebee,1780391831612,1780391831617,1780391831619,1780391831653,5,2,34,41
150,1066,bottleneck_150_1066_1780391831599_5966,success,,c2df803da310586ccacbbc264d9837743d10b755e05a89d2473af35e93742885,1780391831599,1780391831605,1780391831607,1780391831653,6,2,46,54
150,1079,bottleneck_150_1079_1780391831685_771841,success,,c727519e29c263c2848c42b30cb6afc189100f60e82096958ef22edf3e72acba,1780391831685,1780391831690,1780391831695,1780391831726,5,5,31,41
150,1070,bottleneck_150_1070_1780391831625_446740,success,,7f30660d6550eedc71e6412e10571eb0c36acf3a67485237e62f468989634779,1780391831625,1780391831631,1780391831635,1780391831726,6,4,91,101
150,1073,bottleneck_150_1073_1780391831645_675972,success,,f03b726ce73e90f09fa60cbadf369ab19cbd2fdb6d8f6ee082d0c9843333a2b1,1780391831645,1780391831663,1780391831667,1780391831726,18,4,59,81
150,1075,bottleneck_150_1075_1780391831659_953091,success,,48d94b85370da4f530f4e2bf0e7b252826296a31e9743829c9e7888985c80cc7,1780391831659,1780391831670,1780391831673,1780391831726,11,3,53,67
150,1071,bottleneck_150_1071_1780391831632_369278,success,,47b4784e044d5828169a9b106f33182be588547f02b6a5616b6c120376337f04,1780391831632,1780391831639,1780391831641,1780391831726,7,2,85,94
150,1076,bottleneck_150_1076_1780391831665_34675,success,,02ed035d7752ac47f6505908ab88a396d588fcce00451523420d6c305e0712df,1780391831665,1780391831674,1780391831675,1780391831726,9,1,51,61
150,1074,bottleneck_150_1074_1780391831652_705897,success,,e237931f50fac1049221ffdaff2c7218c8ea997e9a49d67d237baa93a3601d83,1780391831652,1780391831662,1780391831665,1780391831726,10,3,61,74
150,1077,bottleneck_150_1077_1780391831672_343680,success,,359c6548dbfc4193d98a6a94886dce496b01bb196378de493fe547d1121087fb,1780391831672,1780391831677,1780391831678,1780391831726,5,1,48,54
150,1072,bottleneck_150_1072_1780391831640_131105,success,,06b283f5eb0ada682231887801a105744e8c223dbff2344ff7e529688837222c,1780391831640,1780391831663,1780391831666,1780391831726,23,3,60,86
150,1078,bottleneck_150_1078_1780391831679_166747,success,,16e83838993ff630c055db6aa7997b3f526fce14356a5459b708be9ea25ad578,1780391831679,1780391831684,1780391831686,1780391831726,5,2,40,47
150,1089,bottleneck_150_1089_1780391831752_794125,success,,e19642c1db739797ed9c801c6d7446d31de8b125dcebb4a7424981cc4b594bad,1780391831752,1780391831757,1780391831760,1780391831777,5,3,17,25
150,1083,bottleneck_150_1083_1780391831712_838512,success,,3e2f5045edc335fd84d98b14822518c7ba6a006d97d502fc6eab8b9d91ff42de,1780391831712,1780391831729,1780391831731,1780391831778,17,2,47,66
150,1080,bottleneck_150_1080_1780391831692_464870,success,,b5784c3082ff4cffd872713c4202ac9211f26f17491b4ba494e352f602a701bb,1780391831692,1780391831697,1780391831700,1780391831778,5,3,78,86
150,1081,bottleneck_150_1081_1780391831699_963774,success,,a8e649789f6a595e357dfa8565eb6bfba7ed13c8e0d462aa162f24dd36f05623,1780391831699,1780391831708,1780391831710,1780391831778,9,2,68,79
150,1082,bottleneck_150_1082_1780391831705_474109,success,,81541507affca5f54ac7a45401eb7eeff18e71f20da32e068aa172c4b77212fe,1780391831705,1780391831724,1780391831726,1780391831778,19,2,52,73
150,1086,bottleneck_150_1086_1780391831732_190422,success,,13d4f35588bdbb1431211e9972ddb263d3ac138cc70854dbf4bb98e13b99baaf,1780391831732,1780391831737,1780391831740,1780391831778,5,3,38,46
150,1087,bottleneck_150_1087_1780391831739_509174,success,,fa99f7d36f441b9a20fa40fcd6a825f050c8ea79e39d610f20b9438cd3f44938,1780391831739,1780391831744,1780391831746,1780391831778,5,2,32,39
150,1084,bottleneck_150_1084_1780391831719_27631,success,,6e914e5186bcb4ebe5155b6ff96537ec8b858e741b2e71596afe44d5a9611ae0,1780391831719,1780391831730,1780391831732,1780391831778,11,2,46,59
150,1085,bottleneck_150_1085_1780391831725_452703,success,,929a01964fb549bbe8f212e3bbf1ee8f53507eeb46416c1e4ed59fcca2c23ad3,1780391831725,1780391831730,1780391831734,1780391831778,5,4,44,53
150,1088,bottleneck_150_1088_1780391831745_271292,success,,e23526a3f056b5d467f1afe92620ef9869a045479805aad0aa46d79af2ff6fa3,1780391831745,1780391831749,1780391831751,1780391831778,4,2,27,33
150,1099,bottleneck_150_1099_1780391831819_807052,success,,c7c6775e73d0ecfb1cba1ea50d887356311df07654de9d437d76eee16e96d12a,1780391831819,1780391831823,1780391831825,1780391831850,4,2,25,31
150,1092,bottleneck_150_1092_1780391831772_988734,success,,3b2f2d3dcc38c5eea0b12550b18ecd55680cdd0547713e6cd4415447e5faf4c8,1780391831772,1780391831781,1780391831783,1780391831850,9,2,67,78
150,1096,bottleneck_150_1096_1780391831799_929804,success,,d03ac506fcc721855070f195e08060832fd018e135f51ea5b7837f29cd919fbe,1780391831799,1780391831805,1780391831807,1780391831850,6,2,43,51
150,1095,bottleneck_150_1095_1780391831792_303409,success,,b7710a1e36a19d47bc62a2b6de37f86858d5bc2e808f61fc7705292dc7edafa0,1780391831792,1780391831796,1780391831798,1780391831850,4,2,52,58
150,1097,bottleneck_150_1097_1780391831806_664425,success,,f9f520d46319b6b96eef8b8c4708575dbe01c1635aaca1c34add8d6974566c04,1780391831806,1780391831810,1780391831812,1780391831850,4,2,38,44
150,1091,bottleneck_150_1091_1780391831766_870272,success,,3dfd9c55e5bb4caf617254bc417615b59e575d3a8099f3625029d4cfadb246eb,1780391831766,1780391831782,1780391831784,1780391831850,16,2,66,84
150,1098,bottleneck_150_1098_1780391831812_679402,success,,6ae4d842dfa4acdd7c0e3cd7c8b6cf71fea966702e67fdaff574aedd3191c2fa,1780391831812,1780391831816,1780391831818,1780391831850,4,2,32,38
150,1093,bottleneck_150_1093_1780391831779_761775,success,,2e83a95f4b73e18f6409109b569c988d1dc785a564bb0824f4e993a573064716,1780391831779,1780391831784,1780391831786,1780391831850,5,2,64,71
150,1094,bottleneck_150_1094_1780391831785_296715,success,,6296cab974953dabec8a8f8a414c61564eb55da409507a600818959b654c5749,1780391831785,1780391831789,1780391831791,1780391831850,4,2,59,65
150,1090,bottleneck_150_1090_1780391831759_657819,success,,7623a7614fc4f1faaefd54d73a82133cd40a51c276ba4709205a6a9ae1cc9aa1,1780391831759,1780391831767,1780391831769,1780391831850,8,2,81,91
150,1109,bottleneck_150_1109_1780391831886_425728,success,,d89fe51dbc3e92ebca86a8b8c6402d042716051f251e801d09ef6b7b282a4c99,1780391831886,1780391831890,1780391831893,1780391831913,4,3,20,27
150,1104,bottleneck_150_1104_1780391831853_990035,success,,bd6e4813767e31b787f3b7032f8fd3fa80562597250b40880b1e916b625bb7e4,1780391831853,1780391831858,1780391831862,1780391831913,5,4,51,60
150,1105,bottleneck_150_1105_1780391831860_860382,success,,12c36e6e3ec56039c8d76fe185c95b49eb11d340597018420b036592f9e34536,1780391831860,1780391831865,1780391831866,1780391831913,5,1,47,53
150,1100,bottleneck_150_1100_1780391831825_946584,success,,de44350049b33a3a5e8d1a3ae04722eb602c8424682c5502ade487b5e24c2bb5,1780391831825,1780391831834,1780391831835,1780391831913,9,1,78,88
150,1106,bottleneck_150_1106_1780391831865_505120,success,,fa2186f5d31ad7200b34b9848bf710883c9d4ba975b76e106a676f95feec8e2f,1780391831865,1780391831870,1780391831872,1780391831913,5,2,41,48
150,1103,bottleneck_150_1103_1780391831844_476865,success,,d73bf5612a79468834bdd0ff1862640b035cc7460689d040ac574c2e7833fb1a,1780391831844,1780391831856,1780391831859,1780391831913,12,3,54,69
150,1108,bottleneck_150_1108_1780391831879_4503,success,,9395b6212d860a98d67a4df542f733a4ddcc493461945c0bc4b03a351d48491e,1780391831879,1780391831883,1780391831885,1780391831913,4,2,28,34
150,1102,bottleneck_150_1102_1780391831839_512120,success,,93923033ae43f57ecf530fd1cc514535b0c9daf0c84526eafb382fb979ccd212,1780391831839,1780391831857,1780391831860,1780391831913,18,3,53,74
150,1107,bottleneck_150_1107_1780391831872_92731,success,,41b4a503ac49c97d309dd5834a2855d317d9d7a0ed0cabe4fdbc5a035b16402e,1780391831872,1780391831877,1780391831878,1780391831913,5,1,35,41
150,1101,bottleneck_150_1101_1780391831832_98024,success,,057714cea9309376f7c23dd46bedb6ebd020a9cd7d92c0838829441c475ea3f4,1780391831832,1780391831858,1780391831861,1780391831913,26,3,52,81
150,1114,bottleneck_150_1114_1780391831919_442507,success,,34265476d95bdccd67a024ff7cee85f705d3f2d54ab501a087eeb49bc1c4b839,1780391831919,1780391831924,1780391831926,1780391831975,5,2,49,56
150,1110,bottleneck_150_1110_1780391831893_29939,success,,b305548b72e5e085f160b896d55b106b0c993541bf26b05a540666fb3a1a4760,1780391831893,1780391831897,1780391831899,1780391831975,4,2,76,82
150,1111,bottleneck_150_1111_1780391831900_184148,success,,8458486f27b4233f7b559d981ef53af789d7412f3c968d70c677cd501c934d69,1780391831900,1780391831905,1780391831907,1780391831975,5,2,68,75
150,1113,bottleneck_150_1113_1780391831912_126917,success,,3dd2b59b485f748f05e143ab6882b551091e44460205468c6d9b5dd7680a2ee1,1780391831912,1780391831917,1780391831918,1780391831975,5,1,57,63
150,1112,bottleneck_150_1112_1780391831906_541700,success,,7b2841de46feba1e5a4b8f2615584ffc93343d07e3f7fd91bb145c0bab5d2a87,1780391831906,1780391831916,1780391831925,1780391831975,10,9,50,69
150,1116,bottleneck_150_1116_1780391831932_301865,success,,be030d171a52fe4cb81d6497c58974a67cf7c3364012912b2a3f8981963de671,1780391831932,1780391831936,1780391831938,1780391831975,4,2,37,43
150,1115,bottleneck_150_1115_1780391831926_882244,success,,a0b35028281792be43fec6adae751380974b5ecadf5a6cc44879a374ea3e3795,1780391831926,1780391831930,1780391831931,1780391831975,4,1,44,49
150,1117,bottleneck_150_1117_1780391831939_667023,success,,a31061edcf9a904fab3c7e186e51719c51c903b0e4d18f94c550574b83221e90,1780391831939,1780391831943,1780391831945,1780391831975,4,2,30,36
150,1118,bottleneck_150_1118_1780391831946_1962,success,,d80be5d34bd0a3326c6c37ed7719e04e19a197baaec5be8c360d3762ac12de67,1780391831946,1780391831950,1780391831952,1780391831975,4,2,23,29
150,1119,bottleneck_150_1119_1780391831953_706262,success,,abe8a3aad0133ccaf18d71308950db2a7622a80f9f8711951f9148d2b66eff29,1780391831953,1780391831957,1780391831960,1780391831975,4,3,15,22
150,1129,bottleneck_150_1129_1780391832019_790185,success,,1addfcd12998ae4666bf6faeeb73c3c369374f5766e9c3cc8c89582b4258bb97,1780391832019,1780391832024,1780391832027,1780391832040,5,3,13,21
150,1120,bottleneck_150_1120_1780391831960_238660,success,,36796ab9cc169cca3fb75cf89d18c7d0d8566dc399ae9058855c6981c864666c,1780391831960,1780391831966,1780391831968,1780391832041,6,2,73,81
150,1121,bottleneck_150_1121_1780391831965_165275,success,,d3d5e0948b9f4736b74292d248345f9b11a6d07c846895176a1cae84a7a0f0b5,1780391831965,1780391831980,1780391831983,1780391832041,15,3,58,76
150,1122,bottleneck_150_1122_1780391831972_197784,success,,a9021cec3c95a957f5b42ada08ddfd705adb07281523953f7f6e3893b18b0a49,1780391831972,1780391831981,1780391831984,1780391832041,9,3,57,69
150,1123,bottleneck_150_1123_1780391831979_221192,success,,8240636b8928675935adbde1a49d9ac7aeb91173d33550aace6830c32c0a8c78,1780391831979,1780391831985,1780391831988,1780391832041,6,3,53,62
150,1124,bottleneck_150_1124_1780391831985_862111,success,,b8a7787a762e171c34544eba8dc5237316d50f462b72b9d99828999c6b172eed,1780391831985,1780391831990,1780391831992,1780391832041,5,2,49,56
150,1125,bottleneck_150_1125_1780391831992_437936,success,,b0d8cabf3fa097196f332fe2fdc7cd8aeee36209665a260ae0036e1569e0f019,1780391831992,1780391831996,1780391831997,1780391832041,4,1,44,49
150,1126,bottleneck_150_1126_1780391831999_649274,success,,38d69927ac13784793d3fbc329777d48936a277662cf28639f7edac9dddff26a,1780391831999,1780391832004,1780391832006,1780391832041,5,2,35,42
150,1127,bottleneck_150_1127_1780391832005_823345,success,,c2f1ec2c055e37766bf469b5cd0d30ad4e02615e2da9af4dbd1a688e02c630c0,1780391832005,1780391832009,1780391832011,1780391832041,4,2,30,36
150,1128,bottleneck_150_1128_1780391832012_247657,success,,7652d8525692acf2185c28f9fc413f1ffaf3cfabcccf5094fcf7ec793d2bcce2,1780391832012,1780391832015,1780391832017,1780391832041,3,2,24,29
150,1139,bottleneck_150_1139_1780391832085_765522,success,,0a4617569bed06a750acaa8ee332a09264c8eeefc40f01d0d6e5a7903ae86c61,1780391832085,1780391832089,1780391832091,1780391832103,4,2,12,18
150,1130,bottleneck_150_1130_1780391832025_111645,success,,d49eaf257c0b179c3696c4072fc752a3ff2abc916affcb9f7a407cf62519f861,1780391832025,1780391832029,1780391832033,1780391832104,4,4,71,79
150,1134,bottleneck_150_1134_1780391832052_175478,success,,c3d39f4f73d090e83d74ce12a6b25799ded91763173ae1d1b49bafe3e8299d7d,1780391832052,1780391832057,1780391832058,1780391832104,5,1,46,52
150,1132,bottleneck_150_1132_1780391832039_54255,success,,22aced492f30ea2d3dedcfd758b91342e220b4eacaf7de1edc12d143224beb01,1780391832039,1780391832044,1780391832047,1780391832104,5,3,57,65
150,1131,bottleneck_150_1131_1780391832031_380544,success,,5d28a731494c252bc2a39fa8e1ac5512633ef178311fbd7a16034ba54de275b0,1780391832031,1780391832044,1780391832046,1780391832104,13,2,58,73
150,1133,bottleneck_150_1133_1780391832045_735285,success,,8f6dabc75b5d065967145fd98f2355a046ba2a4b158ff35f6f13c034fc29b020,1780391832045,1780391832049,1780391832051,1780391832104,4,2,53,59
150,1136,bottleneck_150_1136_1780391832065_681534,success,,fcab5116420ba3a3db51188ca1e2399e482105930f2022d4253532d8cbabd442,1780391832065,1780391832070,1780391832073,1780391832104,5,3,31,39
150,1137,bottleneck_150_1137_1780391832072_786714,success,,f2aa1945be94e734d6ba9ee4fb6de4018c6afd9b025bdccc7f6cdb4c77db6d47,1780391832072,1780391832077,1780391832079,1780391832104,5,2,25,32
150,1135,bottleneck_150_1135_1780391832059_672093,success,,82ca233b599c2a05b8ca86c47b53b878616720bd34a6f9ab444f95b870c81c04,1780391832059,1780391832063,1780391832064,1780391832104,4,1,40,45
150,1138,bottleneck_150_1138_1780391832079_922044,success,,ad7f367e112fea3902bc476cf555c2472878b814b69e278590cb4ed0032c10ce,1780391832079,1780391832084,1780391832085,1780391832104,5,1,19,25
150,1149,bottleneck_150_1149_1780391832152_264506,success,,8b932a3ee537d0ee8317c0cd624fe701842faa5930cd0363df02bbd48ee5bbcd,1780391832152,1780391832157,1780391832159,1780391832171,5,2,12,19
150,1140,bottleneck_150_1140_1780391832092_692925,success,,929f6ae0b76dadcec70bd02bd2f94ec34e1a2522a1c9b5be1f96c8bebd9236ce,1780391832092,1780391832098,1780391832100,1780391832172,6,2,72,80
150,1144,bottleneck_150_1144_1780391832119_995555,success,,9ae466b4767c6c5506753c1d995787cf790309e7d580a3dce6d1068c2d1a3df7,1780391832119,1780391832124,1780391832126,1780391832172,5,2,46,53
150,1146,bottleneck_150_1146_1780391832132_37136,success,,5f337b8964ed2807447d6b6586d7649625f249254859c5dd58c961f50d7ab381,1780391832132,1780391832136,1780391832138,1780391832172,4,2,34,40
150,1145,bottleneck_150_1145_1780391832125_45427,success,,be375265dc3316091b12381d8a92883bb52569280cfe739c309e40ee496ac72a,1780391832125,1780391832129,1780391832131,1780391832172,4,2,41,47
150,1141,bottleneck_150_1141_1780391832099_354312,success,,49123af59bd8f74063704ca13e3d2bb1a30d245969f2122422af8c618ca7ecd4,1780391832099,1780391832107,1780391832109,1780391832172,8,2,63,73
150,1147,bottleneck_150_1147_1780391832139_724576,success,,f91a169d1b9696d5fc83e79ef685f2767b507f8de8ac7754839550277e2e76c3,1780391832139,1780391832144,1780391832146,1780391832172,5,2,26,33
150,1148,bottleneck_150_1148_1780391832145_881512,success,,45999e659dbc89bcb1aff6cc30c54b50a91d0ad29f9860bf264a9de1c246f88f,1780391832145,1780391832149,1780391832151,1780391832172,4,2,21,27
150,1142,bottleneck_150_1142_1780391832105_463500,success,,e7a1829021281f92cee6ffd5aa5f7601f8c5711c510063bbea8fd97c178fd2fb,1780391832105,1780391832110,1780391832112,1780391832172,5,2,60,67
150,1143,bottleneck_150_1143_1780391832112_417061,success,,994783d61280afb7198b5f52a2fab16cfe4b88b580ac1a99532987c8063137b0,1780391832112,1780391832116,1780391832118,1780391832172,4,2,54,60
150,1159,bottleneck_150_1159_1780391832220_264706,success,,742bb3586abdcd7d257f8825dc2747fa3f2fea9ac261e9b4638ffab1d86a4bf8,1780391832220,1780391832226,1780391832229,1780391832250,6,3,21,30
150,1155,bottleneck_150_1155_1780391832193_421233,success,,f63447549c322dd6fbf7d14e9d8c1dc1f5e3a236e43f305916cbffbf33194117,1780391832193,1780391832197,1780391832199,1780391832250,4,2,51,57
150,1156,bottleneck_150_1156_1780391832200_248855,success,,bc548b0255795e910c7bfa959e31032477b9a796a0b58d34b7be616d2d382999,1780391832200,1780391832205,1780391832207,1780391832250,5,2,43,50
150,1153,bottleneck_150_1153_1780391832179_956891,success,,505a22c213c23ef6a62aa2edd3461bd2b7f6993fcd4d74a7aa126a94cfbef767,1780391832179,1780391832184,1780391832185,1780391832250,5,1,65,71
150,1158,bottleneck_150_1158_1780391832212_684324,success,,58f86e1002e59989fb229060458874810b4f5d5c8fd7f1b2339c3861a23abf6c,1780391832212,1780391832219,1780391832222,1780391832250,7,3,28,38
150,1154,bottleneck_150_1154_1780391832185_173948,success,,103f320f010ca45bbdf109e60d2d1028195955c964eb8892a9a018f4d0c25025,1780391832185,1780391832190,1780391832192,1780391832250,5,2,58,65
150,1150,bottleneck_150_1150_1780391832160_445061,success,,e2833fc0b4eb683ff08f5eaa5e514e1f4b92e65bd13cc6a42fba6bc571988fbb,1780391832160,1780391832168,1780391832170,1780391832250,8,2,80,90
150,1151,bottleneck_150_1151_1780391832166_934903,success,,93b147b032bd5eae75c20ededab01a56e7867d7dd117d0e32431d95d8d3a9114,1780391832166,1780391832175,1780391832178,1780391832250,9,3,72,84
150,1157,bottleneck_150_1157_1780391832206_206614,success,,d816ac4dd12f3985087fe0dadb2e3d4569a2e9c6f94318df986d10672a578616,1780391832206,1780391832211,1780391832213,1780391832250,5,2,37,44
150,1152,bottleneck_150_1152_1780391832172_902678,success,,a48129b5b74de3559652853dfbae4c3a36ccb6d6fd654c7e65d249b1fcf35054,1780391832172,1780391832177,1780391832178,1780391832250,5,1,72,78
150,1169,bottleneck_150_1169_1780391832285_674071,success,,5ffce831acc89552517ab479507256a538fe6fb6b7843a6db7914cbc40eb82e1,1780391832285,1780391832291,1780391832294,1780391832309,6,3,15,24
150,1161,bottleneck_150_1161_1780391832232_110262,success,,eb2a61078028a3a8c573e3f1235890fd493b5b3899d650e3b823b458e40e0560,1780391832232,1780391832249,1780391832251,1780391832309,17,2,58,77
150,1163,bottleneck_150_1163_1780391832246_808230,success,,4cb3568b9d43f68152ed3a92ac9be064d12d79d8ddad1adf52f8387ad40b66c1,1780391832246,1780391832253,1780391832256,1780391832310,7,3,54,64
150,1165,bottleneck_150_1165_1780391832259_974783,success,,a5711fe5a9473034ed3452ce6ff8066528cbbc203ceb924f4112f7f4c18e3d33,1780391832259,1780391832264,1780391832266,1780391832310,5,2,44,51
150,1166,bottleneck_150_1166_1780391832265_20028,success,,47d8a3d95492f6ce8e697b2aaca1e2dded3fe4eca9487c35af3d29d744528711,1780391832265,1780391832270,1780391832273,1780391832310,5,3,37,45
150,1162,bottleneck_150_1162_1780391832239_391648,success,,3b466b155d82f1e426cd0d90f60187d56e54999bf982452271174af22623d25d,1780391832239,1780391832254,1780391832257,1780391832310,15,3,53,71
150,1168,bottleneck_150_1168_1780391832279_357262,success,,b5cb243334d74513b356830449f8aabcee3f977a2ec1878bbad83542470df772,1780391832279,1780391832283,1780391832285,1780391832310,4,2,25,31
150,1167,bottleneck_150_1167_1780391832272_324211,success,,68f6681ca721588006b0fd2e2df52b5f944332603d7a46d8a2d56438cd2e6216,1780391832272,1780391832277,1780391832279,1780391832310,5,2,31,38
150,1164,bottleneck_150_1164_1780391832252_150482,success,,f8cdb340d18867f4f1f40f16711663a34a007d480ea7d42a6432cf8602e30397,1780391832252,1780391832259,1780391832261,1780391832310,7,2,49,58
150,1160,bottleneck_150_1160_1780391832225_407699,success,,7bc6c40a75bcf632c12ef1fd3e127104d0fefb609403badd1ce33ec005377899,1780391832225,1780391832231,1780391832235,1780391832310,6,4,75,85
150,1179,bottleneck_150_1179_1780391832352_724493,success,,917306ce62b72d83a4f9a7268d7b60364773e98e159ecd01bcc7c70a085e0ca9,1780391832352,1780391832361,1780391832363,1780391832395,9,2,32,43
150,1170,bottleneck_150_1170_1780391832292_20336,success,,cb1365453b8e0f105755e6e911f2fcd48eae01d09b9c85445425c3826b83536b,1780391832292,1780391832301,1780391832303,1780391832395,9,2,92,103
150,1171,bottleneck_150_1171_1780391832299_361793,success,,39ece7de3169aebb226af681070e250587843076d455b204768e49f35c901a72,1780391832299,1780391832308,1780391832311,1780391832395,9,3,84,96
150,1172,bottleneck_150_1172_1780391832305_772429,success,,b40a16165f4794e5b24c4ed1a7350d1a6ffd45e95bc5371c64da5ae3c3b37dd6,1780391832305,1780391832312,1780391832314,1780391832395,7,2,81,90
150,1173,bottleneck_150_1173_1780391832313_840221,success,,795093979a8b22d4a511e7e000b507268fff8a015282ed20035da4a4da5c1e86,1780391832313,1780391832318,1780391832320,1780391832395,5,2,75,82
150,1174,bottleneck_150_1174_1780391832319_189815,success,,056687839286a9d9dac9ab80b29844a25b14c2637554e1b3532440e9c0a3aaac,1780391832319,1780391832327,1780391832329,1780391832395,8,2,66,76
150,1175,bottleneck_150_1175_1780391832326_684100,success,,29992ee00be231d74555b496b9743ab7f3c19cbe266d46b069af7919bb718679,1780391832326,1780391832331,1780391832333,1780391832395,5,2,62,69
150,1176,bottleneck_150_1176_1780391832332_954037,success,,752d4fdd620d4b8636f4da1ccfbb0158d8a8d095c8f9adba92f2a1e32e528b43,1780391832332,1780391832337,1780391832340,1780391832395,5,3,55,63
150,1177,bottleneck_150_1177_1780391832339_439049,success,,0955837b7ce164db270175189725cada0cae8e4b48432773a851f108d78ea7bb,1780391832339,1780391832344,1780391832346,1780391832395,5,2,49,56
150,1178,bottleneck_150_1178_1780391832345_682965,success,,71038532527adf890ac5afee2dff2ef54b394fbb3bdcfe935f01a51c310b9317,1780391832345,1780391832350,1780391832351,1780391832395,5,1,44,50
150,1189,bottleneck_150_1189_1780391832420_287191,success,,326178d11f7d5e0f63571c8f3aa5429dfbc9a5b0483123b65b9a7deb2a47615b,1780391832420,1780391832428,1780391832430,1780391832449,8,2,19,29
150,1183,bottleneck_150_1183_1780391832379_87494,success,,e2a3410ecce9f085b4ddc8b7bac1c1f100523c5120e9d5abebf79d5b46dc1a47,1780391832379,1780391832394,1780391832396,1780391832449,15,2,53,70
150,1180,bottleneck_150_1180_1780391832359_836867,success,,a67cb9cdc603eeca23573bbd53b1c3a0cb7a93349536232ea842bd4a6d7112f5,1780391832359,1780391832365,1780391832367,1780391832449,6,2,82,90
150,1181,bottleneck_150_1181_1780391832366_596058,success,,15eb565aaa35b4529476934f4a196bf6c7031da7e0d54127bdb56db9cadf8458,1780391832366,1780391832374,1780391832381,1780391832449,8,7,68,83
150,1182,bottleneck_150_1182_1780391832373_844529,success,,0d672ea8034837fa084e2f481ed8e7b031efa6d3bef4c0ad123e57724a66360a,1780391832373,1780391832393,1780391832396,1780391832449,20,3,53,76
150,1186,bottleneck_150_1186_1780391832399_163581,success,,32a6b816041f83814c2404b790103a10dea4191eba9b9f50a2243459790fb0f7,1780391832399,1780391832404,1780391832407,1780391832450,5,3,43,51
150,1184,bottleneck_150_1184_1780391832385_485781,success,,efc55644289424e2af35ddc1f4111e3d2589d02c88bfab5cad96c9953f6c7913,1780391832385,1780391832400,1780391832401,1780391832450,15,1,49,65
150,1187,bottleneck_150_1187_1780391832405_676263,success,,48b86efe378367672666fb08d01a6125d0c4eb55672fd2a871d9ea2b84e8413e,1780391832405,1780391832411,1780391832413,1780391832450,6,2,37,45
150,1185,bottleneck_150_1185_1780391832392_35325,success,,4eb7de99d7fb1fc07538c36b7b31765a2d3c78e2e6e769473efde17d8813aca0,1780391832392,1780391832400,1780391832402,1780391832450,8,2,48,58
150,1188,bottleneck_150_1188_1780391832412_720992,success,,f409eb9a4d5a2c65b3783c17355b5fc2705d04c7a2db6b6ebfa7ceb88a20af0f,1780391832412,1780391832417,1780391832419,1780391832450,5,2,31,38
150,1195,bottleneck_150_1195_1780391832459_584565,success,,6108b9a7b01cf0b52177c18f5b54c704c2ed5f68e76141a627b4060931b0fead,1780391832459,1780391832466,1780391832468,1780391832513,7,2,45,54
150,1194,bottleneck_150_1194_1780391832452_251857,success,,0da2f1390b04656196892aac818a19568c4366c1e4ace5d56dd806ce6a812388,1780391832452,1780391832458,1780391832460,1780391832513,6,2,53,61
150,1197,bottleneck_150_1197_1780391832472_235676,success,,216aaf1738d6ac1afc0d19de9f056ea65204b1abe6a19d81955af0477236186f,1780391832472,1780391832480,1780391832483,1780391832513,8,3,30,41
150,1199,bottleneck_150_1199_1780391832486_95005,success,,df621b18bc52a4cd3a22cae4ed17a3173f83bf9548775b41696bf1743c369c2f,1780391832486,1780391832492,1780391832494,1780391832513,6,2,19,27
150,1190,bottleneck_150_1190_1780391832425_889118,success,,3e8f258412593876490a769b406a638f3a61a004fd0c0823f2eb9913ea868fad,1780391832425,1780391832431,1780391832434,1780391832513,6,3,79,88
150,1196,bottleneck_150_1196_1780391832465_302908,success,,1714bfa43ec8beb899afa01fe2c1a605865f309d5c7a4cd7080812d3b3a38428,1780391832465,1780391832471,1780391832474,1780391832513,6,3,39,48
150,1191,bottleneck_150_1191_1780391832432_625996,success,,e9bfd1a961e3994e0b4783724e3d6c444212a7ce1945af731c2490268f281ed4,1780391832432,1780391832441,1780391832443,1780391832513,9,2,70,81
150,1193,bottleneck_150_1193_1780391832445_290904,success,,42de398a5850c19ff59e60553a06604c93e460379e3eeac1d3bdbea7b14ee278,1780391832445,1780391832453,1780391832455,1780391832513,8,2,58,68
150,1192,bottleneck_150_1192_1780391832439_922460,success,,00cf80957973c016af4031b33b73b141ebc8f71311c11a29b9f2d832d4e1d940,1780391832439,1780391832449,1780391832451,1780391832513,10,2,62,74
150,1198,bottleneck_150_1198_1780391832479_675419,success,,39258fff72103390956f3c473cd07a033a06439ee3cf6fdbf26c2bb4fd92ba24,1780391832479,1780391832485,1780391832487,1780391832513,6,2,26,34
