target_tps,sequence_number,asset_id,status,error_message,transaction_id,t1_proposal_sent_ms,t2_endorsement_received_ms,t3_submitted_to_orderer_ms,t4_committed_ms,endorsement_delay_ms,ordering_delay_ms,commit_delay_ms,total_latency_ms
200,9,bottleneck_200_9_1780391833347_712804,success,,0c520418bbb8a1cc7c3a43b538777374964e16e80adaa617cd67be69ed2b86ca,1780391833347,1780391833351,1780391833354,1780391833389,4,3,35,42
200,2,bottleneck_200_2_1780391833312_715551,success,,0123b9884baa2413243c1e24c0c7d3b729b7358534485d27d275e4372c1e21a8,1780391833312,1780391833326,1780391833333,1780391833389,14,7,56,77
200,5,bottleneck_200_5_1780391833327_365112,success,,2d52d1058d505e317a9425f9ef435c6687b7aea746f711ac64d210093304f9a1,1780391833327,1780391833337,1780391833341,1780391833390,10,4,49,63
200,3,bottleneck_200_3_1780391833317_10327,success,,91789ec45f2366dde4ba0b84b936e06d94622d16871912d806c918f2c4d4a423,1780391833317,1780391833326,1780391833334,1780391833390,9,8,56,73
200,4,bottleneck_200_4_1780391833323_659183,success,,52925369b4384321f94a4bb2cf72384cf00f5cbfaaea4e25f09eb3c312a7cf4c,1780391833323,1780391833335,1780391833340,1780391833390,12,5,50,67
200,6,bottleneck_200_6_1780391833333_866883,success,,fb830a5f6fdfa62384bf45bba76a3e5d152cc9c0a1563b56359a60ef0b2c4fac,1780391833333,1780391833342,1780391833345,1780391833391,9,3,46,58
200,7,bottleneck_200_7_1780391833336_949499,success,,a7a5ed6bc73de03070fc71ad2bdf5b0895930809d249b623585cdbc9fa12b4cb,1780391833336,1780391833343,1780391833346,1780391833391,7,3,45,55
200,8,bottleneck_200_8_1780391833342_897078,success,,828d36424a94ba8f865b9f68c5a8db6e08a5cc8ee596c7d9f2e5b718151931ca,1780391833342,1780391833348,1780391833349,1780391833391,6,1,42,49
200,1,bottleneck_200_1_1780391833306_269481,success,,26dd791e0ee0e874252ef314b4e39f76d030478da29ff98ee98fa0d73c8a9b08,1780391833306,1780391833324,1780391833332,1780391833391,18,8,59,85
200,0,bottleneck_200_0_1780391833301_964160,success,,cf8b62cc4351b08b58c1459e3031eb0aabd0f17d83c6e8dc6ac50c56812d71f4,1780391833301,1780391833325,1780391833329,1780391833391,24,4,62,90
200,19,bottleneck_200_19_1780391833400_933949,success,,3a56a9f5d0560b67835c83d10577f9440e64bd43e1e5d83cc1940e0ed4208ae3,1780391833400,1780391833413,1780391833418,1780391833457,13,5,39,57
200,10,bottleneck_200_10_1780391833352_545259,success,,407d7f0dfcd85c2b22e2a1390ee5e197b07bc4dc667b13ffd83eca01e9ed9d6e,1780391833352,1780391833361,1780391833369,1780391833457,9,8,88,105
200,11,bottleneck_200_11_1780391833358_716770,success,,d1aa0bddde13b49540c863df78e220071f8bd772b5a3c60d5470b03bee543227,1780391833358,1780391833374,1780391833379,1780391833458,16,5,79,100
200,17,bottleneck_200_17_1780391833387_372262,success,,f581084e8bd170e198ce22fb4460a5779f450deaba2a26a89ff3ee480f380008,1780391833387,1780391833398,1780391833403,1780391833458,11,5,55,71
200,16,bottleneck_200_16_1780391833381_23219,success,,4c0a03cff3e801e6c1e867377acadf3abae14c3939318645ba26929f10024dca,1780391833381,1780391833399,1780391833404,1780391833458,18,5,54,77
200,18,bottleneck_200_18_1780391833392_363438,success,,8b05d3124c85c4f923fd27d29f06ef31e2674353f29156dbb79addc6bcde000a,1780391833392,1780391833402,1780391833411,1780391833458,10,9,47,66
200,15,bottleneck_200_15_1780391833377_702289,success,,94683c41825f067aa927cb04d89e6be1ad78efdbb068bfcf4ba71192090f25de,1780391833377,1780391833399,1780391833406,1780391833458,22,7,52,81
200,13,bottleneck_200_13_1780391833367_165472,success,,24cc70a5df7eaf64a9308ca12c9e67503b36069273fa9bb8eb742008e878af73,1780391833367,1780391833381,1780391833384,1780391833458,14,3,74,91
200,12,bottleneck_200_12_1780391833363_689460,success,,d9e8050ed2a71829c9d27746fb30dba52d885f642a9da2466db07c530ef1d2b1,1780391833363,1780391833389,1780391833391,1780391833458,26,2,67,95
200,14,bottleneck_200_14_1780391833372_101272,success,,a1407f65f5e529b35ede9ede57c11b8a72d721f7bb55efdc65a19e04624826ea,1780391833372,1780391833390,1780391833393,1780391833458,18,3,65,86
200,30,bottleneck_200_30_1780391833452_323679,success,,26ed8bca8b00096c5e0fabeeb6ee1a8c6a38e969b0a317f7e6d234d0115e0924,1780391833452,1780391833464,1780391833471,1780391833509,12,7,38,57
200,20,bottleneck_200_20_1780391833401_716256,success,,ce5037ed2e374acbb76607c2cfd7534f095a644d25d76be6e41316d6c57d003f,1780391833401,1780391833414,1780391833419,1780391833509,13,5,90,108
200,21,bottleneck_200_21_1780391833407_847107,success,,c7daf37b1fa289ed4e9610abdfe846269d91b9d797e31805fcf1e0a9fd82e3d7,1780391833407,1780391833420,1780391833424,1780391833509,13,4,85,102
200,22,bottleneck_200_22_1780391833411_626780,success,,768ca488d4692d4a541f43933a25579b22250cd326e6473ab9406115e13ba273,1780391833411,1780391833423,1780391833429,1780391833509,12,6,80,98
200,23,bottleneck_200_23_1780391833417_997715,success,,aa7a2a52bb3ec13405c9c4797ab9e231c46e7e403eec364acaf9f50da50b09b5,1780391833417,1780391833431,1780391833440,1780391833509,14,9,69,92
200,24,bottleneck_200_24_1780391833422_15144,success,,05e729b9e49b44782bfad0dce6d72d68b642f1ab72ff898759ee3df0bed3e344,1780391833422,1780391833441,1780391833444,1780391833509,19,3,65,87
200,27,bottleneck_200_27_1780391833438_200029,success,,ff305d8f1c33a3a2886d380e955e0f132e736e843b34d627203b9314d2a9e85c,1780391833438,1780391833454,1780391833459,1780391833509,16,5,50,71
200,28,bottleneck_200_28_1780391833442_796511,success,,996c8406f19ed98fbfece443b72468d71ee9096eb6bcbb7f7070217fa09d91c9,1780391833442,1780391833455,1780391833460,1780391833509,13,5,49,67
200,25,bottleneck_200_25_1780391833428_934010,success,,2a4aefde59f05908e4cc6e9ae300956f1c9dd61ac372bee8433b155e34c76a4e,1780391833428,1780391833456,1780391833464,1780391833509,28,8,45,81
200,26,bottleneck_200_26_1780391833432_240158,success,,4be27c84e9548df492c2a225e95c93d80e6428716a903085a2f82dc0fc565bfc,1780391833432,1780391833457,1780391833463,1780391833509,25,6,46,77
200,40,bottleneck_200_40_1780391833502_37653,success,,75e848b9502157667f2c2cfe8dedb8aca489beb7accc9558de7e6bf41443c09c,1780391833502,1780391833519,1780391833524,1780391833549,17,5,25,47
200,34,bottleneck_200_34_1780391833473_822547,success,,6f171fe4ad0aa7e5756f0b2e34547a83474b58e5f9ef66ed2152dc9af80dfc38,1780391833473,1780391833491,1780391833498,1780391833549,18,7,51,76
200,29,bottleneck_200_29_1780391833447_644624,success,,e1a4f0d4d5f753c33e02763efa7fce078570c6eddd6afba9da8df0662210a42c,1780391833447,1780391833465,1780391833474,1780391833549,18,9,75,102
200,35,bottleneck_200_35_1780391833478_436538,success,,7a03c9da24fa12c1115454b6119f083618415814759c3030ee9924cb84072642,1780391833478,1780391833499,1780391833506,1780391833550,21,7,44,72
200,36,bottleneck_200_36_1780391833483_889158,success,,3e99f346fbc64b64e9360d729cefa56d2be57bb53c1d2e70de19cdf042102b6c,1780391833483,1780391833500,1780391833505,1780391833550,17,5,45,67
200,37,bottleneck_200_37_1780391833488_746222,success,,46bee0ababb86ae376c6bc53581592590e4bc8eefcef89808c069f8706e2383e,1780391833488,1780391833501,1780391833508,1780391833550,13,7,42,62
200,32,bottleneck_200_32_1780391833462_18159,success,,feb05983e5f939584f98be9278fcfb0afdbfbb706f273d8c0c1ab36767cd6be7,1780391833462,1780391833476,1780391833482,1780391833550,14,6,68,88
200,31,bottleneck_200_31_1780391833458_626528,success,,e6481c1383625d15493d3d86533172d6215b27a2c33fe9ccd6b396522bf78ba7,1780391833458,1780391833470,1780391833477,1780391833550,12,7,73,92
200,33,bottleneck_200_33_1780391833467_677519,success,,11544805d4a4fe68bbbbb0c41097c8f99c8afc9f81db05d9d5982537ffb16d3c,1780391833467,1780391833486,1780391833494,1780391833550,19,8,56,83
200,38,bottleneck_200_38_1780391833493_221625,success,,bf52b927f048ed4632afa8a64ab2c293097ba1e0f3a9a0b2b99ca13e6ccbd7a9,1780391833493,1780391833510,1780391833514,1780391833550,17,4,36,57
200,48,bottleneck_200_48_1780391833542_576481,success,,3d72ee58620de2228018138adc04eb9b9b0b73e085327e8f857255c53d0e8f0b,1780391833542,1780391833570,1780391833576,1780391833760,28,6,184,218
200,44,bottleneck_200_44_1780391833522_782134,success,,679f44971af28bb1098d4e313e70dbacc8df11216def55e8f83e948d495efbd6,1780391833522,1780391833535,1780391833541,1780391833760,13,6,219,238
200,46,bottleneck_200_46_1780391833533_880693,success,,6985b16bdec16c11296458f6d19bd8b98dfa3faa2199dc9ba8a9d9a5451b8f73,1780391833533,1780391833545,1780391833549,1780391833760,12,4,211,227
200,45,bottleneck_200_45_1780391833527_25546,success,,a219bc0a73d6c544da5d5fe42656f9ce61b102bffea86d2bd423e40e128cfd35,1780391833527,1780391833548,1780391833550,1780391833760,21,2,210,233
200,39,bottleneck_200_39_1780391833497_268141,success,,f24ebef4d475c02cb7a42aac906ff95df600d8c62ed82cb486c4f5d25d70c07b,1780391833497,1780391833520,1780391833525,1780391833760,23,5,235,263
200,47,bottleneck_200_47_1780391833537_299881,success,,0a3399587e6d4165489f18ad2bdd28f6f180d543523bc4bcaebd83cb024c6806,1780391833537,1780391833568,1780391833577,1780391833760,31,9,183,223
200,41,bottleneck_200_41_1780391833507_530427,success,,29730a77edabd27085e379dfa092944d6559367984b97c38ad3fd6c33a974bf8,1780391833507,1780391833523,1780391833526,1780391833760,16,3,234,253
200,51,bottleneck_200_51_1780391833558_840220,success,,722e1584b25a34eba1ae105ea818a01974877297a3cf9217e580cb2c0a581bd2,1780391833558,1780391833569,1780391833577,1780391833760,11,8,183,202
200,42,bottleneck_200_42_1780391833513_498516,success,,7068dd2c7ed95c43675ab32557f02d554034147ea993813e9baf33fa11715bfa,1780391833513,1780391833524,1780391833529,1780391833760,11,5,231,247
200,43,bottleneck_200_43_1780391833517_280829,success,,7750eab9526893b9e92576da9a3b77da46591f3f4b79383c4b73120abb8f2374,1780391833517,1780391833528,1780391833530,1780391833760,11,2,230,243
200,57,bottleneck_200_57_1780391833586_545025,success,,9691fbb28130548cfe5cdb1368b05748194ca0a468b3622a792183c611b4c1c6,1780391833586,1780391833772,1780391833790,1780391833899,186,18,109,313
200,49,bottleneck_200_49_1780391833547_327378,success,,da28482d667c8c2f8fcf0ed48feba39975d3c4947a4f41ce201a77219d9903e6,1780391833547,1780391833572,1780391833579,1780391833899,25,7,320,352
200,50,bottleneck_200_50_1780391833552_987988,success,,b071faeceed016954042e72dd01473d8b37592028eca617fe7dbfd388b68550b,1780391833552,1780391833571,1780391833580,1780391833899,19,9,319,347
200,52,bottleneck_200_52_1780391833563_464171,success,,957fbd1e5ccb46d4f105caca725e9fa38de2cce3120dbe493509105545bef001,1780391833563,1780391833574,1780391833581,1780391833899,11,7,318,336
200,53,bottleneck_200_53_1780391833567_572486,success,,cce84d6ffd9813d830fa263952de71e935c58ab26af8d63a818133075f0bc02b,1780391833567,1780391833575,1780391833582,1780391833899,8,7,317,332
200,54,bottleneck_200_54_1780391833573_311762,success,,01a7a6232fbc87d3f2094d6836c0c7333bbb38ef7279914a9d0fa3b55c7a51f0,1780391833573,1780391833583,1780391833587,1780391833899,10,4,312,326
200,55,bottleneck_200_55_1780391833578_451676,success,,9ba8abdd637422e2c9cb318c86aa824f01db5c8fe8d7a3a900417efeaff9809b,1780391833578,1780391833590,1780391833631,1780391833899,12,41,268,321
200,65,bottleneck_200_65_1780391833629_446360,success,,98df103740e2c7bc30947077493dc4119e0dc3f01a70ec39f8a4e6a99728cd8e,1780391833629,1780391833767,1780391833783,1780391833899,138,16,116,270
200,64,bottleneck_200_64_1780391833623_674995,success,,e70f65202ada286386268fc4d1dfbc7fd8b2743a84fa2ec0fc77989fd8a15a2b,1780391833623,1780391833768,1780391833784,1780391833899,145,16,115,276
200,60,bottleneck_200_60_1780391833606_443695,success,,a3681dcf074a2a4841a1243b2feb36fcba401cf57c5129448ef832cf70e036e7,1780391833606,1780391833770,1780391833789,1780391833899,164,19,110,293
200,58,bottleneck_200_58_1780391833597_262087,success,,327097f2588c3b3ad303a1e8b9d5a8cb4f851eb5ea48b67e1091d38d55f5c68a,1780391833597,1780391833841,1780391833853,1780391833934,244,12,81,337
200,67,bottleneck_200_67_1780391833637_904693,success,,3638a77e3a1648f097bf569c743d0b7948d86ef7272b30911643e358e9d11a58,1780391833637,1780391833781,1780391833798,1780391833934,144,17,136,297
200,62,bottleneck_200_62_1780391833617_60551,success,,66fb877614f83a53c5af87bdf71abe6167aa23dd06f4d691c5a7fac89e9ab32f,1780391833617,1780391833782,1780391833799,1780391833934,165,17,135,317
200,68,bottleneck_200_68_1780391833642_439038,success,,a69265bb8ff0afb1eba4e4ce9f2325140f13595d9aedeb9da3b2eca2589b08dd,1780391833642,1780391833839,1780391833845,1780391833934,197,6,89,292
200,83,bottleneck_200_83_1780391833734_686981,success,,eb109ec281d07acd2028b380544f59224c06f325df396f2c0a475c995aaa3e66,1780391833734,1780391833840,1780391833844,1780391833934,106,4,90,200
200,59,bottleneck_200_59_1780391833602_76973,success,,3835415e4f23a107cdf69111b2297d82535fc48bb36751638d9297a09f0a162e,1780391833602,1780391833771,1780391833794,1780391833934,169,23,140,332
200,56,bottleneck_200_56_1780391833583_109721,success,,441c8a7fcf17aab5ef8667b09532d047f506bee76f411bc68a652ee2a9a95c83,1780391833583,1780391833775,1780391833791,1780391833934,192,16,143,351
200,61,bottleneck_200_61_1780391833615_229650,success,,b6788f40c49d9ef26e4e6b1caffada844e2661ace59df891a8c89ef93fff7a5a,1780391833615,1780391833773,1780391833794,1780391833934,158,21,140,319
200,63,bottleneck_200_63_1780391833619_914153,success,,eeb2dbc72c57b0001f972170854a4af324eb61cb16cd33f09a4104f0f15b84b7,1780391833619,1780391833774,1780391833793,1780391833934,155,19,141,315
200,66,bottleneck_200_66_1780391833632_395409,success,,8120a07a222b913284bc174aba112dba56ca058d5b86ff35930735e01650a20c,1780391833632,1780391833780,1780391833797,1780391833934,148,17,137,302
200,103,bottleneck_200_103_1780391833817_232435,success,,147e2320cc426f489cb4abff093c60b040cc679c8c0b89554be28efb3de9f8ed,1780391833817,1780391834112,1780391834152,1780391834206,295,40,54,389
200,84,bottleneck_200_84_1780391833736_129694,success,,f29b166f6f67292d185f32987a2e4834ba254fa3213ea217ad3e5f9cc2b39913,1780391833736,1780391834025,1780391834034,1780391834208,289,9,174,472
200,69,bottleneck_200_69_1780391833647_223118,success,,806e43959fecd74c0702cab07776a24fd48a6bf59a6b2eb51a8ad06be9e361d1,1780391833647,1780391834095,1780391834103,1780391834208,448,8,105,561
200,75,bottleneck_200_75_1780391833683_659355,success,,201dbc2acf49619130f1dd2f1fc4a3511d9cde7ca84e083293b6c1dda4ce4556,1780391833683,1780391834081,1780391834085,1780391834208,398,4,123,525
200,86,bottleneck_200_86_1780391833739_918281,success,,cd050c8653baf1a3dc9383a0ba489a4022746340184f6d7fe865daaf290702d6,1780391833739,1780391834092,1780391834098,1780391834208,353,6,110,469
200,73,bottleneck_200_73_1780391833669_399255,success,,e8e7c1fd9e890d9869669e4154ea2021842a6627ef88e336902b5895054326ca,1780391833669,1780391834091,1780391834099,1780391834208,422,8,109,539
200,104,bottleneck_200_104_1780391833822_830716,success,,bb166a8ca73fe9c015e68efbb93dd0e1739f31cb4baea5cabb9f80bbef80f2c7,1780391833822,1780391834111,1780391834121,1780391834208,289,10,87,386
200,87,bottleneck_200_87_1780391833740_876264,success,,f8e98778b846ee3536748e6dbbeab4b6278254e841ca98086713e83ffb6443cb,1780391833740,1780391834101,1780391834108,1780391834208,361,7,100,468
200,74,bottleneck_200_74_1780391833672_403191,success,,6055cc933508ea84c98d0b2b9f0c57d0263f6e473bf25eb2432829c5af51f8f1,1780391833672,1780391834110,1780391834122,1780391834208,438,12,86,536
200,99,bottleneck_200_99_1780391833798_303005,success,,8548a27d48187d33f5932bf09c10c9acf047972019707983b0eb1d011ca566f2,1780391833798,1780391834113,1780391834123,1780391834208,315,10,85,410
200,81,bottleneck_200_81_1780391833727_947652,success,,f9716ef11a8d639659508b70d95fbb89de3374be4165cb62f705604f1d25963e,1780391833727,1780391834135,1780391834179,1780391834221,408,44,42,494
200,94,bottleneck_200_94_1780391833776_32525,success,,47af7abfdb9805067e2b9e8fc36626ffc71061505d1198ba164c7782a73801bd,1780391833776,1780391834117,1780391834176,1780391834221,341,59,45,445
200,102,bottleneck_200_102_1780391833811_802556,success,,97b94270522f417815e4246825a9964683e683a9dc79c3e0845aea00dbfa9265,1780391833811,1780391834119,1780391834171,1780391834221,308,52,50,410
200,79,bottleneck_200_79_1780391833721_119620,success,,989a90d52e6f0c86bd497acb4c6dc8af5eea76cc61390155bda4ee06e5496a95,1780391833721,1780391834116,1780391834172,1780391834222,395,56,50,501
200,91,bottleneck_200_91_1780391833757_899429,success,,79c853309f141439ca200ce2b517e1801fa2f8eb3d1c94308e6c12ca4bebebc1,1780391833757,1780391834125,1780391834175,1780391834222,368,50,47,465
200,82,bottleneck_200_82_1780391833729_760374,success,,5e916ce6857081520e7cda5e032d7e6873f3c6636c4d633f353cabde8eaf8211,1780391833729,1780391834126,1780391834174,1780391834222,397,48,48,493
200,101,bottleneck_200_101_1780391833806_132346,success,,1de4bd804e9659407917d58cdc10ce018946d3ab7919c24265ccce5076ec677a,1780391833806,1780391834115,1780391834177,1780391834222,309,62,45,416
200,71,bottleneck_200_71_1780391833657_642497,success,,657e2f16cf3e5c52f65927585ca6210e2c082b64d0277b4118505e8ccfc4e9bf,1780391833657,1780391834124,1780391834169,1780391834222,467,45,53,565
200,105,bottleneck_200_105_1780391833826_438916,success,,26d963f748d1dc5ac57e8212483c03df75b569df6d80ea3fe964e3fc5b5aa18b,1780391833826,1780391834134,1780391834173,1780391834222,308,39,49,396
200,89,bottleneck_200_89_1780391833747_103771,success,,e610e97f48db54c3638ab1d452cee2401c417f4130bec89b3c652a938c482e5d,1780391833747,1780391834128,1780391834178,1780391834222,381,50,44,475
200,72,bottleneck_200_72_1780391833666_682985,success,,14d7270b6bbffe8bf35d18452e3ccb844737c34aeefd6f2d54d99076fcf644aa,1780391833666,1780391834167,1780391834195,1780391834231,501,28,36,565
200,96,bottleneck_200_96_1780391833785_651135,success,,fb0133db7f2f5430509be7271f4f6b5dd09b33df03cc83803ce75a89ae23279f,1780391833785,1780391834133,1780391834190,1780391834231,348,57,41,446
200,70,bottleneck_200_70_1780391833653_887569,success,,4e2ef825da8f32cc36e6d134ee4ff24259941be813c5a63a7f178fb8fd2c96ea,1780391833653,1780391834128,1780391834191,1780391834231,475,63,40,578
200,80,bottleneck_200_80_1780391833726_464087,success,,6faf3ded3d153275677d37de2f19bcba1959490f5d593a915d0995f9864075d3,1780391833726,1780391834149,1780391834187,1780391834231,423,38,44,505
200,76,bottleneck_200_76_1780391833693_160328,success,,ab46c4e6bc37d04213c9423eca041e0d934b51c40506e64f1ea985a017e7a26b,1780391833693,1780391834136,1780391834189,1780391834231,443,53,42,538
200,92,bottleneck_200_92_1780391833761_266756,success,,be8781edca2343613e336f0df83744a3728d32ad8a0f6575456b55ef759f4b0d,1780391833761,1780391834132,1780391834186,1780391834231,371,54,45,470
200,85,bottleneck_200_85_1780391833737_364333,success,,26fb03aa94aceb1a074a670318c765d4f3b3f43a4707670835ba6828507a08ee,1780391833737,1780391834157,1780391834185,1780391834231,420,28,46,494
200,77,bottleneck_200_77_1780391833703_23253,success,,46aff256d54a2b2d42b854f53862602f3f398a254baa054a1846b57f67b1f671,1780391833703,1780391834156,1780391834192,1780391834231,453,36,39,528
200,78,bottleneck_200_78_1780391833718_878974,success,,f170a8785fd299188258294395b0515a6a1ef969861953fcecebd6244d4e50e3,1780391833718,1780391834158,1780391834194,1780391834231,440,36,37,513
200,100,bottleneck_200_100_1780391833801_582630,success,,8b2564a9ff6fbe87d08ee3513997cc059ee0dd8ca5c659350437b84fba742ebc,1780391833802,1780391834153,1780391834193,1780391834231,351,40,38,429
200,98,bottleneck_200_98_1780391833792_576216,success,,2258e4fee9f0fbdf2ae80cd438d79ddef83247111f14bc99bbe39f3ebc0b9cbd,1780391833792,1780391834168,1780391834204,1780391834448,376,36,244,656
200,110,bottleneck_200_110_1780391833852_84504,success,,c7bc9fa203971576edce9f750ef7a6633c23c399e3bec4cf096d88d834da63c0,1780391833852,1780391834303,1780391834379,1780391834448,451,76,69,596
200,109,bottleneck_200_109_1780391833848_614249,success,,058e3dc310aecea057a5affcbb73e099efd77a07a395fa3338baad365d455a7d,1780391833848,1780391834306,1780391834384,1780391834448,458,78,64,600
200,97,bottleneck_200_97_1780391833787_180565,success,,7e0c93965768ce2f0fd76159fbb9077d24f6ea3917e82d6a4bbde19483381999,1780391833787,1780391834161,1780391834203,1780391834448,374,42,245,661
200,93,bottleneck_200_93_1780391833769_622710,success,,33397d72bb43d29eaddbc03993841bbee22ff0ba36b097cfc7e2dec9f4200a45,1780391833769,1780391834166,1780391834196,1780391834448,397,30,252,679
200,90,bottleneck_200_90_1780391833751_476785,success,,d793e5d6b957fc25d165bf3bf119eec36c58518eaf612b980684b22e16c3862c,1780391833751,1780391834162,1780391834202,1780391834448,411,40,246,697
200,88,bottleneck_200_88_1780391833742_581421,success,,f74192bfea6b9a8d03ed64adb1664164aabcfa79b54c1060cfa90d70cd4abd23,1780391833742,1780391834160,1780391834202,1780391834448,418,42,246,706
200,95,bottleneck_200_95_1780391833777_151945,success,,3781770ceb5778586497e2fd97fc472afd25745d2bb5777c1dbc3e81cc5a0de2,1780391833777,1780391834163,1780391834201,1780391834448,386,38,247,671
200,115,bottleneck_200_115_1780391833878_307129,success,,91b13b2d1c8eaa57a02e6da2e24c2db4dbee6736196a1165d732da43ddee9856,1780391833878,1780391834312,1780391834395,1780391834448,434,83,53,570
200,114,bottleneck_200_114_1780391833872_906464,success,,40b3bbe442a28cd53a9c5111aff149d02c1a45e237b740d405bf26eb43f80f34,1780391833872,1780391834308,1780391834396,1780391834448,436,88,52,576
200,119,bottleneck_200_119_1780391833897_869820,success,,2c674df5e1b1896adcf9e3760ebb4515f19a13e4afa20bff1e052a4acb1526b7,1780391833897,1780391834319,1780391834400,1780391834451,422,81,51,554
200,135,bottleneck_200_135_1780391833977_565749,success,,9c8ce859e53128b1ce7cb1899e1f12667e0ca7afe5658a023b4d61528c2efa0a,1780391833977,1780391834313,1780391834397,1780391834451,336,84,54,474
200,136,bottleneck_200_136_1780391833981_71037,success,,40eac391d5e241406df65688217ad59e1901bb188ffd620d1b50218634417daf,1780391833981,1780391834310,1780391834397,1780391834451,329,87,54,470
200,111,bottleneck_200_111_1780391833858_381883,success,,bb57abfd8adb33d7a9bf6714a33bf0a02021b7155544aedb445c7e266eafd6d2,1780391833858,1780391834309,1780391834398,1780391834451,451,89,53,593
200,138,bottleneck_200_138_1780391833991_304626,success,,2d36873b1ac0a3def4047a3cab88b68022ecc9423e4fe570ed03bb012d5fe8fc,1780391833991,1780391834320,1780391834406,1780391834501,329,86,95,510
200,118,bottleneck_200_118_1780391833892_108563,success,,81cf7a865b36390955fb9c7288422ba193d9e7c83b00890c75df0c7cb07353cf,1780391833892,1780391834318,1780391834401,1780391834503,426,83,102,611
200,113,bottleneck_200_113_1780391833867_635258,success,,3a81c8a477d3bddd2e0f70b39a357fc377e894f270d9a895ce149881ad6f0c46,1780391833867,1780391834317,1780391834402,1780391834503,450,85,101,636
200,140,bottleneck_200_140_1780391834002_667031,success,,d47e32048d9a10e3dceccf58997c20ff1e11ef471d94f6c8a2e32c85240f0e5e,1780391834002,1780391834334,1780391834406,1780391834503,332,72,97,501
200,117,bottleneck_200_117_1780391833887_583390,success,,194326aa90ca38aec559151668f29444a3dc0243e5b6fc1c7a89cecff2e85192,1780391833887,1780391834336,1780391834408,1780391834503,449,72,95,616
200,150,bottleneck_200_150_1780391834052_126647,success,,af38cff8855825d5dfd9108c36a8a9c3335ae439618b7bac024a42bd8dd03e93,1780391834052,1780391834338,1780391834409,1780391834503,286,71,94,451
200,152,bottleneck_200_152_1780391834063_568617,success,,11893feebfdc3e46cebc78d705328d80d9c18671d9979f0b21c648260d1ca6dd,1780391834063,1780391834343,1780391834411,1780391834503,280,68,92,440
200,153,bottleneck_200_153_1780391834067_364449,success,,c75426156093a2a074e0a742b22b623425686fb115c0a29195a257964bcc4989,1780391834067,1780391834344,1780391834408,1780391834503,277,64,95,436
200,137,bottleneck_200_137_1780391833987_417699,success,,d5d2d9315579428b26753eb83a92f4dca22a89810f8852908087779284020d25,1780391833987,1780391834323,1780391834403,1780391834503,336,80,100,516
200,122,bottleneck_200_122_1780391833912_476894,success,,ff8a044fd5fbd9111e1024af32e79cde4afc1d51d5954055e5e7f8057653b042,1780391833912,1780391834337,1780391834410,1780391834503,425,73,93,591
200,126,bottleneck_200_126_1780391833932_134944,success,,07c18fad4ef165141e8af12630278899fcff0bd2b3e57d287e9c2f31fb6c6831,1780391833932,1780391834353,1780391834414,1780391834506,421,61,92,574
200,124,bottleneck_200_124_1780391833923_215170,success,,fcdce8c2959642913e02ba833c21748f9e5df866f595733819a61bb5b257140c,1780391833923,1780391834352,1780391834415,1780391834506,429,63,91,583
200,123,bottleneck_200_123_1780391833917_231967,success,,4a6d2ab5df08684eff312a1245ec5566b525ad5392ff420ff78fec0a00a85180,1780391833918,1780391834349,1780391834413,1780391834510,431,64,97,592
200,141,bottleneck_200_141_1780391834007_821783,success,,ef02025e23c26ae6c898b5392adac0a05b3dde5f7f3ebe8018f159dd954e9b5f,1780391834007,1780391834349,1780391834415,1780391834510,342,66,95,503
200,107,bottleneck_200_107_1780391833837_504070,success,,ea100b5e9425f8f6ad9a1e7894a7dd41eadf6293d758030bc29fdf37ad0bc297,1780391833837,1780391834347,1780391834412,1780391834510,510,65,98,673
200,142,bottleneck_200_142_1780391834013_118263,success,,a7118f3a5925a3e23f93bce2d5ba4189710eaf7ae79185467869ceced9fa5fc6,1780391834013,1780391834346,1780391834413,1780391834510,333,67,97,497
200,120,bottleneck_200_120_1780391833903_228474,success,,c4cf7e74e14a12a22fb833f63637b611843e5637d764e4fc21c2ee9a5cfbfcbe,1780391833903,1780391834359,1780391834417,1780391834536,456,58,119,633
200,134,bottleneck_200_134_1780391833973_35302,success,,33c79ab22976d22696997d10d61f0b8f8fa4f5d5c77a8c3c9f4e0c2516840049,1780391833973,1780391834370,1780391834424,1780391834536,397,54,112,563
200,144,bottleneck_200_144_1780391834022_851077,success,,06a1b8145c4c0f45fccff416b5a8e7a4df7c1b6d3322c205bb9f30e601c94d0d,1780391834022,1780391834355,1780391834422,1780391834536,333,67,114,514
200,154,bottleneck_200_154_1780391834073_494939,success,,29efab9bcea7f66a688edcf8af1c9da6fc1a135b3d78c082facc1ef0eb14b353,1780391834073,1780391834364,1780391834421,1780391834536,291,57,115,463
200,130,bottleneck_200_130_1780391833952_606562,success,,2770897cbdb9d11436151c5867a17627f9b7787840a11d9317303e5bb0772930,1780391833952,1780391834366,1780391834426,1780391834540,414,60,114,588
200,156,bottleneck_200_156_1780391834082_160900,success,,16030f20cf0231521c7a0277fdebbb6b14fde4e465e7615b707c089f17a3f893,1780391834082,1780391834367,1780391834424,1780391834543,285,57,119,461
200,125,bottleneck_200_125_1780391833927_267515,success,,32e00eced46ab151ee8fa24135e2d463c1fb0cf814ceaab5ab2df050cc065671,1780391833927,1780391834365,1780391834420,1780391834544,438,55,124,617
200,116,bottleneck_200_116_1780391833882_286398,success,,09db9e5af6e89a48dddfdfe4163bc10b1022de01c96ff45faa8e8da14f81340c,1780391833882,1780391834358,1780391834419,1780391834544,476,61,125,662
200,145,bottleneck_200_145_1780391834027_532841,success,,1d7c67b7205708f662473eaf1fa1e6f4f09cfe60725745cf4b6a9a70c86b98b0,1780391834027,1780391834357,1780391834418,1780391834544,330,61,126,517
200,127,bottleneck_200_127_1780391833937_446502,success,,ab5e27ea17fb2d577bc3283e839b9ae47475559879fe0ceb84f03ecf27165139,1780391833937,1780391834368,1780391834427,1780391834544,431,59,117,607
200,151,bottleneck_200_151_1780391834057_665096,success,,f50fcc1800b0e2b9abfd0e187ba19d7ca5758a998d76159b53d4f2ada730f0d4,1780391834057,1780391834386,1780391834434,1780391834599,329,48,165,542
200,128,bottleneck_200_128_1780391833942_890307,success,,0a2554e9fc196848e8d54b61de797511336312d52257b729281a348fb259a6f6,1780391833942,1780391834372,1780391834428,1780391834603,430,56,175,661
200,148,bottleneck_200_148_1780391834043_651709,success,,127a18432564c2d199e2cc0406c6ca939f9df8e6aca3f8706c63b703bc61736c,1780391834043,1780391834378,1780391834426,1780391834603,335,48,177,560
200,121,bottleneck_200_121_1780391833907_183650,success,,cdb7fb724ef0a5b1beac46f8ff9153b6fe436e746a3a44324fb27001060cb6f6,1780391833907,1780391834373,1780391834425,1780391834603,466,52,178,696
200,132,bottleneck_200_132_1780391833962_34465,success,,91f1eba6c59dbf17fc95814fda0cef7e213d6901a7566cf02bb0342446cd9eb8,1780391833962,1780391834375,1780391834432,1780391834603,413,57,171,641
200,157,bottleneck_200_157_1780391834087_164294,success,,a4299042556ca9dcf9bad5ca930ba6a0dcb3a00a3d559623530234b7af950afb,1780391834087,1780391834380,1780391834429,1780391834603,293,49,174,516
200,160,bottleneck_200_160_1780391834102_930785,success,,7cbe9fa26b2db1796050255e30ce463a1ddeaec2810b61d43154f2836b5ca63d,1780391834102,1780391834381,1780391834429,1780391834603,279,48,174,501
200,158,bottleneck_200_158_1780391834093_214286,success,,37b78611da76183bde922f051322321712857748d5c09c1f86c4aba9e1e72aa9,1780391834093,1780391834385,1780391834431,1780391834603,292,46,172,510
200,146,bottleneck_200_146_1780391834033_999786,success,,f936b78634a6fcf7abcc6450aefbdbd9e777096d3e71859be127db947decd6eb,1780391834033,1780391834385,1780391834432,1780391834606,352,47,174,573
200,131,bottleneck_200_131_1780391833957_358729,success,,7d7d649658c54a404a43c614d37eadaff2db336db42b80156b34228c6e3c9f70,1780391833957,1780391834382,1780391834433,1780391834607,425,51,174,650
200,129,bottleneck_200_129_1780391833948_729099,success,,b8c4e9c79b09f4c9b10dec82bf5b42469560f3bd9e8e141d9c0658c54cbaaa69,1780391833948,1780391834423,1780391834513,1780391834623,475,90,110,675
200,143,bottleneck_200_143_1780391834019_410346,success,,826fba2b950e307d1cd6c0d8fa5bc8d08504028ea3fef4a486b1ecab3897be3a,1780391834019,1780391834390,1780391834447,1780391834623,371,57,176,604
200,159,bottleneck_200_159_1780391834097_891516,success,,dfabafd1513607f86c3b4b2e51b06bb45243ddac68567d58839f73ad17bb9ede,1780391834097,1780391834387,1780391834447,1780391834623,290,60,176,526
200,108,bottleneck_200_108_1780391833843_821092,success,,1bd64364aa8da0fbebaea1f3375ff13047717751dab44980a9d412aad7f4d6a2,1780391833843,1780391834399,1780391834449,1780391834623,556,50,174,780
200,106,bottleneck_200_106_1780391833832_787983,success,,3d0c5c3022acd6f4f3d734e062a075b46aa6e9106923e28e66135b6ba1a0cdb2,1780391833832,1780391834394,1780391834448,1780391834623,562,54,175,791
200,147,bottleneck_200_147_1780391834037_572383,success,,2b7543600533b83063df176db9e7cbd437c71231c556a556a4e930d23c735f6a,1780391834037,1780391834391,1780391834450,1780391834623,354,59,173,586
200,149,bottleneck_200_149_1780391834047_266971,success,,eec9a08ae6591103658cd6f1b4e69e0095d332171111a4b88f96ab73c8824087,1780391834047,1780391834405,1780391834504,1780391834623,358,99,119,576
200,112,bottleneck_200_112_1780391833862_788778,success,,19f0e77eeb929fc03b3bd2a435f389f2eca86a5b157c4e733df6012b674c598e,1780391833862,1780391834416,1780391834511,1780391834624,554,95,113,762
200,133,bottleneck_200_133_1780391833967_714389,success,,ab25223c93d7769fe96cd5aa7ee7ab8fe506a3a859f958a22dc2a98130b8989f,1780391833967,1780391834430,1780391834514,1780391834624,463,84,110,657
200,139,bottleneck_200_139_1780391833997_670876,success,,68c0f90e32300e0cf9afa7b0c49ff7589a549b1ae3b188cffae5faa6aaa17651,1780391833997,1780391834407,1780391834503,1780391834624,410,96,121,627
200,194,bottleneck_200_194_1780391834273_546025,success,,ceff1d658f6f4b1d2976d1485fe35d934c0be8b598dd02f40c543746733d4de0,1780391834273,1780391834455,1780391834535,1780391834635,182,80,100,362
200,166,bottleneck_200_166_1780391834137_539486,success,,f376283dd70d4bc0138c54fbf7f83842335262cfdbc031285bc3408691d549c1,1780391834137,1780391834451,1780391834531,1780391834635,314,80,104,498
200,170,bottleneck_200_170_1780391834154_440901,success,,0c02c0ad96e05519758271b02c196e2fe23b2eea98242e8fb8789b0a38f85802,1780391834154,1780391834453,1780391834531,1780391834635,299,78,104,481
200,193,bottleneck_200_193_1780391834267_451537,success,,961dc4bcb72dd2dcb2b9841cb521fdc789c7bcb6c43b7c38357137a9f7bd7d53,1780391834267,1780391834456,1780391834533,1780391834635,189,77,102,368
200,169,bottleneck_200_169_1780391834147_196364,success,,0b2193d3e30bcdb96ec259bad4a849384d3c18ac71ca1c34e19933acc1b514e6,1780391834147,1780391834452,1780391834534,1780391834635,305,82,101,488
200,165,bottleneck_200_165_1780391834130_501778,success,,084f6d9f474e4119f2770e21308070054be30037e95e08e1c585662a25a8e506,1780391834130,1780391834454,1780391834532,1780391834635,324,78,103,505
200,187,bottleneck_200_187_1780391834237_858321,success,,3d7f4af85a66c590bada7862bece14a904bb0995a815c742b0f3480f528ce6fa,1780391834237,1780391834476,1780391834546,1780391834646,239,70,100,409
200,171,bottleneck_200_171_1780391834164_870383,success,,def2623058e9e5cdfb592781428fd8fa5dcdad005f085c26b33107641928fa6a,1780391834164,1780391834463,1780391834544,1780391834646,299,81,102,482
200,188,bottleneck_200_188_1780391834242_215727,success,,47ad9bf1629331d64ce192686b850e86113d35940ef13fbee642f47266967196,1780391834242,1780391834463,1780391834544,1780391834646,221,81,102,404
200,198,bottleneck_200_198_1780391834293_638713,success,,53237f07a49479c6ababe8de3d4b2551b8a410a65cae348f2d586e5fd71eeed4,1780391834293,1780391834472,1780391834546,1780391834646,179,74,100,353
200,184,bottleneck_200_184_1780391834222_517027,success,,97e726797f51685805872c5b0cf81fbf8262070b07c739a93d1c50f56271baad,1780391834222,1780391834465,1780391834547,1780391834646,243,82,99,424
200,177,bottleneck_200_177_1780391834198_118687,success,,8a7a1610239891929c9d850fa0a64a7b3345f5c11920ec063b90b145975385dc,1780391834198,1780391834470,1780391834548,1780391834646,272,78,98,448
200,167,bottleneck_200_167_1780391834137_414909,success,,99fb7bcffc05c50dd7bb0df797941e9719bc291c89e7b966724d7bc7dd6953a5,1780391834137,1780391834466,1780391834548,1780391834646,329,82,98,509
200,182,bottleneck_200_182_1780391834212_632030,success,,76758b3e1b2cab20777c8c8af3810561deb6658470573deeae46a263a61ea840,1780391834212,1780391834465,1780391834550,1780391834646,253,85,96,434
200,172,bottleneck_200_172_1780391834165_777582,success,,c37ebdac6f33df9bdb970a36d494082c7e4a3a2ab40a0da88233f13c75f18739,1780391834165,1780391834485,1780391834561,1780391834646,320,76,85,481
200,175,bottleneck_200_175_1780391834183_656038,success,,1c14268a45a0c1a4e53a0beea0a0eac40d9a27869e8ffc95617be04116083876,1780391834183,1780391834473,1780391834551,1780391834646,290,78,95,463
200,201,bottleneck_200_201_1780391834314_93320,success,,fff07ac912a505c4bfdbd949ada2e951db88bd39c8d400f6668432f5639cbc8e,1780391834314,1780391834477,1780391834552,1780391834646,163,75,94,332
200,163,bottleneck_200_163_1780391834119_440105,success,,57b6465412c6cb1a036a0da75ee6c7d9dc7826640e8a57551411353c3c775d66,1780391834119,1780391834474,1780391834554,1780391834646,355,80,92,527
200,162,bottleneck_200_162_1780391834114_532843,success,,ddefbb0f0336583833fe7425a747ce09d19010a33dc4facad03608375f7085e3,1780391834114,1780391834484,1780391834557,1780391834648,370,73,91,534
200,164,bottleneck_200_164_1780391834129_186456,success,,03d807e5b00845728ff6907c612549557b3da39b01e7ed62214da5d21e58ac4a,1780391834129,1780391834480,1780391834555,1780391834648,351,75,93,519
200,192,bottleneck_200_192_1780391834262_971142,success,,5a3d1490ca1ff4a782c0b58c20e3ac458b7d97d46de37b5aa87f44b9ae9e7d4d,1780391834262,1780391834500,1780391834564,1780391834653,238,64,89,391
200,202,bottleneck_200_202_1780391834315_834449,success,,2d48e8c2caac4bbddeb4eb83cc730bd973c6625294e716253e2648846bc64bbd,1780391834315,1780391834497,1780391834558,1780391834653,182,61,95,338
200,199,bottleneck_200_199_1780391834297_783638,success,,d41a032dfd88285b91d5eb0fa446dd17decb2a10e11e25c9fedc208adfd14539,1780391834297,1780391834489,1780391834566,1780391834653,192,77,87,356
200,204,bottleneck_200_204_1780391834326_429022,success,,7fb72b92cfafb8abca00e3434571a822976b1591e58a873a5cac3f3c85c9b58c,1780391834326,1780391834495,1780391834562,1780391834653,169,67,91,327
200,178,bottleneck_200_178_1780391834199_737137,success,,35f4c0bb4b82919ff97399acfc897b42483ab704f1e8aa36bbc1b9ac542dd045,1780391834199,1780391834494,1780391834565,1780391834653,295,71,88,454
200,186,bottleneck_200_186_1780391834232_924819,success,,23c179f9a8661b209765450cbd00cc4fa888e9b83c86bc7af4a5f03ce3416998,1780391834232,1780391834483,1780391834563,1780391834654,251,80,91,422
200,205,bottleneck_200_205_1780391834327_546792,success,,79a97e31bab606ce12e2319337b2caf46f675ee4ddc252d0122fb2189b7d770d,1780391834327,1780391834492,1780391834563,1780391834654,165,71,91,327
200,180,bottleneck_200_180_1780391834206_686772,success,,dbe1153ca55bff3f3e44bbb7f7cb5fbfb13e53c35e64429d0397c05518624a35,1780391834206,1780391834491,1780391834561,1780391834654,285,70,93,448
200,196,bottleneck_200_196_1780391834282_980566,success,,57d80e4e3d4f23559e4ebe27da739398fe03c7351e81e879707dd0a0742e19a6,1780391834282,1780391834485,1780391834559,1780391834654,203,74,95,372
200,189,bottleneck_200_189_1780391834247_352926,success,,29bcf0cb368966e8d996c1a43203988a5aca7a9e5e85cc55c45a08e2c5c76adc,1780391834247,1780391834496,1780391834565,1780391834654,249,69,89,407
200,176,bottleneck_200_176_1780391834184_467466,success,,9b724eb0d08110fca317cc5fb8902e9ca91911c210738300ef1595111649adb1,1780391834184,1780391834540,1780391834618,1780391834686,356,78,68,502
200,195,bottleneck_200_195_1780391834277_52085,success,,d55dd4358e90a8ad0c62dccdcc3aeaed2d9ee81f6778ae8dafa96ff065ae5b15,1780391834277,1780391834498,1780391834614,1780391834686,221,116,72,409
200,174,bottleneck_200_174_1780391834182_841043,success,,9f3066ba45f49371706e237cd6f5bcc9d940ffb1fe7eda7b996d3f86107ae4f7,1780391834182,1780391834536,1780391834608,1780391834686,354,72,78,504
200,191,bottleneck_200_191_1780391834257_995583,success,,2e722f652388c69a5642973472e509fd968f6886fff7b0f210a6ce7ac5d78fd6,1780391834257,1780391834490,1780391834609,1780391834686,233,119,77,429
200,155,bottleneck_200_155_1780391834077_220526,success,,afabb82344f6520e8bb8a753b9314dc5a27fc610d479c559b3b3a83af36a9d9a,1780391834077,1780391834411,1780391834610,1780391834686,334,199,76,609
200,173,bottleneck_200_173_1780391834181_538120,success,,8f7bf65948931664d3b754de00aed581f8130f0cd63514d7b32bb928e9ffc460,1780391834181,1780391834479,1780391834610,1780391834686,298,131,76,505
200,211,bottleneck_200_211_1780391834360_554741,success,,d82750a70cfa24100a39b76bb8c90b297009a5de03995945a84664ae3cfc4972,1780391834360,1780391834530,1780391834615,1780391834686,170,85,71,326
200,212,bottleneck_200_212_1780391834362_279323,success,,f5414d8cb6a10cd66b3d48a4f9af59f279859d4177a428f61a7cdffe566d4ed6,1780391834362,1780391834520,1780391834620,1780391834686,158,100,66,324
200,181,bottleneck_200_181_1780391834207_159735,success,,142c53716c207259e03ecc3f80da594c64cce17ef174df2e7d9799ef3fae9ea3,1780391834207,1780391834502,1780391834620,1780391834686,295,118,66,479
200,190,bottleneck_200_190_1780391834253_780445,success,,5b7083feaf8b479624423188f5f7c217be88ac951f6c8f0d9af5ef000bcb5a8d,1780391834253,1780391834501,1780391834613,1780391834686,248,112,73,433
200,213,bottleneck_200_213_1780391834369_666829,success,,ca7f9a6e77b5005542ad38dbcd8fad17871dbc2edad2d8e55bf1ef065f39a7e9,1780391834369,1780391834553,1780391834643,1780391834689,184,90,46,320
200,217,bottleneck_200_217_1780391834389_511603,success,,ee427acb8ec14d159ae6a6952d73045cad6587cc791aba33aadaab9bf7768042,1780391834389,1780391834523,1780391834615,1780391834691,134,92,76,302
200,206,bottleneck_200_206_1780391834332_351733,success,,1ca90c3fbf6dd6c83f4928d23b01f55798dc1513a9f0abd0fee7acccdebcc8a6,1780391834332,1780391834516,1780391834618,1780391834691,184,102,73,359
200,200,bottleneck_200_200_1780391834302_198069,success,,ce8ba2690d51a4756ba9e849ae9e453e160eaddd3ef629466ffbd66a7d81e83a,1780391834302,1780391834513,1780391834612,1780391834691,211,99,79,389
200,208,bottleneck_200_208_1780391834341_857947,success,,478b1acad3d759bc224cee5195fe711d6893134300566011e0cb2d92bebf57ef,1780391834341,1780391834515,1780391834613,1780391834691,174,98,78,350
200,214,bottleneck_200_214_1780391834376_92142,success,,21094faabf2fa98305c82856b9674eb544a63445c47feb36c6e7b60997e118e1,1780391834376,1780391834528,1780391834622,1780391834691,152,94,69,315
200,209,bottleneck_200_209_1780391834348_956325,success,,cf3f6636ed06e4ae5bf7c939829ff352ae6aab1d501eee35db415656eee806dc,1780391834348,1780391834522,1780391834611,1780391834692,174,89,81,344
200,218,bottleneck_200_218_1780391834392_658419,success,,5285039101f761597133ebc7d6f9ab88c233ea369388865944e00ebff887e792,1780391834392,1780391834521,1780391834616,1780391834692,129,95,76,300
200,216,bottleneck_200_216_1780391834383_200843,success,,2ff4513434a262bcf46c9112fb07d29605efe5193b5bb00caddb4b8b8b81ae8c,1780391834383,1780391834529,1780391834622,1780391834692,146,93,70,309
200,183,bottleneck_200_183_1780391834217_544995,success,,db8f0e1ca939e0e30d8b07ab37e3c33bd67be0a3e2de5a0e8c4fd9e302c2866e,1780391834217,1780391834482,1780391834617,1780391834692,265,135,75,475
200,227,bottleneck_200_227_1780391834443_866965,success,,2914d0048ece3346a7efe43e8ec38bfe4f9ed0d873239f0a7844fdfd9d68ec0e,1780391834443,1780391834591,1780391834652,1780391834713,148,61,61,270
200,232,bottleneck_200_232_1780391834467_641555,success,,32ff781af5352f4479ed43b8dbe97260eb8d82fa1a3e51de284e3f98a0f44671,1780391834467,1780391834579,1780391834647,1780391834713,112,68,66,246
200,229,bottleneck_200_229_1780391834457_433542,success,,812832d5e32901a0f4c7a96c6c809bcfa8dd8672ea8db3c61e31a11fe5d010c7,1780391834457,1780391834576,1780391834648,1780391834713,119,72,65,256
200,219,bottleneck_200_219_1780391834435_58231,success,,5bc0b3d33cc83e930242177a39e7fefbcf793466001c385519ce72080cb42eef,1780391834435,1780391834585,1780391834650,1780391834713,150,65,63,278
200,222,bottleneck_200_222_1780391834439_726372,success,,4c2ff35e7ee7db2d9430ccce45e48ea4b2d59e33984d6dba265cb31eb09599eb,1780391834439,1780391834578,1780391834646,1780391834713,139,68,67,274
200,223,bottleneck_200_223_1780391834440_312002,success,,25980b47526a7837cf515ac37887b6a35b3a77044620754898da6159b657e896,1780391834440,1780391834577,1780391834650,1780391834713,137,73,63,273
200,234,bottleneck_200_234_1780391834475_826883,success,,fb2367811392fedc9c9eff0ac939a6311d3dff4d48583bd9b84762363501464f,1780391834475,1780391834581,1780391834646,1780391834713,106,65,67,238
200,237,bottleneck_200_237_1780391834487_919198,success,,2593c640f885a50220da02faf6b71be84084df5d549b9648683b0ff28106828c,1780391834487,1780391834584,1780391834651,1780391834714,97,67,63,227
200,168,bottleneck_200_168_1780391834141_3076,success,,d8ae76349dc344eab969159f35456058e02229dd3ce097a2d31823931067a36d,1780391834141,1780391834545,1780391834645,1780391834714,404,100,69,573
200,215,bottleneck_200_215_1780391834377_709647,success,,e4a1c70a9ebea4baec6cf80677140598082974824e87633f548e26abb2558982,1780391834377,1780391834556,1780391834644,1780391834714,179,88,70,337
200,243,bottleneck_200_243_1780391834519_228192,success,,da798ad406c7fe9dfb6fba29e30fbfa04d7ed11150ac3ac07f8998d95e017ef7,1780391834519,1780391834633,1780391834684,1780391834725,114,51,41,206
200,220,bottleneck_200_220_1780391834436_253168,success,,c7bfe1cededf3120a01681ee09ed200a7e96105e9dbe09bd01b71590671f490f,1780391834436,1780391834592,1780391834652,1780391834725,156,60,73,289
200,225,bottleneck_200_225_1780391834442_798681,success,,01118487e7368398692da863055f66d9fd522a368d52cbec7b257648a236102a,1780391834442,1780391834589,1780391834653,1780391834725,147,64,72,283
200,236,bottleneck_200_236_1780391834481_479833,success,,9b859da9e2391f0e6696f192e0acc278da5623452205bddce61d52f34e053fb8,1780391834481,1780391834608,1780391834672,1780391834725,127,64,53,244
200,239,bottleneck_200_239_1780391834498_216665,success,,0dce2b7f65633ab700282bb759e486e6f6f073364272b16b5ce92f7cf0d61b32,1780391834498,1780391834623,1780391834675,1780391834725,125,52,50,227
200,179,bottleneck_200_179_1780391834199_125873,success,,3018185540c0931c098563b7ac72aaed19111f021952953742c51eafa83b474b,1780391834199,1780391834607,1780391834671,1780391834725,408,64,54,526
200,245,bottleneck_200_245_1780391834527_108384,success,,8e00cf8ac029341ecd647f3b874b1e39a393cc903a0574e096b1256caa4c7806,1780391834527,1780391834624,1780391834676,1780391834725,97,52,49,198
200,244,bottleneck_200_244_1780391834525_711338,success,,59de24aa35c5f079cc9be7cd8b5040d80553b0a087d7296a5ff397c2faa09b54,1780391834525,1780391834630,1780391834682,1780391834725,105,52,43,200
200,242,bottleneck_200_242_1780391834517_174859,success,,d70af8896f0dbe29eb594d9e54a0c680edc408045d748b28082089415ae664ab,1780391834517,1780391834631,1780391834681,1780391834725,114,50,44,208
200,226,bottleneck_200_226_1780391834442_301223,success,,dd7cf91f7004d0077f06cc97d4e2f1f4f15b3e766c25c52a2dd64d9240412cc1,1780391834442,1780391834634,1780391834683,1780391834725,192,49,42,283
200,254,bottleneck_200_254_1780391834574_563326,success,,9aa684171ef0e82e08b20cfc4f34d664b02b3f5257b991604dbcd53554fc33d4,1780391834574,1780391834661,1780391834706,1780391834806,87,45,100,232
200,257,bottleneck_200_257_1780391834587_502357,success,,1838e0a9fb2d9457d7fa6840739eaeea29797f0c4671d36f9abe9d6ca85ccce3,1780391834587,1780391834654,1780391834692,1780391834808,67,38,116,221
200,246,bottleneck_200_246_1780391834536_153835,success,,12d17aea4a95ac9fdb4a34d3ca4889f0dacecdbdc9ec440b1afa21e7a13c988c,1780391834536,1780391834641,1780391834692,1780391834811,105,51,119,275
200,230,bottleneck_200_230_1780391834458_906685,success,,be277c214ddbd046c349f3b3923c40e40a436c4255136bc21f3719ca4711cd54,1780391834458,1780391834637,1780391834685,1780391834811,179,48,126,353
200,247,bottleneck_200_247_1780391834537_291067,success,,c5c1c91076e5e34cb325c27a0c406c85b345602647be3cbf1b1f17b4bf695b46,1780391834537,1780391834641,1780391834689,1780391834811,104,48,122,274
200,250,bottleneck_200_250_1780391834570_998627,success,,08af4d64a6e92daae084cc52bd2a2b1b12125126ac1e830f80e4810fca0892c2,1780391834570,1780391834659,1780391834705,1780391834811,89,46,106,241
200,235,bottleneck_200_235_1780391834481_598470,success,,e186715f88ee10a5f0654d474237588dddfc654ea90983b6df4afa9b393ad4eb,1780391834481,1780391834642,1780391834694,1780391834811,161,52,117,330
200,238,bottleneck_200_238_1780391834493_611928,success,,70449702d151218e080eb580f35a2b15678813c9873b2c27f817e37b63f15918,1780391834493,1780391834648,1780391834693,1780391834811,155,45,118,318
200,252,bottleneck_200_252_1780391834572_737674,success,,5e4e8f65558fbf15d4330f62a465a9e2d585a5ee6ece284592102b5ffd3dd709,1780391834572,1780391834660,1780391834704,1780391834811,88,44,107,239
200,248,bottleneck_200_248_1780391834568_354284,success,,826abfbfbd1712ad95a4a099068700ace1977145147f1eb6b3e20cb25649bff8,1780391834568,1780391834659,1780391834706,1780391834811,91,47,105,243
200,262,bottleneck_200_262_1780391834627_192256,success,,d57fc614311cee7b70a94f599dcd56650fdccffde456964788ecb70edd1fe833,1780391834627,1780391834695,1780391834725,1780391834844,68,30,119,217
200,241,bottleneck_200_241_1780391834508_3773,success,,a53c064eb80ffe83da74aac893d33bd1d5e4f6f626a192d813fc95463d1ca1a7,1780391834508,1780391834663,1780391834707,1780391834844,155,44,137,336
200,255,bottleneck_200_255_1780391834580_706090,success,,ac9d542d18933561f8a07da4a64e991bee8a0c248b7a307bb99d2f7ca5b84cc1,1780391834580,1780391834662,1780391834708,1780391834845,82,46,137,265
200,249,bottleneck_200_249_1780391834569_840751,success,,c08d5db0152902dcf33740960c6acdd6d1aecff5c5e163770bea852d115b066f,1780391834569,1780391834664,1780391834708,1780391834845,95,44,137,276
200,256,bottleneck_200_256_1780391834586_299183,success,,b5ad7fce063818281a879617b27d9290dbdec24546402c9b174ea349bdcdabeb,1780391834586,1780391834674,1780391834715,1780391834845,88,41,130,259
200,253,bottleneck_200_253_1780391834573_83732,success,,02a4510c11579fe4d4b28fc0975e87186a2a8e64d1ea54495be3db38650fa57f,1780391834573,1780391834680,1780391834716,1780391834845,107,36,129,272
200,258,bottleneck_200_258_1780391834599_13709,success,,732e7326b05fd126e44dc644aac31e7ad5dbbaa08e90949ce7da51102fc460f0,1780391834599,1780391834688,1780391834726,1780391834845,89,38,119,246
200,251,bottleneck_200_251_1780391834570_322971,success,,d1a3c02918725871f34c238e86a4774c2dbc1bb6c50390a6fa544d78a50ae643,1780391834570,1780391834673,1780391834714,1780391834845,103,41,131,275
200,266,bottleneck_200_266_1780391834635_847625,success,,2b13a09263854adfbd1786b11025999803ca878ef7a93a83c4403b229dc45bed,1780391834635,1780391834696,1780391834728,1780391834845,61,32,117,210
200,260,bottleneck_200_260_1780391834602_686428,success,,467b0cf708e3011dbeca287e88f67a9a3c5253c9bd99dbca73c905444b6d965a,1780391834602,1780391834686,1780391834717,1780391834845,84,31,128,243
200,231,bottleneck_200_231_1780391834459_394246,success,,40fd5fba410b4242648e1c0a7429c5b026e830643fe320ea4c8eec9dfe32dd9f,1780391834459,1780391834594,1780391834770,1780391834889,135,176,119,430
200,203,bottleneck_200_203_1780391834324_264984,success,,277cab82f1c1df2bdd1a962cc75066b506da00da6b3a0e507a7dec05423cebfc,1780391834324,1780391834516,1780391834769,1780391834889,192,253,120,565
200,268,bottleneck_200_268_1780391834655_426123,success,,058900a8a0a50486f2e3e4ce27dd726dd06bfdb36102cf30b481fad9a521d992,1780391834655,1780391834713,1780391834747,1780391834890,58,34,143,235
200,265,bottleneck_200_265_1780391834629_70043,success,,d3837ce372d9672a8fbde8e5acc72030a8121a5f0f933e406efefb638045da42,1780391834629,1780391834697,1780391834760,1780391834890,68,63,130,261
200,261,bottleneck_200_261_1780391834626_300735,success,,be45571ea4fbfc6ca05c636c01d88fbe434f67bfe35a62bd5439299ac7fe3406,1780391834626,1780391834702,1780391834730,1780391834890,76,28,160,264
200,269,bottleneck_200_269_1780391834656_873195,success,,557b336e5786b7ca5733e79238c0811c5942e561ca3ebe466b2813e1cd784b70,1780391834656,1780391834714,1780391834751,1780391834890,58,37,139,234
200,267,bottleneck_200_267_1780391834639_413378,success,,2d208c1bdcd190c797cecd89022ef4dbfca00a5bbb8dc9b6e04648329fa73ecf,1780391834639,1780391834711,1780391834748,1780391834890,72,37,142,251
200,273,bottleneck_200_273_1780391834667_793024,success,,89486895bc2849006950f662324a8faf2593a83bab73fd1b26826a289403b9ea,1780391834667,1780391834723,1780391834750,1780391834890,56,27,140,223
200,274,bottleneck_200_274_1780391834677_545725,success,,0f9f6f0c9facf760681660c621294520f967d53556b6af008d87c96ea3ece6a8,1780391834677,1780391834718,1780391834771,1780391834890,41,53,119,213
200,275,bottleneck_200_275_1780391834679_701363,success,,8f0117d277f6ac736155a2a0a774e6ad7bb61ed3faf3bc924472c81de59f7dfc,1780391834679,1780391834724,1780391834773,1780391834890,45,49,117,211
200,271,bottleneck_200_271_1780391834658_172614,success,,d94e6a2fd588a7b0b51b7a490c2fc982558d185adedc3feb0b231dfff3ef196b,1780391834658,1780391834717,1780391834781,1780391834928,59,64,147,270
200,224,bottleneck_200_224_1780391834441_555469,success,,0a50df5d6ea69f66e3b04d43640caa9e29c91854c8b1dece3495c33d398e712d,1780391834441,1780391834582,1780391834790,1780391834928,141,208,138,487
200,161,bottleneck_200_161_1780391834107_515364,success,,d49146a686ee073ea28af245039d0c3384fe5d05ebb0acfce2a4e366026dd740,1780391834107,1780391834419,1780391834782,1780391834928,312,363,146,821
200,207,bottleneck_200_207_1780391834340_473331,success,,33f62ad6105815e60d2615709340b7825169c4054754dd3c5e8174653c70426c,1780391834340,1780391834515,1780391834783,1780391834929,175,268,146,589
200,263,bottleneck_200_263_1780391834628_735164,success,,b565b7731a513b4f761ed25adade983e4e8ec20f91a881b697be0b6e8e5591f4,1780391834628,1780391834703,1780391834783,1780391834929,75,80,146,301
200,228,bottleneck_200_228_1780391834445_546817,success,,76694fc0c8b9e0134b3ae323d4da52b1b07b4a56396b71d17017a162e08aeb03,1780391834445,1780391834639,1780391834784,1780391834929,194,145,145,484
200,240,bottleneck_200_240_1780391834506_544034,success,,ca26b001da416aa909c0b498ceb078bbf4e7882422bc5e4c14ff1dc1a22594d1,1780391834506,1780391834624,1780391834779,1780391834929,118,155,150,423
200,233,bottleneck_200_233_1780391834468_221703,success,,259897b4186bef09b97ba3d8eaeaaff056dacd06a37424fa873cfa211bb0f91c,1780391834468,1780391834583,1780391834789,1780391834929,115,206,140,461
200,210,bottleneck_200_210_1780391834354_841634,success,,1b2ccba6c2c111ff225473aa32889f2ccbf714aa1df24fec4b2b6e14da23eee9,1780391834354,1780391834524,1780391834780,1780391834929,170,256,149,575
200,185,bottleneck_200_185_1780391834227_479148,success,,be1837b17f2a0ea8c999086afe534286aef02ca22781d68ecc1c2d889337d348,1780391834227,1780391834469,1780391834781,1780391834929,242,312,148,702
200,290,bottleneck_200_290_1780391834752_940895,success,,c5d37dbcb5404b0026eeda5a7f820e6b86b159551e50445fa12fadf8c3b9ab64,1780391834752,1780391834824,1780391834841,1780391834951,72,17,110,199
200,221,bottleneck_200_221_1780391834438_492658,success,,32709159b080e46d6a0ff1ccb1b6b36aaa6dd8c672a7b7473130ac4efe3155a9,1780391834438,1780391834567,1780391834790,1780391834951,129,223,161,513
200,264,bottleneck_200_264_1780391834628_168120,success,,b5a8f99b4120c4c716940bc4b0d9112e94ec4e47225981ed9d9a3849cf447219,1780391834628,1780391834698,1780391834791,1780391834951,70,93,160,323
200,259,bottleneck_200_259_1780391834601_990748,success,,3287d5a77c9b379caeee588eba002c5b56cb824e8af2127c66a3c241300e768b,1780391834601,1780391834687,1780391834792,1780391834951,86,105,159,350
200,197,bottleneck_200_197_1780391834288_346703,success,,7f8b3998957903ac92cb1278f594945b00191c75416298c339922dfae0157de2,1780391834288,1780391834500,1780391834796,1780391834951,212,296,155,663
200,276,bottleneck_200_276_1780391834689_645132,success,,35f0cecb99d9110aa7a0e813b7ddffee117695889d876aa2e072a48bbc9d38b3,1780391834689,1780391834816,1780391834833,1780391834951,127,17,118,262
200,279,bottleneck_200_279_1780391834700_507918,success,,f162edbb86c54f995295c9e45a085e00dd754061c914e576f434fa86e885a575,1780391834700,1780391834819,1780391834836,1780391834951,119,17,115,251
200,277,bottleneck_200_277_1780391834690_451137,success,,fed3ea3d0725779bb12eca58654176ae043cf4b9d67d8c1cc85fa2b9eab2dc83,1780391834690,1780391834820,1780391834835,1780391834951,130,15,116,261
200,283,bottleneck_200_283_1780391834720_820811,success,,43aabdc28a7db846a37b82b4706b6485bafc37e61facab40f98f5793b8b068c8,1780391834720,1780391834818,1780391834834,1780391834951,98,16,117,231
200,280,bottleneck_200_280_1780391834709_797252,success,,2421461ec0469ba768a814e9c2ad30dd6e170856b1f81641af37e238815965ae,1780391834709,1780391834821,1780391834840,1780391834951,112,19,111,242
200,272,bottleneck_200_272_1780391834665_904263,success,,bfb6b8645898b9c03f3120c2796f4314b9d8f30ab486fa60f2056e92435b7c04,1780391834665,1780391834834,1780391834854,1780391834990,169,20,136,325
200,278,bottleneck_200_278_1780391834699_733272,success,,b9424284a27a87c1cc0e28013295f700909a174d0576f40d56765d7415ed55c2,1780391834699,1780391834830,1780391834844,1780391834990,131,14,146,291
200,285,bottleneck_200_285_1780391834729_754393,success,,81dbf8a50ca263a36ed3aeb410f6351d239b1f87ad28ba8701d486eaca3891af,1780391834729,1780391834823,1780391834843,1780391834990,94,20,147,261
200,288,bottleneck_200_288_1780391834742_868095,success,,943786206c651e01e9abbd456dcb07701e5877a0031441318008f3d1a2e8c746,1780391834742,1780391834825,1780391834842,1780391834990,83,17,148,248
200,287,bottleneck_200_287_1780391834738_246193,success,,6ad7fea2003545aa31d0b8e2842c4e27c16d028464513549e5a43e93633dbb20,1780391834738,1780391834829,1780391834848,1780391834990,91,19,142,252
200,282,bottleneck_200_282_1780391834719_555220,success,,17b5a027f041da640800a4f223fad425f09a5e5261e55ad320a4b2a40b34143b,1780391834719,1780391834826,1780391834847,1780391834991,107,21,144,272
200,284,bottleneck_200_284_1780391834721_123890,success,,84517c4840218b06447229a30c2b6bdf42a8549c0e9dd5d9c1052b52aa1dd723,1780391834721,1780391834827,1780391834845,1780391834991,106,18,146,270
200,270,bottleneck_200_270_1780391834657_812290,success,,c0939e0df0bc7bf9b89ab98dc2259cbb947ba12b0d209ba83d2b89d8cf156750,1780391834657,1780391834827,1780391834847,1780391834991,170,20,144,334
200,281,bottleneck_200_281_1780391834710_277537,success,,40eb58a1333dcab27d81a756e98b218b1733f3c394427ecb022c3131bb88a5cf,1780391834710,1780391834831,1780391834853,1780391834991,121,22,138,281
200,286,bottleneck_200_286_1780391834732_986252,success,,875f1daa351f6f380fdf00eeede1af5b40b0e6e6971a402857116d3718bf926e,1780391834732,1780391834832,1780391834853,1780391834991,100,21,138,259
200,293,bottleneck_200_293_1780391834767_731422,success,,8e79075f9ee56c9d2c5112564ad16937c3797118fea427947a4cdaec449ca00d,1780391834767,1780391834872,1780391834882,1780391835003,105,10,121,236
200,289,bottleneck_200_289_1780391834749_26263,success,,ee4cbbe26f9ae13f3508b2efa4c5ef3c7803f1ca4ee1e2e66de6e634b8823e95,1780391834749,1780391834846,1780391834857,1780391835004,97,11,147,255
200,298,bottleneck_200_298_1780391834793_291985,success,,f849fb7a4fba1a6e60d60c823f8697bd8659fc138570f3f8c9f197c0a113285d,1780391834793,1780391834849,1780391834856,1780391835004,56,7,148,211
200,297,bottleneck_200_297_1780391834787_467841,success,,71d97df25df1349c97818b065a0ee21871ff91a70892edafe9ea86d972db4a84,1780391834787,1780391834862,1780391834875,1780391835004,75,13,129,217
200,296,bottleneck_200_296_1780391834786_328040,success,,76227261d414b1dbbb43cd1dc147a16bfac9824be96a3237c58a58c93d9a31f4,1780391834786,1780391834867,1780391834881,1780391835004,81,14,123,218
200,301,bottleneck_200_301_1780391834807_983904,success,,a80492ffa48eaec30b851e14900edabf4733f8ea8f11e2badbad821e6e79d7ef,1780391834807,1780391834868,1780391834881,1780391835004,61,13,123,197
200,292,bottleneck_200_292_1780391834762_768040,success,,52796d093a0e115e59efa8b6c1a8f52b3dcd642a122e88d8650e83564ecdeb0b,1780391834762,1780391834863,1780391834880,1780391835004,101,17,124,242
200,294,bottleneck_200_294_1780391834772_575015,success,,96e8f2b4071042866328d4e8e53ae30b58c22fdf92b7f81be154ff81c967c9ba,1780391834772,1780391834864,1780391834879,1780391835004,92,15,125,232
200,291,bottleneck_200_291_1780391834758_788618,success,,c3a00eafd4b3a0cf1b01cc00662b62d6129b26112361878362b00d9fdb3bde29,1780391834758,1780391834865,1780391834877,1780391835004,107,12,127,246
200,295,bottleneck_200_295_1780391834778_239747,success,,9f3ed12f526dfa305f2a291d4c37d4846c8f7672ab3457570b87613c268c303b,1780391834778,1780391834866,1780391834878,1780391835004,88,12,126,226
200,312,bottleneck_200_312_1780391834862_403411,success,,dfb51090ae05233e7794fd25e06e24663cbf2442601ad0ed1f734652aeb55519,1780391834862,1780391834941,1780391834951,1780391835029,79,10,78,167
200,299,bottleneck_200_299_1780391834797_104255,success,,2120a0296d14761d5efc4ddacd79eb877f35f238e2f285f8d0beb5c7d74e5ade,1780391834797,1780391834873,1780391834886,1780391835030,76,13,144,233
200,300,bottleneck_200_300_1780391834802_168468,success,,3aa34e899a4321ad997e24f4d17d4db0c6d5798e7f3e530e7fac0fccde08468f,1780391834802,1780391834874,1780391834889,1780391835030,72,15,141,228
200,304,bottleneck_200_304_1780391834822_122221,success,,18a15b5f117d913b6f502db3b6a930f0274c315b9d3bf3442e005c4d36ed7b9d,1780391834822,1780391834883,1780391834891,1780391835030,61,8,139,208
200,305,bottleneck_200_305_1780391834828_82886,success,,b3a9f46cf15a1280ce276fb3f1635385286764cfd3f8637d6401c21c0ab76985,1780391834828,1780391834888,1780391834893,1780391835030,60,5,137,202
200,303,bottleneck_200_303_1780391834817_81171,success,,f0b7ae2ad63ef7e52bbbc1b027b6c5747218362c8c4697118385c26b29607b5a,1780391834817,1780391834884,1780391834892,1780391835030,67,8,138,213
200,302,bottleneck_200_302_1780391834813_522697,success,,7efcd879d28b72a9aeccf10bc2280376c53f080eb3d3f4b1fe8084c6e3db3c50,1780391834813,1780391834887,1780391834894,1780391835030,74,7,136,217
200,307,bottleneck_200_307_1780391834838_601857,success,,0fd080167c8f7de0da616846f2f3ea5871735a369c7c50260e627969c6ec1491,1780391834838,1780391834936,1780391834948,1780391835030,98,12,82,192
200,315,bottleneck_200_315_1780391834876_770178,success,,d22d26a6956590ec888235533c6aeaf8b2fa3ca18ac857cee95250ba7b6872b4,1780391834876,1780391834934,1780391834941,1780391835030,58,7,89,154
200,308,bottleneck_200_308_1780391834850_959632,success,,cee147d9b2023c1ad670cec5b14620a3ad90868e9d83e6db503d613aaf10c6de,1780391834850,1780391834940,1780391834950,1780391835030,90,10,80,180
200,317,bottleneck_200_317_1780391834890_205744,success,,d1d3324ebd3fd9833f780e7da7e47bc4fa671d1a7cedde9dc5f4f6b3111ede88,1780391834890,1780391834963,1780391834977,1780391835050,73,14,73,160
200,309,bottleneck_200_309_1780391834851_269637,success,,f3a923727a4d40344e50ed31f104832fa2ed1910b1d2bc99a3594db2f12c0758,1780391834851,1780391834945,1780391834957,1780391835051,94,12,94,200
200,306,bottleneck_200_306_1780391834837_651838,success,,4c07c84a7349d2e7c11c4208ac52a2cca11cafcc22d2337dd9488720e6b897b9,1780391834837,1780391834946,1780391834959,1780391835051,109,13,92,214
200,314,bottleneck_200_314_1780391834875_296931,success,,092880aef9567afe4bfe0330b8cbe6e367e07ff2e1a3c7053eeff203438ba8fe,1780391834875,1780391834947,1780391834956,1780391835051,72,9,95,176
200,311,bottleneck_200_311_1780391834858_766273,success,,b25e39b4fe0567729af5af98882eb85a46b119582ccfe38a48e6cd65c6bd7b86,1780391834858,1780391834944,1780391834960,1780391835051,86,16,91,193
200,320,bottleneck_200_320_1780391834902_856624,success,,7517a3ac3f33a535bb82e83e72d1d5db7fcace9cc40971053fe37f93f723d43e,1780391834902,1780391834963,1780391834978,1780391835053,61,15,75,151
200,310,bottleneck_200_310_1780391834852_440393,success,,b419d42cfc4b1970c441ab4bd888999eb0f8a8c1195eda335300f8bcb0e2d840,1780391834852,1780391834939,1780391834973,1780391835053,87,34,80,201
200,313,bottleneck_200_313_1780391834869_371156,success,,2d212eaeb47cd9b243d0518513ddb40421e2e92a66cec80da8c47cfbef4c8513,1780391834869,1780391834947,1780391834974,1780391835053,78,27,79,184
200,322,bottleneck_200_322_1780391834913_583218,success,,797cb5a58fcfa09caab1e702564b7cd6d7c330c418d46c08d0703607069ea711,1780391834913,1780391834964,1780391834978,1780391835053,51,14,75,140
200,321,bottleneck_200_321_1780391834907_744574,success,,6fc1f337b532f3675f986a95a4afb965c451372ecb405adf0f4e3babe3dfb20c,1780391834907,1780391834961,1780391834981,1780391835053,54,20,72,146
200,328,bottleneck_200_328_1780391834942_469558,success,,1d68a8e5ccf23c634cedfa9c6a4146c99907773c3844c60ade11bf2f0a5fe64f,1780391834942,1780391834992,1780391834999,1780391835064,50,7,65,122
200,319,bottleneck_200_319_1780391834897_178344,success,,fa9fa6c87221a10daa4a87c9b8898c7f4c5cb6434109cb7d8035fd439775f7fc,1780391834897,1780391834965,1780391834982,1780391835064,68,17,82,167
200,316,bottleneck_200_316_1780391834885_618731,success,,1253eae14b8d0a6fc397b5687432b5dae612333260c3c6028ad52dae4019a0d7,1780391834885,1780391834970,1780391834985,1780391835064,85,15,79,179
200,325,bottleneck_200_325_1780391834927_156165,success,,25a60e469a7e85a290751490177a9d59ed62b218d01950131b0e1967d0bfe79d,1780391834927,1780391834966,1780391834983,1780391835064,39,17,81,137
200,326,bottleneck_200_326_1780391834932_89817,success,,fed284971753797c468d8c3dfc860758f1a2e270f0465b41dff722f27b3cc1b5,1780391834932,1780391834971,1780391834983,1780391835064,39,12,81,132
200,324,bottleneck_200_324_1780391834921_102546,success,,1cbbe5a9ff153e33c031f58b5eadf98935a5a971ac865b872c0ec7e1277fe56b,1780391834921,1780391834967,1780391834984,1780391835064,46,17,80,143
200,329,bottleneck_200_329_1780391834949_693357,success,,8b94841df354812ccde90719e82efdf0f3422e95ab23807cc3ec1c790ca1cd21,1780391834949,1780391834991,1780391834996,1780391835064,42,5,68,115
200,318,bottleneck_200_318_1780391834894_376735,success,,9a4a9b8ac1bbe2d3f626fbb4ec02b54cde0d4187cff4126741ed12ce87512a19,1780391834894,1780391834972,1780391834989,1780391835064,78,17,75,170
200,323,bottleneck_200_323_1780391834916_414498,success,,f49cd1a29f5c4e5b2a5261a3af775c4ea37b8121d17d13e1de2749c6140ef63a,1780391834916,1780391834965,1780391834980,1780391835064,49,15,84,148
200,327,bottleneck_200_327_1780391834938_947698,success,,15c0e2e914fc161f96bab727eb5ab3fb75c14f857312cde29cab19b761aedb99,1780391834938,1780391834991,1780391834998,1780391835064,53,7,66,126
200,332,bottleneck_200_332_1780391834968_491040,success,,7e4563471dce96d1bcb80208bf4173cb96a55dff029a0abe0341a926171d50d8,1780391834968,1780391835005,1780391835011,1780391835073,37,6,62,105
200,336,bottleneck_200_336_1780391834987_676481,success,,886134cd2b1e6b1670d9a419557a37d32d75c98f95ddf779ea4126be4d41f680,1780391834987,1780391835042,1780391835053,1780391835073,55,11,20,86
200,331,bottleneck_200_331_1780391834960_471110,success,,7fa127e9854901a07a6b72cb1693dbcda572c2a4e373cd7293f8b89ebea9fef9,1780391834960,1780391835007,1780391835011,1780391835073,47,4,62,113
200,333,bottleneck_200_333_1780391834969_874639,success,,230eeafd4a09c214e269ea81b8cb29269829d25088cf5d140263b3755b61993a,1780391834969,1780391835008,1780391835013,1780391835073,39,5,60,104
200,339,bottleneck_200_339_1780391834997_884126,success,,230e256aad0cdd9bbde4a08df64fdb95e910ed4d071e8542b7c42ccf162a9ff7,1780391834997,1780391835036,1780391835041,1780391835073,39,5,32,76
200,335,bottleneck_200_335_1780391834986_657419,success,,e4a84e1ff5136e353afed8f0349dc2c9fd3d988b3417b8babf37465385686389,1780391834986,1780391835037,1780391835046,1780391835073,51,9,27,87
200,337,bottleneck_200_337_1780391834988_169297,success,,9d84f7d1fc1685f2bdc155b4ba4ecc1935a5c338be9b3978d5e7e1ce564f0fd5,1780391834988,1780391835039,1780391835052,1780391835073,51,13,21,85
200,340,bottleneck_200_340_1780391835002_883496,success,,2115de5ee2a2ff0df5386340d0a3531782569fa2974743da386a4fc457d06e3c,1780391835002,1780391835040,1780391835051,1780391835073,38,11,22,71
200,330,bottleneck_200_330_1780391834952_759821,success,,fa71800c7a522ecabf4eea3c25c675be11077c79e26736701a0517aaf678d45a,1780391834952,1780391834993,1780391834999,1780391835073,41,6,74,121
200,334,bottleneck_200_334_1780391834975_495069,success,,fd724e3e12a56a46e24ddb6c15859a71f5c71c805e909168f6012a55fc468c9c,1780391834975,1780391835006,1780391835010,1780391835073,31,4,63,98
200,350,bottleneck_200_350_1780391835055_541746,success,,d9a95ad9b287bd213b7ce4a27f6fe8222c0097a27a8785a052b7e28ef925ab40,1780391835055,1780391835075,1780391835079,1780391835096,20,4,17,41
200,345,bottleneck_200_345_1780391835027_308629,success,,69f35ca0dffd22d80149602afca95b5a1e25c17e351333e700e2d66d5c063708,1780391835027,1780391835047,1780391835058,1780391835096,20,11,38,69
200,343,bottleneck_200_343_1780391835018_4229,success,,b9e2f4bb4098f37eb506e98285bd0847b9a8a06d7b68e5596794fb7a39ddc92d,1780391835018,1780391835048,1780391835058,1780391835096,30,10,38,78
200,342,bottleneck_200_342_1780391835012_475039,success,,3671a0ad5340a2f3c94da7f9efb5896ef7d3c00705412b9b1c77e5a5a4411d6e,1780391835012,1780391835049,1780391835059,1780391835096,37,10,37,84
200,344,bottleneck_200_344_1780391835022_387448,success,,fe21d4d41d4ee3f72e2847672aa02b46ee89968350d0fb6936d08909dd75957d,1780391835022,1780391835050,1780391835060,1780391835096,28,10,36,74
200,347,bottleneck_200_347_1780391835038_795455,success,,077aad3a39defb2267013cad49cbc1936f34dc055f7a7c60229e483afec64481,1780391835038,1780391835061,1780391835065,1780391835096,23,4,31,58
200,348,bottleneck_200_348_1780391835045_754943,success,,7fd3ab76e86d2c7485fc40c824f616377e51c171c2c8aecc2763047c0296faf8,1780391835045,1780391835062,1780391835067,1780391835096,17,5,29,51
200,346,bottleneck_200_346_1780391835033_26102,success,,1c0e4a77697f59738397cba7c231b6edabc4a0320185a20eac86c3f872f862f7,1780391835033,1780391835062,1780391835066,1780391835096,29,4,30,63
200,341,bottleneck_200_341_1780391835007_164625,success,,42e96819241465270e4ed54bd580793f44d5e3dfa103c866fd6a935caa8d807d,1780391835007,1780391835044,1780391835053,1780391835096,37,9,43,89
200,338,bottleneck_200_338_1780391834993_441263,success,,ae7183339761487c11d2b1944618605f7989e97b5c95a7e16759ca9c0392b512,1780391834993,1780391835044,1780391835054,1780391835096,51,10,42,103
200,359,bottleneck_200_359_1780391835098_147376,success,,8550311b1189cedb4e67406b655dc420124faba09a9d17ba33eec46049a1a116,1780391835098,1780391835104,1780391835106,1780391835124,6,2,18,26
200,349,bottleneck_200_349_1780391835048_15650,success,,0193341e59d12ce86ef73b5ec6b32fd7656fc7da2c4a8187bf13bd74fdf4b7f7,1780391835048,1780391835076,1780391835080,1780391835124,28,4,44,76
200,353,bottleneck_200_353_1780391835068_62489,success,,450e919a5b83be5b11e389395d3116c58d95ea27ac05f64230b5b14ca8afb7e7,1780391835068,1780391835081,1780391835093,1780391835124,13,12,31,56
200,356,bottleneck_200_356_1780391835081_713461,success,,fc66e05bb581663f05a735c51e185aaa467280189803908875b192b1127b7006,1780391835081,1780391835097,1780391835099,1780391835124,16,2,25,43
200,355,bottleneck_200_355_1780391835078_776027,success,,a8e0e02bcfc00baba5d4d682ef805fc227bca5578c87f9d6eac61ac0f7a2a4f0,1780391835078,1780391835091,1780391835095,1780391835124,13,4,29,46
200,358,bottleneck_200_358_1780391835094_749563,success,,d8f8825acdf5b768dc9a75a90dceb468c97e12268fcef57e3fb4029f97c205a0,1780391835094,1780391835101,1780391835103,1780391835124,7,2,21,30
200,351,bottleneck_200_351_1780391835057_879914,success,,6170c5a76ad49eca477256ad43f16016d9a6f677b91fb074c108452b81969796,1780391835057,1780391835077,1780391835084,1780391835124,20,7,40,67
200,357,bottleneck_200_357_1780391835087_268616,success,,f00d096d42473b3de9bcb758d345884c94dc6135b299d8aaa9e8d5bf2f6b0fce,1780391835087,1780391835101,1780391835105,1780391835124,14,4,19,37
200,352,bottleneck_200_352_1780391835063_765634,success,,5b740321800769c86d8795fc5f9172a18c0bb86ea409a327b188512b7f470ad0,1780391835063,1780391835083,1780391835092,1780391835124,20,9,32,61
200,354,bottleneck_200_354_1780391835072_676080,success,,3b48476690d6aeb65a872323ffc772dde76fcfba8e549752d8309dddbfd84549,1780391835072,1780391835082,1780391835092,1780391835124,10,10,32,52
200,369,bottleneck_200_369_1780391835147_498078,success,,9b84b61759a1da099bc6921e366ad3df41814eb15fc9b7308abeef73798633c6,1780391835147,1780391835154,1780391835156,1780391835174,7,2,18,27
200,360,bottleneck_200_360_1780391835102_822823,success,,18e4571be6e0b26f39b687560962ddf0f4de022bc39c0c2c48365dc322f3b0a6,1780391835102,1780391835108,1780391835115,1780391835174,6,7,59,72
200,361,bottleneck_200_361_1780391835107_7202,success,,f84d46e70fa385809798724954ae60f8a742f1653cc80d27016bb7a0c82cc99c,1780391835107,1780391835116,1780391835118,1780391835174,9,2,56,67
200,362,bottleneck_200_362_1780391835112_466142,success,,1f0a39bf95ab8093f077c1927ae85252cfca378816aa8b9d2c4a0b3936ad873c,1780391835112,1780391835123,1780391835125,1780391835174,11,2,49,62
200,363,bottleneck_200_363_1780391835117_711654,success,,108524ca2077a1a825c4c2108e3f83b94d6c0c32e8461e7233fa1cda59f61333,1780391835117,1780391835128,1780391835130,1780391835174,11,2,44,57
200,364,bottleneck_200_364_1780391835122_480648,success,,da360a348ca39723853590b9c28a748c64505796bd0e74225341630fe8580c9b,1780391835122,1780391835129,1780391835131,1780391835174,7,2,43,52
200,365,bottleneck_200_365_1780391835127_787114,success,,26ac3328d6fa154881ac0a33292310a9dd025d9513b4d556e886032e1966acc5,1780391835127,1780391835132,1780391835134,1780391835174,5,2,40,47
200,366,bottleneck_200_366_1780391835132_860954,success,,29e308d9b8fb8690ed481bfd21aaa4a20a240d859717efef4a10e8ac069400a5,1780391835132,1780391835138,1780391835140,1780391835174,6,2,34,42
200,367,bottleneck_200_367_1780391835137_61502,success,,6bebe24c2a5e978b6b5aa5f51a2351ea4ab1776b88f2a9f442fb1df9cbe12228,1780391835137,1780391835142,1780391835144,1780391835174,5,2,30,37
200,368,bottleneck_200_368_1780391835143_178625,success,,6112bb9013a6f57890cf02f967dc464dbc753682909d34137966573e72c50d25,1780391835143,1780391835149,1780391835151,1780391835174,6,2,23,31
200,379,bottleneck_200_379_1780391835197_606490,success,,cc00dcc4c51e400d18d7630e4874c22f6af0a0ee8ff6477ca94e23417f156e10,1780391835197,1780391835202,1780391835204,1780391835233,5,2,29,36
200,370,bottleneck_200_370_1780391835152_105123,success,,79572fa903ea033b45928506cd33ce55330274b15afb66faf126e04c39bbb1b9,1780391835152,1780391835159,1780391835161,1780391835233,7,2,72,81
200,371,bottleneck_200_371_1780391835157_376386,success,,1b2a5630ae2c6b9808da9182e48a83b2ab00424d6f45556fa6398bba1d1cda07,1780391835157,1780391835165,1780391835168,1780391835233,8,3,65,76
200,372,bottleneck_200_372_1780391835162_587002,success,,150ff0b6e13479afcd69f6de34ddb29056a5d5df8d12a48bf36bae14d49576f3,1780391835162,1780391835172,1780391835174,1780391835234,10,2,60,72
200,373,bottleneck_200_373_1780391835167_41857,success,,517e4225e6c0e6263f8fd8ed9b03d0868a85cc9e59c9b8e149d18fb57aa25456,1780391835167,1780391835176,1780391835178,1780391835234,9,2,56,67
200,374,bottleneck_200_374_1780391835173_654702,success,,9ebfa0bac9efb3345ca578e9bf6345ffb41ea44c4a778e3011ff8ae135e5cfc7,1780391835173,1780391835178,1780391835180,1780391835234,5,2,54,61
200,375,bottleneck_200_375_1780391835177_837982,success,,395770fe03a9e251336c5b876006ffb68a5a1bb6093827a9df2afe9dabeae4f1,1780391835177,1780391835183,1780391835184,1780391835234,6,1,50,57
200,376,bottleneck_200_376_1780391835182_594230,success,,dfe97b6e6566664385d23dc6c15737d0b713a2cb4d1c05a38fd54e4e36e39008,1780391835182,1780391835188,1780391835190,1780391835234,6,2,44,52
200,377,bottleneck_200_377_1780391835187_985052,success,,3105c47fcfe2a3f8fccba8a08d0f73d35f79178febc27a3f8623518ed598c6aa,1780391835187,1780391835192,1780391835194,1780391835234,5,2,40,47
200,378,bottleneck_200_378_1780391835193_525873,success,,8ef90fbf6fc0be376a858dc9cf15702cf85359b890f6e7383a42ae60ec9cd2d1,1780391835193,1780391835198,1780391835200,1780391835234,5,2,34,41
200,389,bottleneck_200_389_1780391835247_519106,success,,db9b88e17359a47d6d46ca4dd40e07abc599dd298a66f6bb390c87dbe3cf95ba,1780391835247,1780391835253,1780391835256,1780391835274,6,3,18,27
200,380,bottleneck_200_380_1780391835203_100265,success,,02cf3e5e3244be4050d7981fc43360d9eb8e2c1796ce689f354fcf2886b90ec7,1780391835203,1780391835210,1780391835213,1780391835274,7,3,61,71
200,381,bottleneck_200_381_1780391835206_95221,success,,ef35a76f43ecc6a8b229a6147811e9587bb85505f3a34765075d8ca74dd912da,1780391835206,1780391835214,1780391835220,1780391835275,8,6,55,69
200,382,bottleneck_200_382_1780391835212_301989,success,,327e005eba5bb11fdf765a79d974f0f8385c244f4a906b21ae181ac20d20b59d,1780391835212,1780391835221,1780391835225,1780391835275,9,4,50,63
200,383,bottleneck_200_383_1780391835217_323106,success,,8909908e9230cc80f34ca27dcd8da8f92deef504fd5374dd722b024cde139f78,1780391835217,1780391835231,1780391835234,1780391835275,14,3,41,58
200,384,bottleneck_200_384_1780391835222_754498,success,,9c5930704fb69eecd743cbaf14941c09e0208a015b15d3db2d976d8ae3687f40,1780391835222,1780391835239,1780391835244,1780391835275,17,5,31,53
200,385,bottleneck_200_385_1780391835228_993184,success,,42e08a89d3e7584027e3393a6a4d6b86d3df21c3770032f00b86f422f89b0f53,1780391835228,1780391835240,1780391835243,1780391835275,12,3,32,47
200,386,bottleneck_200_386_1780391835232_27819,success,,2f4f12db09f24928a0e24cf8d502114b0617e4ed7227a589a42db6e62eb14d54,1780391835232,1780391835241,1780391835244,1780391835275,9,3,31,43
200,387,bottleneck_200_387_1780391835237_795173,success,,19c499630018a48b952d0ffe9d1d2908d8853a96f05d474dbf57fca3b482f2ab,1780391835237,1780391835245,1780391835249,1780391835275,8,4,26,38
200,388,bottleneck_200_388_1780391835241_789339,success,,e01a08dd114f9def2b8870b7021aa920a4634233870ae800c27c7de0441dff28,1780391835241,1780391835248,1780391835251,1780391835275,7,3,24,34
200,399,bottleneck_200_399_1780391835297_637410,success,,dfaba4a186358ff47da391a7e3c581e1827e70bdac98c6e940b7ae8d40c0e5b6,1780391835297,1780391835303,1780391835305,1780391835328,6,2,23,31
200,390,bottleneck_200_390_1780391835252_832490,success,,b7d0b77fe622284e2923ee7ffcbbc05a051343b0718f0436129b7d2e3ab65760,1780391835252,1780391835260,1780391835263,1780391835328,8,3,65,76
200,394,bottleneck_200_394_1780391835272_413807,success,,013b204cf7307c07805b696441ec7dd5d14ec5344faab35a343fcd007dfdeae3,1780391835272,1780391835284,1780391835289,1780391835328,12,5,39,56
200,391,bottleneck_200_391_1780391835257_936643,success,,c7f4fe6ae8ea2bd14c8451b1e81d3feb2c6eb16f213dc268c1f1084ddb5f4e86,1780391835257,1780391835268,1780391835270,1780391835328,11,2,58,71
200,393,bottleneck_200_393_1780391835269_437218,success,,1074321c41864ce3615307a656869856630127b491578a3d3cebfcb3eb909c33,1780391835269,1780391835281,1780391835286,1780391835328,12,5,42,59
200,392,bottleneck_200_392_1780391835262_894109,success,,107061e1ae15d058a7863a7a0c08ef85c7b36d3251d3112a056e112b7832985b,1780391835262,1780391835282,1780391835286,1780391835328,20,4,42,66
200,396,bottleneck_200_396_1780391835283_390808,success,,5dfc3e15af33cad3a70e4b9f9fba91ff4f849b001b199f647453a2c98aee4013,1780391835283,1780391835290,1780391835292,1780391835328,7,2,36,45
200,395,bottleneck_200_395_1780391835277_749666,success,,c53c05a14e70b425f867319fe74853c090f33a290e80faef7bf3b247ab2317eb,1780391835277,1780391835285,1780391835289,1780391835328,8,4,39,51
200,397,bottleneck_200_397_1780391835288_886296,success,,67899ee5c0e8857f9e98ead9df0baded67337dfb8432e2fe5e808e99390581fe,1780391835288,1780391835294,1780391835296,1780391835328,6,2,32,40
200,398,bottleneck_200_398_1780391835293_505626,success,,890b4d44b677f1124040e88acf1de6312e4d35d2b173203713eed6ef85e8829e,1780391835293,1780391835299,1780391835301,1780391835328,6,2,27,35
200,409,bottleneck_200_409_1780391835347_271634,success,,381c49277265bb7cd4890280a816d4627a8fd885fcaf4ac79f77be20b4e00707,1780391835347,1780391835353,1780391835355,1780391835380,6,2,25,33
200,400,bottleneck_200_400_1780391835302_591474,success,,3caea6a0d9018dfe0a5c46b5a409ca4a2411696b7a5d8ee5b8d5743811e5b8a3,1780391835302,1780391835310,1780391835314,1780391835380,8,4,66,78
200,401,bottleneck_200_401_1780391835307_179246,success,,cc1b441da1ab9437c3a7a1209915c63e50c2e475b14d7394824223d0709916c4,1780391835307,1780391835320,1780391835323,1780391835380,13,3,57,73
200,402,bottleneck_200_402_1780391835313_238415,success,,f7eeb8e28d870480f5a96c5d12bcdb0974621fc3c4df2b088441a59cdd34299c,1780391835313,1780391835334,1780391835338,1780391835380,21,4,42,67
200,405,bottleneck_200_405_1780391835327_144890,success,,ffd0dbccb0eaee1a53b7fda4ccfa23fc9ba439ea6ded9a12b0a02c88bc7ac108,1780391835327,1780391835335,1780391835339,1780391835380,8,4,41,53
200,403,bottleneck_200_403_1780391835317_741307,success,,cf25e1a5e1643e6330bb2a7eb77e43a8989ccd376c0f3cdb8427f913426df02d,1780391835317,1780391835335,1780391835340,1780391835380,18,5,40,63
200,404,bottleneck_200_404_1780391835322_938410,success,,a4d9b2b96d884c988d4be9ecd114a604d017fff18e9da7f316d2f273fb104351,1780391835322,1780391835336,1780391835343,1780391835380,14,7,37,58
200,406,bottleneck_200_406_1780391835332_54999,success,,a59eb66af52d0e2598ecacd271182173565b02a4b99bdd0630fff0ff63307770,1780391835332,1780391835341,1780391835344,1780391835380,9,3,36,48
200,407,bottleneck_200_407_1780391835337_379584,success,,311083f0271ff42f81e723b374ff31d1a786e72f35597e39fca6babaf21d519b,1780391835337,1780391835346,1780391835349,1780391835380,9,3,31,43
200,408,bottleneck_200_408_1780391835342_60324,success,,94237e8f6fd32210501c7c27383ad3000d005ae7e6271fd81227170f14e18a41,1780391835342,1780391835348,1780391835350,1780391835380,6,2,30,38
200,419,bottleneck_200_419_1780391835397_405,success,,bb38d1053ca9f5521ba55d1c9e87986aed5cf69e73d9b5326d0c4e23e5bc6424,1780391835397,1780391835403,1780391835405,1780391835428,6,2,23,31
200,413,bottleneck_200_413_1780391835366_50854,success,,93724709e64a988a403eae58b5a21f75ada3ed21be8d2202f2cc292be501b643,1780391835366,1780391835386,1780391835392,1780391835428,20,6,36,62
200,416,bottleneck_200_416_1780391835383_475633,success,,6fcd9caf13620495b5345a99c88d04e05f456ebec28aa93cf5b13efa32c5e6de,1780391835383,1780391835390,1780391835394,1780391835428,7,4,34,45
200,415,bottleneck_200_415_1780391835378_601604,success,,60f2fbfa31cb5c11aaac9e204d8c8221fe4e7a17709ddf4a22175a67a0453fe6,1780391835378,1780391835387,1780391835391,1780391835428,9,4,37,50
200,417,bottleneck_200_417_1780391835388_499968,success,,ade44e5ec7b4f4ad9d308c0902c6f55b4b2179471558d4de6d87d96d93df2e81,1780391835388,1780391835394,1780391835396,1780391835428,6,2,32,40
200,410,bottleneck_200_410_1780391835352_706327,success,,e036599833408e066a5889cf4a6bfe6d175ab27a822767e0a9e5120518f28856,1780391835352,1780391835357,1780391835359,1780391835428,5,2,69,76
200,412,bottleneck_200_412_1780391835362_223887,success,,3be64f705e9bb879e593f4b59250ac186f3d210d8bed3031ed23c60a9e1b7ecb,1780391835362,1780391835381,1780391835384,1780391835428,19,3,44,66
200,418,bottleneck_200_418_1780391835393_4927,success,,7fc6e76fe0958594498735a14a2ab24ecf757323417bf5c5b4e5b42045673dc6,1780391835393,1780391835398,1780391835399,1780391835428,5,1,29,35
200,411,bottleneck_200_411_1780391835356_756752,success,,64094802292b60aef028e0fc71171b062d3833c748b720ce9739662c3a6bfd6a,1780391835356,1780391835382,1780391835385,1780391835428,26,3,43,72
200,414,bottleneck_200_414_1780391835372_804219,success,,a8d51dc6328b7be6ce166e8b92d78ab467972a2553781e4ffc35d148dc6e1223,1780391835372,1780391835385,1780391835389,1780391835428,13,4,39,56
200,421,bottleneck_200_421_1780391835407_429275,success,,222bb5ccd7ce682c3a272165220671badc96828dca1b09e664ba1771a64bb644,1780391835407,1780391835418,1780391835421,1780391835477,11,3,56,70
200,429,bottleneck_200_429_1780391835447_790905,success,,490ca918b789192dfe78ef2b7a000c5a513e6654cab394df2b685ab23bf308bd,1780391835447,1780391835452,1780391835454,1780391835477,5,2,23,30
200,422,bottleneck_200_422_1780391835412_310832,success,,8eb57d5bf05f93c75eeb981a79bf880e731718e27fdbffcf7f2acc00aadf6153,1780391835412,1780391835426,1780391835428,1780391835477,14,2,49,65
200,425,bottleneck_200_425_1780391835427_431378,success,,9526ea18bcb02efb0993e88eff3af501ccd24f3b5b304ef26a602c4577f682b9,1780391835427,1780391835433,1780391835436,1780391835477,6,3,41,50
200,423,bottleneck_200_423_1780391835419_972942,success,,80823684a9268144b3b1483d02c5005e3fc1a6f241cf87ed753a734f9583fbc3,1780391835419,1780391835434,1780391835438,1780391835477,15,4,39,58
200,424,bottleneck_200_424_1780391835422_372591,success,,8f52af4bb8ccff3126ab4b73291139174ca9b52afcae8a55eb8a67404410947d,1780391835422,1780391835435,1780391835439,1780391835477,13,4,38,55
200,426,bottleneck_200_426_1780391835431_782980,success,,7aae8c5868b1c0eb0d772c70ef6a42b906ef68c90361c69e640d0dbb78e81adb,1780391835431,1780391835440,1780391835442,1780391835477,9,2,35,46
200,427,bottleneck_200_427_1780391835437_663309,success,,97cbed3c809f096a474e71002aac4496d351b6096663bd6ed5a5fcb1013cddb4,1780391835437,1780391835444,1780391835445,1780391835477,7,1,32,40
200,428,bottleneck_200_428_1780391835443_251596,success,,d2d21e7dd8fe0ca3b245a407a4cab3e199413a382d805a211df6d6c3e89d4945,1780391835443,1780391835448,1780391835450,1780391835477,5,2,27,34
200,420,bottleneck_200_420_1780391835402_180016,success,,77bffa14e8a12ba390f45ca7827c69b2aa661d827060b9fa6e64fa819eba4817,1780391835402,1780391835408,1780391835410,1780391835477,6,2,67,75
200,439,bottleneck_200_439_1780391835497_233039,success,,644376fe4fb9deb0a01274949a100c5c901bdf6cc711d22bef03c83e348cc76c,1780391835497,1780391835502,1780391835505,1780391835527,5,3,22,30
200,430,bottleneck_200_430_1780391835451_390111,success,,cbb1f40eefe153bb09c0dd8fba6c6204e2e1be5b20126c071dffaf706140013b,1780391835451,1780391835460,1780391835467,1780391835527,9,7,60,76
200,433,bottleneck_200_433_1780391835466_268251,success,,0fe71e60832dfd1dc798b44124a10b26a5bdefd532b6ed40ae3b790d63b6138a,1780391835466,1780391835482,1780391835486,1780391835527,16,4,41,61
200,431,bottleneck_200_431_1780391835457_715749,success,,c5d75d45137e1c09300d382c708d9c498331bd611c476adb22ff14060c7c14ac,1780391835457,1780391835468,1780391835471,1780391835527,11,3,56,70
200,434,bottleneck_200_434_1780391835472_798358,success,,77ad9a355b02740e7f057038e89244a857bc0f76b6435415f25b6406b379e29a,1780391835472,1780391835483,1780391835488,1780391835527,11,5,39,55
200,436,bottleneck_200_436_1780391835482_764701,success,,4ea1931105b2dc51a126f3515bcdf25237f7c2b921e2307b90ace7e9b2ddc577,1780391835482,1780391835489,1780391835491,1780391835527,7,2,36,45
200,435,bottleneck_200_435_1780391835476_1255,success,,ec4fe09f24abedcba96bb065cd7a372674d16ad911131a94ee914360285b0941,1780391835476,1780391835484,1780391835489,1780391835527,8,5,38,51
200,437,bottleneck_200_437_1780391835487_503703,success,,7d990ada02c35037aa6a1e3417bd2fcb69c1a979c8fc1f153f458695bed80a58,1780391835487,1780391835493,1780391835494,1780391835527,6,1,33,40
200,438,bottleneck_200_438_1780391835492_57685,success,,5005131fc30d957962dc41cb3022fd17f468faaaeaa3ebbc178c83463075a127,1780391835492,1780391835496,1780391835498,1780391835527,4,2,29,35
200,432,bottleneck_200_432_1780391835462_576770,success,,bf66c84d6b77bbfa8b1a74ca97f5c88e45f110aeed12b5616b809b68e11de85d,1780391835462,1780391835479,1780391835481,1780391835528,17,2,47,66
200,449,bottleneck_200_449_1780391835547_199357,success,,cb0c4359f5fb094ff8aab36c39a8ee5568104882bf3fab4d62416b59dad39825,1780391835547,1780391835552,1780391835555,1780391835583,5,3,28,36
200,444,bottleneck_200_444_1780391835522_912597,success,,3ee0f15ebc922f6fd5768d4137cdb65b5b41a2a6e8a021491613cd45a5940fdf,1780391835522,1780391835531,1780391835534,1780391835583,9,3,49,61
200,445,bottleneck_200_445_1780391835527_2182,success,,437300be9450edfb4cf4dd4e71c825dbb7ffbb8a696c6d96eb62d9f979df0d76,1780391835527,1780391835533,1780391835536,1780391835583,6,3,47,56
200,440,bottleneck_200_440_1780391835503_794314,success,,3a448568ae93c12c589eb58a7432ca725f7f568306013c74f19177a1ec4631b1,1780391835503,1780391835511,1780391835516,1780391835583,8,5,67,80
200,446,bottleneck_200_446_1780391835532_804545,success,,646d99f6c4707f05deac412c0c94fdf64b887fb5b1b6ee878eeada49084b17f7,1780391835532,1780391835538,1780391835540,1780391835583,6,2,43,51
200,442,bottleneck_200_442_1780391835512_932297,success,,1311435a2a199b903494bd5c94e7ffb779faf1ae60a0697b03917dac862a67db,1780391835512,1780391835525,1780391835528,1780391835583,13,3,55,71
200,447,bottleneck_200_447_1780391835537_901033,success,,c176681456ea8f3f65cb8b4093b46447827daeaa74f54d521904a89416547aa5,1780391835537,1780391835543,1780391835545,1780391835583,6,2,38,46
200,441,bottleneck_200_441_1780391835507_618157,success,,d82e3ee6e504f633da6926f238cd6bc944951131258d0a870d43cf5b6a9d47e2,1780391835507,1780391835526,1780391835529,1780391835583,19,3,54,76
200,448,bottleneck_200_448_1780391835542_757521,success,,b068836a26e7061d05ca79f6fa30c8e16ca28594a0ba5afd9ce0ee7165440bcc,1780391835542,1780391835546,1780391835548,1780391835583,4,2,35,41
200,443,bottleneck_200_443_1780391835517_329316,success,,c4fc0c564e6e3d5d2d3f3c378991050eeb1ef10bf2879cbebe9a448c751fdac4,1780391835517,1780391835530,1780391835535,1780391835583,13,5,48,66
200,459,bottleneck_200_459_1780391835597_304453,success,,4731aa7ebb3187a20bf7229c224eb1f9465cce0983d48405b9a8eee67317d9ba,1780391835597,1780391835606,1780391835609,1780391835637,9,3,28,40
200,455,bottleneck_200_455_1780391835578_847844,success,,1a1c58cb7dd149d2b208b6e4ba4dbdde9da0034084533c68973f503af4442c0d,1780391835578,1780391835592,1780391835595,1780391835637,14,3,42,59
200,456,bottleneck_200_456_1780391835582_887075,success,,b1059ad117f71cf819c69b8b39bb1dc71e33539fb346f71054d9ca22865912cb,1780391835582,1780391835593,1780391835598,1780391835637,11,5,39,55
200,450,bottleneck_200_450_1780391835553_862017,success,,91818ab485e4a04cc27176fa5db5583463e87937e693f6d2fe72e3ec144c4523,1780391835553,1780391835559,1780391835564,1780391835637,6,5,73,84
200,454,bottleneck_200_454_1780391835572_646291,success,,43502eda3b5dfb83f2a8f441520e8ef6fea4c00146a65bdfbad06a9822348891,1780391835572,1780391835594,1780391835599,1780391835637,22,5,38,65
200,451,bottleneck_200_451_1780391835557_68201,success,,6531e87c21248f14c935952033e9e475ea17c77529637d721495c14eecac1af5,1780391835557,1780391835567,1780391835570,1780391835637,10,3,67,80
200,457,bottleneck_200_457_1780391835587_949325,success,,98d412b46121ae0717f1ae8ad68562c4b2bb358d4fc449c45167ca48b7a6c2e4,1780391835587,1780391835596,1780391835600,1780391835637,9,4,37,50
200,452,bottleneck_200_452_1780391835562_546879,success,,9e5974108d4440bcdd00469e87f96f704686278dc0d34173e2805d06a3f9b4f1,1780391835562,1780391835584,1780391835589,1780391835637,22,5,48,75
200,453,bottleneck_200_453_1780391835566_179265,success,,5bc86bd0557d59e18c1e62f5397e92c694ed16952ffda15c1eacd3a80466c855,1780391835566,1780391835583,1780391835590,1780391835637,17,7,47,71
200,458,bottleneck_200_458_1780391835592_785440,success,,2a485f5d573aae2e26f135170578387c81a93e716388fe9a7ba325d415e68a24,1780391835592,1780391835602,1780391835605,1780391835637,10,3,32,45
200,469,bottleneck_200_469_1780391835647_3728,success,,ff76c421ace943796c3512de7f65deb2efd2cf6ed57e26d40c859698dc3ab012,1780391835647,1780391835653,1780391835657,1780391835677,6,4,20,30
200,460,bottleneck_200_460_1780391835603_414780,success,,e72f1e65646e9b030032d08c42eecf8758c6cab4f4223d4718948e35cb0720da,1780391835603,1780391835612,1780391835617,1780391835677,9,5,60,74
200,464,bottleneck_200_464_1780391835623_798233,success,,c9bcc780a3585bb89e594e3040ea4b53caad7b25cdc9d90f102dd5a4a9096347,1780391835623,1780391835636,1780391835640,1780391835677,13,4,37,54
200,466,bottleneck_200_466_1780391835632_145724,success,,4d85988a767dd3228097977b16fdfe1059b3718ed9973c3fb718da33bce5d2fb,1780391835632,1780391835641,1780391835644,1780391835677,9,3,33,45
200,465,bottleneck_200_465_1780391835627_978804,success,,a59c7e4ac7b4248df97fedc13845356eb0d3b9599e919f29b41eb6e590bd1509,1780391835627,1780391835643,1780391835646,1780391835677,16,3,31,50
200,467,bottleneck_200_467_1780391835637_122435,success,,08d8e81d25a135bee8742f956a1863cfaec2dc2b2036636b681a99e9a4f66e51,1780391835637,1780391835645,1780391835648,1780391835677,8,3,29,40
200,468,bottleneck_200_468_1780391835642_296245,success,,997f175f3f932341578791675a887279a441349e797323947478098f3b7234f1,1780391835642,1780391835651,1780391835654,1780391835677,9,3,23,35
200,461,bottleneck_200_461_1780391835607_575047,success,,9e0d97d922e8d54ac42840b2d1bf565b2ab454affff5149516feab79505f09c0,1780391835607,1780391835615,1780391835624,1780391835677,8,9,53,70
200,462,bottleneck_200_462_1780391835612_144469,success,,e579b4b86f0dc76a536ec1db8753af26608ec732c8eb8394a4acf13b21dbcf6b,1780391835612,1780391835625,1780391835628,1780391835678,13,3,50,66
200,463,bottleneck_200_463_1780391835618_926672,success,,45681881ed00d939e0e42c9c5aa8df70f00f4e3ff8eba044b6e7d35f90a7b9af,1780391835618,1780391835635,1780391835638,1780391835678,17,3,40,60
200,480,bottleneck_200_480_1780391835703_412336,success,,35a5e4ccc640edb8aca62593a9da5332eed71a4f04048b46a0f16ed91c377cf5,1780391835703,1780391835714,1780391835719,1780391835761,11,5,42,58
200,475,bottleneck_200_475_1780391835677_302738,success,,cf5b76b52040491ffef8a9d2ae2c53076f1d42e10fc285ffe50f716a2c1b1309,1780391835677,1780391835686,1780391835693,1780391835763,9,7,70,86
200,474,bottleneck_200_474_1780391835672_991783,success,,d90dfd6bad632c196751299809c3a2a047db81dde226c5ce876383917329c095,1780391835672,1780391835684,1780391835690,1780391835763,12,6,73,91
200,473,bottleneck_200_473_1780391835667_383213,success,,cc524fd7e1b3d73d1cb520da382421bafebfb1bee6c1d4fb6f4d5c35653b9416,1780391835667,1780391835685,1780391835691,1780391835763,18,6,72,96
200,476,bottleneck_200_476_1780391835682_99129,success,,28279c3eeaf7be4c1900d75b9e8868019fdcaa9d69da8745bc6700bad691cf33,1780391835682,1780391835701,1780391835704,1780391835763,19,3,59,81
200,477,bottleneck_200_477_1780391835688_997428,success,,d33f64cc7448c838f11692381e43109cb95d0ea43ad401c8374ce922ada8458b,1780391835688,1780391835702,1780391835706,1780391835763,14,4,57,75
200,479,bottleneck_200_479_1780391835697_815743,success,,03d57dd0a0a4d926914eb387b6abc33f7fd028bba62079aa8ecaa387dccbb0c0,1780391835697,1780391835713,1780391835718,1780391835763,16,5,45,66
200,472,bottleneck_200_472_1780391835662_890988,success,,a9e3440f76280dd0cf9419f9d1fb6a16b9aab8c4f96eaa17c878074ad21efdc7,1780391835662,1780391835678,1780391835681,1780391835764,16,3,83,102
200,470,bottleneck_200_470_1780391835652_398408,success,,25b8314be8ca502f072d000653a19d77aa97eab0b88d25797bc038e3a6c73be2,1780391835652,1780391835659,1780391835668,1780391835765,7,9,97,113
200,471,bottleneck_200_471_1780391835657_222881,success,,d8e163273d2e0fbc3c89c7df8cee62cd3babd3614f7cebc9f1919039f965815a,1780391835657,1780391835669,1780391835673,1780391835765,12,4,92,108
200,490,bottleneck_200_490_1780391835752_393215,success,,4d89e0a75a1ab3794592e45f4f69d811bc0e36b5ea28ea422292decf1d7f38a1,1780391835752,1780391835778,1780391835785,1780391835854,26,7,69,102
200,478,bottleneck_200_478_1780391835692_602029,success,,c89b63ded66456cf1e814eafefba955348234e73ca95c7e32cdb1db17855c6ee,1780391835692,1780391835715,1780391835720,1780391835854,23,5,134,162
200,481,bottleneck_200_481_1780391835706_921028,success,,b908cf464c5362aa0bb6d30f7e962fe20550410b1efb7fdb368d5de101a355b0,1780391835706,1780391835715,1780391835724,1780391835854,9,9,130,148
200,482,bottleneck_200_482_1780391835712_132817,success,,100073ed9f2f4320366b40a4bb3753b9ddba567de75ddd4a992f9ab7b1495564,1780391835712,1780391835725,1780391835733,1780391835855,13,8,122,143
200,485,bottleneck_200_485_1780391835727_862147,success,,be95e638cbb07cd1f66ee9f5f84ade51c11dfe5bc271a6cd969a685f41064037,1780391835727,1780391835749,1780391835754,1780391835856,22,5,102,129
200,484,bottleneck_200_484_1780391835722_347651,success,,a4b6e27781cd67319b35101fb506fe0285e422fb653e0770a73322df842f9b95,1780391835722,1780391835751,1780391835756,1780391835856,29,5,100,134
200,483,bottleneck_200_483_1780391835717_957221,success,,1cd1981b3eb3d6830061d38f376243fbcbc5eb38730acd260914b6651a46d403,1780391835717,1780391835751,1780391835761,1780391835856,34,10,95,139
200,487,bottleneck_200_487_1780391835737_486204,success,,edd0c0fb1f06403b856433a2cc3ff6f12ab5082b01505f10cfe332360c9a5c9c,1780391835737,1780391835764,1780391835770,1780391835856,27,6,86,119
200,486,bottleneck_200_486_1780391835731_671326,success,,3ac581bdb9c6c97ef326fda78bc8c8a72b48aff1c85b7f8335f1f782fd13d817,1780391835731,1780391835765,1780391835771,1780391835856,34,6,85,125
200,488,bottleneck_200_488_1780391835742_422178,success,,135851ed09f26193154bfbad47cc2bf8bfcfc79d593b421b6f0c0824852ead3e,1780391835742,1780391835777,1780391835783,1780391835856,35,6,73,114
200,499,bottleneck_200_499_1780391835797_171144,success,,7f183f2a64b9315893cd053d7882cce90074e658be4874b0cc55ccd262a7bfd7,1780391835797,1780391835860,1780391835867,1780391835907,63,7,40,110
200,492,bottleneck_200_492_1780391835763_455261,success,,e6505d351f93c95bd55c5bf13bd7ff95fdd81460514f3ebf0342db87e70fee17,1780391835763,1780391835786,1780391835798,1780391835908,23,12,110,145
200,494,bottleneck_200_494_1780391835772_136806,success,,7a76ba76073b9dc651bcecfca51b59d5b5471714e647633df935314f1de06a5c,1780391835772,1780391835795,1780391835799,1780391835908,23,4,109,136
200,493,bottleneck_200_493_1780391835768_899062,success,,e7da4556328b4dac2e4095b124ca5d5d73cb1c009f68b78139d768b7828e56f0,1780391835768,1780391835796,1780391835810,1780391835908,28,14,98,140
200,495,bottleneck_200_495_1780391835779_203458,success,,f5a24e5f973e7fa3a30c5d5ad8e91bca9e8707c7816ac6e0b45db5fd9ce2baec,1780391835779,1780391835799,1780391835812,1780391835908,20,13,96,129
200,497,bottleneck_200_497_1780391835787_507537,success,,e88dde899a904c01ae020aadd9fb71f3c8affe148273d4ce6fa0d09ef30253d7,1780391835787,1780391835826,1780391835836,1780391835908,39,10,72,121
200,498,bottleneck_200_498_1780391835793_870534,success,,4c9f2b8c0aa0961184636368f554bc4d0e163b0d0905c5e5004cf4b761fd703d,1780391835793,1780391835831,1780391835841,1780391835908,38,10,67,115
200,496,bottleneck_200_496_1780391835782_554940,success,,90f76fcdda0170fc2a7a02237e2239125652d0584c8eaadb1d48cbaa17cc4860,1780391835782,1780391835835,1780391835845,1780391835908,53,10,63,126
200,489,bottleneck_200_489_1780391835747_792810,success,,1a2f5f260a715f742cbef1642cc16a5617fa7ab2987f551cf8cbca0e29f1befe,1780391835747,1780391835780,1780391835794,1780391835908,33,14,114,161
200,491,bottleneck_200_491_1780391835757_850959,success,,7fb3f48bf331ff5c23c9c9262dbdf90ba305388c7da3a87134ec228d8cac1dea,1780391835757,1780391835781,1780391835791,1780391835908,24,10,117,151
200,509,bottleneck_200_509_1780391835847_447838,success,,904fc67c8028eea913dbcc1d9bf9af48900f308cafef00ab3f065c45d3412553,1780391835847,1780391835886,1780391835900,1780391835937,39,14,37,90
200,503,bottleneck_200_503_1780391835817_155558,success,,14d87c90af8fb318abcfc21bcc4d74b0e17ea1f208280697e576910cee858eb9,1780391835817,1780391835864,1780391835882,1780391835937,47,18,55,120
200,501,bottleneck_200_501_1780391835807_787872,success,,3a028057a47fa7d2334eeb496951ecdb983728afd575c4b5a259fff7d11ec96e,1780391835807,1780391835865,1780391835892,1780391835937,58,27,45,130
200,500,bottleneck_200_500_1780391835802_200415,success,,5262ca7bfbc5aa6079c4ddeff48880813799dde6df3f75a43d0cbb0c5fcb486f,1780391835802,1780391835866,1780391835892,1780391835937,64,26,45,135
200,502,bottleneck_200_502_1780391835813_881445,success,,c3d81554c1a0581d803231fe37390cd57fea3bf6ceddcc0421e7a451d1727658,1780391835813,1780391835864,1780391835891,1780391835938,51,27,47,125
200,505,bottleneck_200_505_1780391835827_868848,success,,93510a498259bf8dc19c417e1ac2965e1d01a2f996b34e55edecdf261b7ed099,1780391835827,1780391835870,1780391835893,1780391835938,43,23,45,111
200,506,bottleneck_200_506_1780391835832_526971,success,,60986217ab839b159460caaadc1718c0844705b098b32e6492c9deaf674183fa,1780391835832,1780391835871,1780391835895,1780391835938,39,24,43,106
200,504,bottleneck_200_504_1780391835822_561883,success,,d46867546fbfa0478de2fdfa9816474458ad9d2edd3b832dff6c20fb53d35127,1780391835822,1780391835876,1780391835896,1780391835938,54,20,42,116
200,508,bottleneck_200_508_1780391835843_240744,success,,422d842ac1f904adb21c6ebb7bf2561281355de980d7fb1d1952b349e5345b2a,1780391835843,1780391835881,1780391835897,1780391835938,38,16,41,95
200,507,bottleneck_200_507_1780391835837_751493,success,,2ebef8b9219c1da1b93590ea200d3a0b9ea18d87504074f044c5ec74a456eb8f,1780391835837,1780391835880,1780391835898,1780391835938,43,18,40,101
200,518,bottleneck_200_518_1780391835898_390405,success,,bc7b9193409a703403239ab5f52c43cf95b908f14874a7bae15ef702903af164,1780391835898,1780391835945,1780391835954,1780391835992,47,9,38,94
200,510,bottleneck_200_510_1780391835852_107866,success,,f692b79169da410d5102616a93a857468ee69739ae59fa070bf1f59054f1e4e1,1780391835852,1780391835884,1780391835904,1780391835992,32,20,88,140
200,511,bottleneck_200_511_1780391835857_541042,success,,e11cb3c0e309d8478d20b955aa46688d7fc4ebc2cb707c44bb0ab0920a18ff81,1780391835857,1780391835887,1780391835907,1780391835992,30,20,85,135
200,514,bottleneck_200_514_1780391835873_3287,success,,1f176c47d9ae4bc5a48a6e34ac0cae3e807f26eab198ee80eb0350076e518034,1780391835873,1780391835901,1780391835914,1780391835992,28,13,78,119
200,512,bottleneck_200_512_1780391835862_625031,success,,ba03113068f850c3f919d162e495bf9d335f4bc406d83d28776ef3c41e1c7531,1780391835862,1780391835903,1780391835920,1780391835992,41,17,72,130
200,513,bottleneck_200_513_1780391835868_478618,success,,c913b31068b9440ab96710c8b42aadae327d0c56a607c0491f4763c6be1e3599,1780391835868,1780391835902,1780391835916,1780391835992,34,14,76,124
200,519,bottleneck_200_519_1780391835899_661103,success,,0d7ba195be3d669c895e3ebead53a695c3eb63c2ca3854f2c574b3b47cdd3a47,1780391835899,1780391835940,1780391835950,1780391835992,41,10,42,93
200,515,bottleneck_200_515_1780391835887_593672,success,,984906352aa0a0efb6eb084289c215093b328e8b7fd31387ce72e97d18190e30,1780391835887,1780391835941,1780391835949,1780391835993,54,8,44,106
200,523,bottleneck_200_523_1780391835917_663347,success,,9fa557ee01107f7c1c72d31a2d0454cb729b53be5285fd4050d07c3689876c65,1780391835917,1780391835942,1780391835952,1780391835993,25,10,41,76
200,517,bottleneck_200_517_1780391835890_257302,success,,074a4131b8fa399c84f3e77f1d5a0518410f889bb648a2f92e6d2fe7576207db,1780391835890,1780391835947,1780391835953,1780391835993,57,6,40,103
200,531,bottleneck_200_531_1780391835958_723,success,,d43e9ac01854ee47a01ca9c8623add2feb66618c7d82c3ae29d9ae928a2863ab,1780391835958,1780391835985,1780391835989,1780391836006,27,4,17,48
200,526,bottleneck_200_526_1780391835932_972396,success,,ddaed3b9b63876f89421bb9a8a7b80c0e0984507c6c55d35e8c7b0a9ad196620,1780391835932,1780391835959,1780391835965,1780391836006,27,6,41,74
200,520,bottleneck_200_520_1780391835905_161046,success,,615c7c2f4f9942ab6d9fbf480eea2a814fe10f846f711df2fb72c9b95a60ed65,1780391835905,1780391835948,1780391835959,1780391836006,43,11,47,101
200,525,bottleneck_200_525_1780391835927_760479,success,,627088e7103ae9d862319479956de87a222bac265b405e76e472b5f2e12b7fb3,1780391835928,1780391835962,1780391835971,1780391836006,34,9,35,78
200,528,bottleneck_200_528_1780391835943_192269,success,,34de965eaac704532a3a9ea854a13d4adcc951e0d864785dc5db856698a71b92,1780391835943,1780391835966,1780391835978,1780391836006,23,12,28,63
200,524,bottleneck_200_524_1780391835923_331982,success,,68a1a5a4a9f0cff7e4946d47c983e417b40ee4b4465fa61e5be7114e99a61a6f,1780391835923,1780391835963,1780391835979,1780391836006,40,16,27,83
200,516,bottleneck_200_516_1780391835889_995007,success,,b1c97eb66b0e92c7e658ce724a6cfc398acbd463b5666a4dfed1b1295e17077d,1780391835889,1780391835945,1780391835956,1780391836006,56,11,50,117
200,521,bottleneck_200_521_1780391835908_919537,success,,d6f43e3d1630370c19f9cac146da8d37443df6f115bed05d78e0799af8df4bc8,1780391835908,1780391835944,1780391835957,1780391836006,36,13,49,98
200,527,bottleneck_200_527_1780391835937_582058,success,,ad80e8d9f9603951173e0e390c9cd51211f11c4610e2b2624b4dbd2eb6577fd3,1780391835937,1780391835964,1780391835977,1780391836006,27,13,29,69
200,522,bottleneck_200_522_1780391835913_33940,success,,e622ecb7c93096db2dd9d58a42180df0a708139ee69fe8dc554b1d0978eb0c2d,1780391835913,1780391835948,1780391835961,1780391836006,35,13,45,93
200,530,bottleneck_200_530_1780391835951_618096,success,,e1db7b4e8344818a84cec54c0bae66fc18a59527d5839bd035bc7cb7234b6e6c,1780391835951,1780391835986,1780391835990,1780391836036,35,4,46,85
200,537,bottleneck_200_537_1780391835987_239956,success,,19d0f78b9291a80020ed9532399d24e8dc0bd1a0c011b9c13bc89e75d5dd2745,1780391835987,1780391836015,1780391836024,1780391836036,28,9,12,49
200,534,bottleneck_200_534_1780391835973_467495,success,,273cf4f119383f0945f0f0571e2d7dac02b4a33c43f4c0253df1e7d29751e0cd,1780391835973,1780391835999,1780391836003,1780391836036,26,4,33,63
200,532,bottleneck_200_532_1780391835962_169593,success,,dc097b838f22f7fe76eeb799150e5e3c0d597a2981fb4787f75e4696d5437d98,1780391835962,1780391836000,1780391836004,1780391836036,38,4,32,74
200,539,bottleneck_200_539_1780391835998_389138,success,,75c21ed3b2b7c3732348d733eb25f51ce1e2f136734db3726a692c84753cb89d,1780391835998,1780391836016,1780391836023,1780391836036,18,7,13,38
200,538,bottleneck_200_538_1780391835991_13331,success,,9189b66ad063848b93eb14f976dcfc62be0d6583c19aebc4af4ba45e46638c27,1780391835991,1780391836013,1780391836022,1780391836036,22,9,14,45
200,533,bottleneck_200_533_1780391835967_852296,success,,6e145a4a356b677134a452d9911e26da253e9baf89507caec87537c14ef15914,1780391835967,1780391836001,1780391836005,1780391836036,34,4,31,69
200,535,bottleneck_200_535_1780391835980_170684,success,,f0889a8624a6dfc21833472ed01a36b8828b3a7a31fccd37b259e21f4bb13c46,1780391835980,1780391836014,1780391836021,1780391836036,34,7,15,56
200,536,bottleneck_200_536_1780391835981_827411,success,,162ba8690e856251c2c1bbd96a20b95218d7e6c7d295bbd4c943cf83d256f9ef,1780391835981,1780391836012,1780391836018,1780391836036,31,6,18,55
200,529,bottleneck_200_529_1780391835951_547696,success,,0e92f9d6506ba048cbc795afe37d40e519b015cccddbed3b3cc836da35d89a26,1780391835951,1780391835988,1780391835991,1780391836036,37,3,45,85
200,549,bottleneck_200_549_1780391836048_520360,success,,3ef170aafb865900deef036dd4d21598b4780cdf5bd82afcbac78f1ad3bf6520,1780391836048,1780391836054,1780391836056,1780391836096,6,2,40,48
200,540,bottleneck_200_540_1780391836002_23131,success,,044868fe6933721e9230a8a691a948df9c13e3b7f0f90f0e3a20edcf9eb9e93a,1780391836002,1780391836016,1780391836025,1780391836096,14,9,71,94
200,541,bottleneck_200_541_1780391836007_113108,success,,f21c9575c3fcf03db7a2761628f1e0d3d791328a3102899c007de671d9c854d1,1780391836007,1780391836019,1780391836027,1780391836096,12,8,69,89
200,542,bottleneck_200_542_1780391836012_424961,success,,2dc88b439721c1cb119a492cc4477ce7e40b6567e72d1d458da448bf98288bb3,1780391836012,1780391836020,1780391836028,1780391836096,8,8,68,84
200,543,bottleneck_200_543_1780391836017_390363,success,,164c55d15309c1b0b645e822ec135cccdeb315ad2e9853d6d9ddbbbcc6a030ef,1780391836017,1780391836029,1780391836031,1780391836096,12,2,65,79
200,544,bottleneck_200_544_1780391836026_971787,success,,f21cec4bf88c5619c116ad5ca86914f5cc8d297136ab2dbf72ee95308c458605,1780391836026,1780391836040,1780391836045,1780391836096,14,5,51,70
200,546,bottleneck_200_546_1780391836032_527015,success,,921a4db537e378d11ebef75b3cfe80724da49f1d4293e7eba6378c7fe8c0e4d9,1780391836032,1780391836041,1780391836045,1780391836096,9,4,51,64
200,545,bottleneck_200_545_1780391836026_55013,success,,4b6b933f45879ad0d34f41eb485b85c4bae85188dec4f703e98d61cd2f4fe764,1780391836026,1780391836043,1780391836046,1780391836096,17,3,50,70
200,547,bottleneck_200_547_1780391836037_184694,success,,2bb96fc5344c81f1dec4f05605c7010170f97cdda9f7be23ad6ef947795e62d1,1780391836037,1780391836044,1780391836047,1780391836096,7,3,49,59
200,548,bottleneck_200_548_1780391836042_455482,success,,3d24552760356f4d4802c9fb0a83c048c06f34396973174313edb25722a9e37c,1780391836042,1780391836048,1780391836050,1780391836096,6,2,46,54
200,559,bottleneck_200_559_1780391836097_672835,success,,a901e5557e250ed41ae8c59c929baf34acf84520c470b0764cfcbd5aa61c9063,1780391836097,1780391836107,1780391836114,1780391836126,10,7,12,29
200,550,bottleneck_200_550_1780391836051_873288,success,,bc1cf2c119dde67fdad6e3777b374859be4f6a3f6564cfa525074007f502c907,1780391836051,1780391836058,1780391836064,1780391836126,7,6,62,75
200,551,bottleneck_200_551_1780391836057_643914,success,,8fba5f5b016e8487fa2082c2b924e8f86af78cfeeeb44cb309c0e415364eb6bc,1780391836057,1780391836073,1780391836079,1780391836126,16,6,47,69
200,554,bottleneck_200_554_1780391836072_944409,success,,59c7382a3975e30b9e442b0c954d82e379d3de6c2ae8f46dc994b236c536ff39,1780391836072,1780391836090,1780391836094,1780391836126,18,4,32,54
200,552,bottleneck_200_552_1780391836063_408479,success,,7e170026c8eb1635fb4b0c43beea9795f4a3f28cb79851503be59371dfa2016e,1780391836063,1780391836091,1780391836095,1780391836126,28,4,31,63
200,553,bottleneck_200_553_1780391836068_339238,success,,82298c8275bc40a66d51b6b351acee3d5d2b034ed2a0296bb1349670c9dbea85,1780391836068,1780391836092,1780391836097,1780391836126,24,5,29,58
200,558,bottleneck_200_558_1780391836093_823423,success,,c90ee6e7baa863b57e710154d656a3494d3b2af654cb546678bd9d558fa67757,1780391836093,1780391836103,1780391836109,1780391836126,10,6,17,33
200,555,bottleneck_200_555_1780391836077_504099,success,,19774d8dab9a81f54a07f40a957a02414f46adb5302ee9891a8ef6ea7320e97c,1780391836077,1780391836105,1780391836110,1780391836126,28,5,16,49
200,557,bottleneck_200_557_1780391836087_101551,success,,709436e143fbca71756ba19013fe9405bac6c3c166175bec35edba24e6292bf3,1780391836087,1780391836106,1780391836110,1780391836126,19,4,16,39
200,556,bottleneck_200_556_1780391836083_877907,success,,88cf331025f252a4f5b374f532b27d0b04171e2d07b711ad9ab2755a20c79f92,1780391836083,1780391836106,1780391836111,1780391836126,23,5,15,43
200,569,bottleneck_200_569_1780391836147_587554,success,,ed1775c8b378dac5acf6c895b649283c006de5c9fc77a348f0b499ae292a6194,1780391836147,1780391836152,1780391836156,1780391836197,5,4,41,50
200,560,bottleneck_200_560_1780391836102_584188,success,,3ad021eb6683f3ef997769a978188a20914af375cb7a98aff3f89add1bdf8de7,1780391836102,1780391836112,1780391836119,1780391836199,10,7,80,97
200,561,bottleneck_200_561_1780391836108_68472,success,,246f0cd2cfc2ee61829aeca13388f16ba0c109534ec85647f374a4e3cf25a169,1780391836108,1780391836115,1780391836118,1780391836199,7,3,81,91
200,563,bottleneck_200_563_1780391836117_503099,success,,bc97311de74174ac2baf21c72daec6028ebf0165f4f3e1667f458bcb0652e834,1780391836117,1780391836125,1780391836129,1780391836199,8,4,70,82
200,562,bottleneck_200_562_1780391836113_936705,success,,714fb10ee1461b6ebb441a6b0d0c92b3cf8ed687d8af1ea523794ef9ebeb7496,1780391836113,1780391836124,1780391836130,1780391836199,11,6,69,86
200,564,bottleneck_200_564_1780391836122_649742,success,,a9613481dec2d76389f38b0b9fcdc3e33ca506ccea1a15db13a1843aa074e99a,1780391836122,1780391836137,1780391836144,1780391836199,15,7,55,77
200,565,bottleneck_200_565_1780391836127_273482,success,,95b71581098b6f72fa7b2a3272b32d3872702ac5aafa6f6271bacdb243629011,1780391836127,1780391836139,1780391836145,1780391836199,12,6,54,72
200,566,bottleneck_200_566_1780391836132_678200,success,,e5456234e7231688d6ec5f18db98f71a6dbcc9e84e63f875ab1261f61d294139,1780391836132,1780391836143,1780391836146,1780391836199,11,3,53,67
200,567,bottleneck_200_567_1780391836141_226409,success,,1344c830b67cff40d157dcda81488fcc37d50ab5bee45683c932599c309c21cc,1780391836141,1780391836150,1780391836155,1780391836199,9,5,44,58
200,568,bottleneck_200_568_1780391836142_50697,success,,33f97501933b2a01d968a2814ccf8efdc9f3e9206ff1694953ad61de14da4205,1780391836142,1780391836149,1780391836153,1780391836199,7,4,46,57
200,579,bottleneck_200_579_1780391836198_721289,success,,385c3c66ef5b2a54877be5f64505d503ab7b025a36dfcab497b29b6deb0ce085,1780391836198,1780391836211,1780391836218,1780391836236,13,7,18,38
200,573,bottleneck_200_573_1780391836167_167100,success,,d0348bf1dfeb16afbebf05778cae2855ada5229ae6f022d135a39951c24bff08,1780391836167,1780391836201,1780391836212,1780391836237,34,11,25,70
200,570,bottleneck_200_570_1780391836153_58699,success,,1e51e37dbfbd8f19315130ec4323521b886b3ef4f240960d2fb56e6f0c4ebf8a,1780391836153,1780391836176,1780391836186,1780391836237,23,10,51,84
200,571,bottleneck_200_571_1780391836157_773101,success,,201be4270874f65934bb396b9e244d1f02bbe41ff2f862f991642574e888ee52,1780391836157,1780391836178,1780391836192,1780391836237,21,14,45,80
200,575,bottleneck_200_575_1780391836180_121721,success,,4ef18f8ae299782d0ae46b9151156542f4021d9f61cfa92ae9e4e18fa2666671,1780391836180,1780391836199,1780391836206,1780391836237,19,7,31,57
200,572,bottleneck_200_572_1780391836162_749768,success,,96ea98f01a4cc127cb2060538a189f90c49e22a0258e7158e36471d5abc1be6a,1780391836162,1780391836203,1780391836215,1780391836238,41,12,23,76
200,576,bottleneck_200_576_1780391836181_702960,success,,b8fc767014b7bf54fd74b231db378fac89384c1e73e2cefa35f9df97504a3db2,1780391836181,1780391836202,1780391836213,1780391836238,21,11,25,57
200,578,bottleneck_200_578_1780391836193_517587,success,,bdd49982cf12c9ec706245276b4a6757362485d8234854a1c3082ce4a22ef014,1780391836193,1780391836208,1780391836215,1780391836238,15,7,23,45
200,574,bottleneck_200_574_1780391836172_228918,success,,c25dcbdd2b232ba252370b7639d220f3e2cdbb57ffdd7dd16d0f05d61b12bf1f,1780391836172,1780391836200,1780391836216,1780391836238,28,16,22,66
200,577,bottleneck_200_577_1780391836188_284626,success,,9a9b5be1a39339f8465768f83f4daf9712f1a9c8b0794ae905f09a13742e5373,1780391836188,1780391836209,1780391836217,1780391836238,21,8,21,50
200,589,bottleneck_200_589_1780391836247_138025,success,,873ff520b14a0dc944fe7b5c6b642b194fa5462abafdeccde5e1c96cb3e1fcc6,1780391836247,1780391836255,1780391836259,1780391836310,8,4,51,63
200,580,bottleneck_200_580_1780391836204_498026,success,,39b03010bfb64246bd873e2d05ae90914b3be89ad96d10b14a07b5bb35589132,1780391836204,1780391836219,1780391836225,1780391836310,15,6,85,106
200,581,bottleneck_200_581_1780391836207_654145,success,,1ccb43d89dce2846132b3b5ca85bf76d9a4aee08e6278400d525dd886c5a6db0,1780391836207,1780391836222,1780391836231,1780391836310,15,9,79,103
200,582,bottleneck_200_582_1780391836214_320636,success,,a50319ccd8e5cfdb0003b98d7c2d45e34a40d02e15d8a7c86a71837ee322ea88,1780391836214,1780391836224,1780391836232,1780391836311,10,8,79,97
200,583,bottleneck_200_583_1780391836218_141940,success,,76e3a4480b0274455ab5320c13ab2f9471407ea621db87fe666c0b74306a5176,1780391836218,1780391836238,1780391836243,1780391836311,20,5,68,93
200,587,bottleneck_200_587_1780391836237_875674,success,,6eb1aa5eabc663edb731c5a7ae65ca5d0f479383e51c3fb655be01fb98c487bc,1780391836237,1780391836248,1780391836251,1780391836311,11,3,60,74
200,586,bottleneck_200_586_1780391836233_551079,success,,d1295c515cc4629977181ecc10964413b5e87557b2fbde181907a4046833523d,1780391836233,1780391836245,1780391836248,1780391836311,12,3,63,78
200,588,bottleneck_200_588_1780391836242_521373,success,,e36f17ff8142fbe8faeac18604b532d61d0690c1534eb7cda6f6fe5555c72c8b,1780391836242,1780391836249,1780391836253,1780391836311,7,4,58,69
200,584,bottleneck_200_584_1780391836223_310559,success,,a502ffc00892b17d4f6bebe9675609a24cdc914274ce71adb87a566f0d521922,1780391836223,1780391836240,1780391836244,1780391836311,17,4,67,88
200,585,bottleneck_200_585_1780391836227_792546,success,,f8f76d9f5a082e4159af80ee3e1a14c717c1f67068966de41b3f484e6b611db0,1780391836227,1780391836241,1780391836246,1780391836311,14,5,65,84
200,600,bottleneck_200_600_1780391836302_728985,success,,77eba333283b0ee6dbb10d462933366209f096fbba86f7420b704e8b96bd8a67,1780391836302,1780391836342,1780391836361,1780391836413,40,19,52,111
200,590,bottleneck_200_590_1780391836251_294449,success,,ea8fc318510ac504e8376baebcd205b452c6703189563baa6d8104b610930d22,1780391836251,1780391836262,1780391836268,1780391836414,11,6,146,163
200,591,bottleneck_200_591_1780391836257_222149,success,,75a1a69508238e361f0e96707071f1c3bfbf514dd7fa5fd44198cc9798788bd5,1780391836257,1780391836266,1780391836269,1780391836414,9,3,145,157
200,592,bottleneck_200_592_1780391836263_561128,success,,f64c7320f06a1bb8bc8599a41fa941880655041dc01a2a1326167a2730e6836d,1780391836263,1780391836282,1780391836285,1780391836414,19,3,129,151
200,593,bottleneck_200_593_1780391836267_80474,success,,b3cdff2ff1837f02056a360a7648f67ae84ce2070684e1892643afb0e2292e68,1780391836267,1780391836284,1780391836291,1780391836414,17,7,123,147
200,594,bottleneck_200_594_1780391836272_579658,success,,0565d0a5278ce0dd227be757246295a38d7d3fd813c126ede01ba172ea111b99,1780391836272,1780391836286,1780391836295,1780391836414,14,9,119,142
200,597,bottleneck_200_597_1780391836287_570105,success,,4718c85e027968ef09f98108d6a397f679fd2e55d38ddffa9d30b4b9b835944c,1780391836287,1780391836332,1780391836351,1780391836414,45,19,63,127
200,599,bottleneck_200_599_1780391836297_467493,success,,30a082072c097655d1be2f39ffaa0e904723ba6fd55b2d49eac97983d7dcdd2c,1780391836297,1780391836334,1780391836356,1780391836414,37,22,58,117
200,601,bottleneck_200_601_1780391836307_65127,success,,5bf699b694a93ec9a13ea63809dafdfef623fccb5aa222e68c4b613f55594fec,1780391836307,1780391836347,1780391836360,1780391836414,40,13,54,107
200,595,bottleneck_200_595_1780391836277_390415,success,,d434a980d80a10e3b7aad17a4564e0e2f14bfdaaf7ac2b2d8f073ff104265019,1780391836277,1780391836340,1780391836359,1780391836414,63,19,55,137
200,608,bottleneck_200_608_1780391836352_532134,success,,c365df720d008e02a89906d39ceaf7a7a26e9239dbde4a55eaf99e69f31acdb8,1780391836352,1780391836385,1780391836399,1780391836490,33,14,91,138
200,602,bottleneck_200_602_1780391836312_555854,success,,db8f8b6bdb6df64e0b89f47bdad971af30b6d4b40db5065074c24bbb3f859dc6,1780391836312,1780391836349,1780391836367,1780391836490,37,18,123,178
200,596,bottleneck_200_596_1780391836283_591730,success,,896847d4d9c49ef7c6bc979840396705b4172a4ad9b342063002c271b90d707d,1780391836283,1780391836346,1780391836369,1780391836490,63,23,121,207
200,603,bottleneck_200_603_1780391836317_266798,success,,8ee1c5352c322d68a2e408f8bafa3298a3275ca31f0d490b24e9d723df563827,1780391836317,1780391836351,1780391836374,1780391836490,34,23,116,173
200,605,bottleneck_200_605_1780391836328_371429,success,,207cde555dd5702b661379d1ef779819e926bf61212840bf9f3ac4aac3055411,1780391836328,1780391836358,1780391836376,1780391836490,30,18,114,162
200,604,bottleneck_200_604_1780391836323_587005,success,,e77f83a074e7ab9b63f3d9124dd4acc59485692871b02b1c32aa983a12824f5e,1780391836323,1780391836357,1780391836375,1780391836490,34,18,115,167
200,606,bottleneck_200_606_1780391836336_628861,success,,a3037ae853444bbba17e5ca1b8e85ac9c4332e5adc182537cddcd72246f7f54d,1780391836336,1780391836363,1780391836377,1780391836490,27,14,113,154
200,607,bottleneck_200_607_1780391836337_586700,success,,82a2f7e050e6889da921c19e1c89372babae499df783380056800e699e1f86bf,1780391836337,1780391836365,1780391836391,1780391836490,28,26,99,153
200,611,bottleneck_200_611_1780391836358_724099,success,,cee884d8e9695c27e6ea4934228e835f8f818d1759573b7adef518aef5df9827,1780391836358,1780391836382,1780391836395,1780391836490,24,13,95,132
200,598,bottleneck_200_598_1780391836292_105391,success,,22b898837ba2a127929bbab43757a1511c72e59c5aa7b99a1439f2de14c41546,1780391836292,1780391836345,1780391836368,1780391836490,53,23,122,198
200,622,bottleneck_200_622_1780391836411_633700,success,,7a20ae1fc8840c6c5df246bad805d0976ce56b06d489d933290daceeae123968,1780391836411,1780391836469,1780391836504,1780391836541,58,35,37,130
200,609,bottleneck_200_609_1780391836353_609047,success,,eeefaa8a99d86ea206df6741fe9fce5ef49c455245134a37f31c255a838ef2a0,1780391836353,1780391836388,1780391836401,1780391836541,35,13,140,188
200,610,bottleneck_200_610_1780391836354_547951,success,,000c6767d11c79347f9a0d45c845b071ba3cf190ee1b64cb36f11ee62347ca22,1780391836354,1780391836386,1780391836406,1780391836541,32,20,135,187
200,613,bottleneck_200_613_1780391836372_610849,success,,b5efdd989baa67846ce6951208e1f187e211f13096bfb135878d20be83d781ef,1780391836372,1780391836444,1780391836446,1780391836541,72,2,95,169
200,614,bottleneck_200_614_1780391836373_966237,success,,628a8a8b289d5b390a557038e298199a88e1282d0e733a5b3d11266d1e9488b3,1780391836373,1780391836448,1780391836457,1780391836545,75,9,88,172
200,618,bottleneck_200_618_1780391836392_412682,success,,0421c297800c236ab7b5242ce3cc40bc4cca499e4a26e420f850c7698679e6d8,1780391836392,1780391836453,1780391836490,1780391836546,61,37,56,154
200,619,bottleneck_200_619_1780391836398_337211,success,,f417270e5e8214b56a1171150c32035f08de33c205468e8354bd1b98677b7a83,1780391836398,1780391836454,1780391836491,1780391836547,56,37,56,149
200,612,bottleneck_200_612_1780391836371_617287,success,,b898338d344d239b87381b628a837b593c38be3c5d5120583fde1eb415bbca0e,1780391836371,1780391836449,1780391836458,1780391836547,78,9,89,176
200,624,bottleneck_200_624_1780391836421_368163,success,,a72be055deb5a1483a3a9ff59b3b647ae05d6c0dbe2f4d4e8d657442c6d7d6b6,1780391836421,1780391836462,1780391836498,1780391836547,41,36,49,126
200,617,bottleneck_200_617_1780391836392_834742,success,,bd30fcd353a36041fc93ae244a6a4fd856003920dda604a61313558ed4dd08b2,1780391836392,1780391836451,1780391836489,1780391836547,59,38,58,155
200,628,bottleneck_200_628_1780391836442_64383,success,,bea3a65f45c052b9dbd2cfe3d9b42b24c779acb4fa97adf5c91a36ef9f9b3a95,1780391836442,1780391836524,1780391836531,1780391836583,82,7,52,141
200,616,bottleneck_200_616_1780391836384_368000,success,,ca631bd9fe6d8b2c07c48f70a8217d7be4382e292ab63cf92824a3eae8f28146,1780391836384,1780391836467,1780391836506,1780391836583,83,39,77,199
200,615,bottleneck_200_615_1780391836379_469573,success,,6c2aec4b22cf093dbd0ffcac00203c1a8e28277d9901e75f2c21f612f9dc5301,1780391836379,1780391836464,1780391836507,1780391836583,85,43,76,204
200,626,bottleneck_200_626_1780391836433_597069,success,,f50a0cc77d1f7401f7abca6c710865bb84fd4105c11732b9bf612f80b6bc8500,1780391836433,1780391836473,1780391836501,1780391836583,40,28,82,150
200,620,bottleneck_200_620_1780391836402_191643,success,,12ddb609811f4d4d7c28b708f913ba6bdb6d39f5583fc7b134e0ff52323fd05f,1780391836402,1780391836465,1780391836508,1780391836583,63,43,75,181
200,621,bottleneck_200_621_1780391836407_855420,success,,c5fc68efbf750b63b847f95d6ab38a3f886c36890fe8037519b23fe5de042f6f,1780391836407,1780391836483,1780391836514,1780391836583,76,31,69,176
200,625,bottleneck_200_625_1780391836428_879199,success,,837283ec8a923efd89314cef6c06e98504895d56f60996431c00156c97795a47,1780391836428,1780391836482,1780391836502,1780391836583,54,20,81,155
200,623,bottleneck_200_623_1780391836417_199302,success,,7826df7b89899a25369432f914798183d92df65fb284091b06c8576ab6eb8bdf,1780391836417,1780391836487,1780391836509,1780391836583,70,22,74,166
200,629,bottleneck_200_629_1780391836447_602299,success,,a04d92d4bcc337042d80b91bdafaa1ae8826d6cfec659967a7232d8cddc0fd8d,1780391836447,1780391836513,1780391836516,1780391836583,66,3,67,136
200,627,bottleneck_200_627_1780391836437_315834,success,,331b99ea8a8084fae434f55e92bde06d7a49278b9141f29379b769fad9272af6,1780391836437,1780391836521,1780391836529,1780391836583,84,8,54,146
200,645,bottleneck_200_645_1780391836527_700766,success,,2e3cf603aacd22b0dbc5d148b38d6adacb8ff4cad1bbe64a01e4c2c3ef38da55,1780391836527,1780391836579,1780391836606,1780391836669,52,27,63,142
200,640,bottleneck_200_640_1780391836503_496677,success,,62de39f79299ebbcd72b093749aee9afbf0a63a1d8dd5e580d685907ce70784e,1780391836503,1780391836570,1780391836586,1780391836670,67,16,84,167
200,632,bottleneck_200_632_1780391836475_880536,success,,81b354815002ae2a2b3a57d3582581827b8526e4a3734c848ef8ae97bf59aae5,1780391836475,1780391836573,1780391836584,1780391836671,98,11,87,196
200,631,bottleneck_200_631_1780391836459_229533,success,,5487aca9f82a4ab2a18012ccf9242d3708f784862d06b98c83224d90baf41f87,1780391836459,1780391836525,1780391836530,1780391836671,66,5,141,212
200,630,bottleneck_200_630_1780391836452_447348,success,,c6c5c69da1b91eea4ab155a0187b45484822555cf347e21f0ef9bbd91923fa54,1780391836452,1780391836526,1780391836534,1780391836671,74,8,137,219
200,635,bottleneck_200_635_1780391836479_519841,success,,8fb34b694278d17f56fc94d20086871862932f21fbab30e2a1a652daec8edcfc,1780391836479,1780391836560,1780391836575,1780391836671,81,15,96,192
200,639,bottleneck_200_639_1780391836497_523069,success,,2ad76e4dd5ccec09203dc57c45b1060808f2df11456d0e72184693ee1660f8e5,1780391836497,1780391836563,1780391836581,1780391836671,66,18,90,174
200,637,bottleneck_200_637_1780391836494_484885,success,,7eb910ef0da096155e3647e5026798698373859ca6fe12662cc2b87180071e2c,1780391836494,1780391836572,1780391836587,1780391836671,78,15,84,177
200,638,bottleneck_200_638_1780391836496_695054,success,,03e9cec200677a249f0cb607fa227da784ef1e48902c844af8d79b2260bad536,1780391836496,1780391836569,1780391836585,1780391836671,73,16,86,175
200,643,bottleneck_200_643_1780391836517_102698,success,,94ea44f1ef094a2fff23be101541d134c3271991dbfcf387d263f70bb65b8437,1780391836517,1780391836582,1780391836600,1780391836671,65,18,71,154
200,644,bottleneck_200_644_1780391836523_394858,success,,9b17408284c4e660343554e2357d3900173b3a9d948d581cf8228e60dc029c46,1780391836523,1780391836608,1780391836630,1780391836702,85,22,72,179
200,636,bottleneck_200_636_1780391836493_375525,success,,f62ec7a1d3eff21edd8e654e4f172a1af944bf3d9e24ca1cc7dd074f8922bec4,1780391836493,1780391836578,1780391836604,1780391836703,85,26,99,210
200,633,bottleneck_200_633_1780391836476_594517,success,,3e5f02a09ff6770cd8238931126429ecd29198d5af57b5dc6456c23e52a0ed12,1780391836476,1780391836574,1780391836601,1780391836703,98,27,102,227
200,642,bottleneck_200_642_1780391836512_339160,success,,bb02b7a7aec248e283baeda2255e0dd87c609249b1ce83fe7e48cff71a05e27f,1780391836512,1780391836595,1780391836615,1780391836703,83,20,88,191
200,647,bottleneck_200_647_1780391836538_522833,success,,15ebbc5ad8cfae1c44c0ccdf9cbbcdd31be0856ae9fc38fdb2b6f0e2bbff1a52,1780391836538,1780391836591,1780391836616,1780391836703,53,25,87,165
200,634,bottleneck_200_634_1780391836478_134580,success,,5c0090cde42d8f18186fca9b2d2560adde7d9471c0df02fa7287b52bb7e6cb96,1780391836478,1780391836580,1780391836614,1780391836703,102,34,89,225
200,649,bottleneck_200_649_1780391836547_366987,success,,733a9d7354de7ea133f4a32975c25794d39c53bf8dc0584780aae946093f0a9d,1780391836547,1780391836593,1780391836621,1780391836703,46,28,82,156
200,648,bottleneck_200_648_1780391836542_357123,success,,fa5b3acd1db35aeaf2988b1a3e189e9798939c19a908b27c4e937d8f71acb57f,1780391836542,1780391836591,1780391836620,1780391836703,49,29,83,161
200,641,bottleneck_200_641_1780391836511_561612,success,,b27ee044eaf254dc85120e48383a2fb954cef1d61b7b35b1260f737ac502d5fd,1780391836511,1780391836607,1780391836627,1780391836703,96,20,76,192
200,646,bottleneck_200_646_1780391836533_267348,success,,8f816d033589fc2df376e76d8af63e002d5ce96b96af502a7b875a64a044be2b,1780391836533,1780391836609,1780391836629,1780391836703,76,20,74,170
200,658,bottleneck_200_658_1780391836597_529515,success,,8b7732a1106f1e3d7c59436c27d5008eed38498e10cc7c35c8823e4e5bc38acb,1780391836597,1780391836658,1780391836678,1780391836729,61,20,51,132
200,652,bottleneck_200_652_1780391836562_168775,success,,ecf279ec17f641b749605352aae57f752d02540b5026c22ca0df99d42661fab0,1780391836562,1780391836613,1780391836628,1780391836730,51,15,102,168
200,651,bottleneck_200_651_1780391836556_977322,success,,10d2bd1b860c4bf6cee5be5324376f62af8ae9e7c63a289d56ab03b34173c6d7,1780391836556,1780391836619,1780391836633,1780391836730,63,14,97,174
200,653,bottleneck_200_653_1780391836567_564944,success,,4a350880bb29ac7502b4ac16175e912579008e4190ce8bbe97cccc1069be697a,1780391836567,1780391836624,1780391836634,1780391836730,57,10,96,163
200,650,bottleneck_200_650_1780391836552_916902,success,,1ada8a6c9eb59855286972049bb00a0c4ecde6fd498029a697fca4d58c8f0b06,1780391836552,1780391836622,1780391836634,1780391836730,70,12,96,178
200,655,bottleneck_200_655_1780391836577_788275,success,,4900b232efb5ae5d698a01ef216f49b485b48134949a44f35933a5362623d311,1780391836577,1780391836626,1780391836635,1780391836730,49,9,95,153
200,654,bottleneck_200_654_1780391836576_882941,success,,91e0468e8418e87df6b0c84d6bff4e0c4e28808091e2ee836e2ab1c54cd386de,1780391836576,1780391836628,1780391836639,1780391836730,52,11,91,154
200,656,bottleneck_200_656_1780391836583_401371,success,,330b16a3a0d7254ec40581b8ef4216801ead263d483ec54f9e14d102b2f48833,1780391836583,1780391836651,1780391836664,1780391836730,68,13,66,147
200,662,bottleneck_200_662_1780391836611_838411,success,,c93870b481a81dd5cf036c2d2363a34a9f1bf1e45374b26fe43d7a40f8ab1189,1780391836611,1780391836660,1780391836672,1780391836730,49,12,58,119
200,660,bottleneck_200_660_1780391836602_379003,success,,450b12f582ad5307bc508418a0437104f77c4b9b2d509ae967ce02c787c2b78f,1780391836602,1780391836657,1780391836671,1780391836730,55,14,59,128
200,669,bottleneck_200_669_1780391836647_960064,success,,716818323347695a9f1f7ff280fe03e7a72627dd50cd40321cf0b5b99288ae55,1780391836647,1780391836689,1780391836695,1780391836745,42,6,50,98
200,664,bottleneck_200_664_1780391836625_444033,success,,b6f9140470efa1c70925176482afa8daae9f5bb2d0b29babd224b7e9bdeb87a3,1780391836625,1780391836659,1780391836681,1780391836745,34,22,64,120
200,659,bottleneck_200_659_1780391836598_487357,success,,92c0382f9b3d5e5d03e9f3cf7e0ba45f69a8a918f070d3d357fa8a9999a2e096,1780391836598,1780391836654,1780391836682,1780391836745,56,28,63,147
200,661,bottleneck_200_661_1780391836610_949251,success,,1bd7ac9be0ecf19c04ab8ae7fb3d8b5464fa96958f5547dd6bb64dce9ea483fc,1780391836610,1780391836663,1780391836676,1780391836746,53,13,70,136
200,666,bottleneck_200_666_1780391836632_566909,success,,4aeab66f662ed8e3157c9ea67d4733d26e06aeea06d1c2ed96cd5866b84c756f,1780391836632,1780391836683,1780391836691,1780391836746,51,8,55,114
200,657,bottleneck_200_657_1780391836589_643026,success,,7b7df732177e5c269df33bec74fb92e3c0be1efa2f0fe3a6a9d25dc40b94b6e0,1780391836589,1780391836656,1780391836679,1780391836746,67,23,67,157
200,665,bottleneck_200_665_1780391836631_317681,success,,28a83415b2b6c4780980881382747ac40617433c7849e505d4916e3b78090480,1780391836631,1780391836683,1780391836693,1780391836746,52,10,53,115
200,668,bottleneck_200_668_1780391836641_614439,success,,1666a1931bdf939cf35b9213a5be644eb5344da79a5e8c6a352f47dc8d9051d4,1780391836641,1780391836685,1780391836695,1780391836746,44,10,51,105
200,667,bottleneck_200_667_1780391836637_498935,success,,be1693b70c54f2c5978a3b5f2b520cae4cdc8d97cbcf8d5bf363d63dcab1fa0f,1780391836637,1780391836686,1780391836694,1780391836746,49,8,52,109
200,663,bottleneck_200_663_1780391836617_513552,success,,0e7c43f0cef25371fdae2ee7e2a089bd7e5dce3687dd9eccdae7dbed5512833a,1780391836617,1780391836658,1780391836680,1780391836746,41,22,66,129
200,680,bottleneck_200_680_1780391836702_283257,success,,0a4733fdf94a33826a72ee11ef4800bf2b2280599c4038a5545c8cd00e031861,1780391836702,1780391836736,1780391836743,1780391836783,34,7,40,81
200,670,bottleneck_200_670_1780391836652_258276,success,,0e52032610cbe9b2337914b03429707088628f9b522fad21fa4a9902e1800f38,1780391836652,1780391836710,1780391836719,1780391836784,58,9,65,132
200,671,bottleneck_200_671_1780391836661_279258,success,,823b7900201872c100d7c052f957e21b40cfdfcf926ff157ab87d7cca87cc606,1780391836661,1780391836714,1780391836723,1780391836784,53,9,61,123
200,673,bottleneck_200_673_1780391836667_120782,success,,93c6911771cdac866bdf31e5228be4fa80b467e55d8280cfefc5349ef26aeafd,1780391836667,1780391836713,1780391836721,1780391836784,46,8,63,117
200,675,bottleneck_200_675_1780391836677_70563,success,,9ac7c084056cd98e855641a029ab99ee374c4321e56477126e660e59ed9f6d46,1780391836677,1780391836716,1780391836728,1780391836787,39,12,59,110
200,674,bottleneck_200_674_1780391836673_229937,success,,762dee9876a862d16d546a3d4ed80f36f794fedf45ffcec5ee3d1861068d2b3f,1780391836673,1780391836715,1780391836724,1780391836788,42,9,64,115
200,672,bottleneck_200_672_1780391836662_256199,success,,4f0133f2ef342d5a8ee0a9a272251678925eda5c1950b322baa722fce1bff9ea,1780391836662,1780391836717,1780391836727,1780391836788,55,10,61,126
200,677,bottleneck_200_677_1780391836690_211542,success,,3bc39d7508a9488ac2ed311c0240d16b096c661b3fb3f0fdb172f2a4782f17a2,1780391836690,1780391836732,1780391836739,1780391836788,42,7,49,98
200,676,bottleneck_200_676_1780391836684_48616,success,,5f1df783b85c18bd40d6b2a9232207ab1af7e388bf583ee65ab64d2432edcd69,1780391836684,1780391836735,1780391836740,1780391836788,51,5,48,104
200,679,bottleneck_200_679_1780391836698_19560,success,,377ea14cb263f9542eaa6313955b4770efc3ef7aaba9e04ded580ecdec8b21f5,1780391836698,1780391836734,1780391836741,1780391836788,36,7,47,90
200,691,bottleneck_200_691_1780391836758_333699,success,,b042f62fa13dcc83ccb4ce38d52628f800473d08466edb3ebaa2f71a1f15c4df,1780391836758,1780391836774,1780391836795,1780391836814,16,21,19,56
200,683,bottleneck_200_683_1780391836717_21275,success,,3fb21acf3b3db190161bf5418dc8193c176825603c61821b808a89662ec3f43f,1780391836717,1780391836751,1780391836765,1780391836814,34,14,49,97
200,688,bottleneck_200_688_1780391836742_521340,success,,4c72d38c092705bf7b5ba225518094c5d1b8e9148f2f6f03b05d4406ce2e3e7d,1780391836742,1780391836769,1780391836781,1780391836814,27,12,33,72
200,685,bottleneck_200_685_1780391836730_268484,success,,1bdd623da3056bad67ad712549bfbf5852dfdeacc8e914b884473b6caaa9cdab,1780391836730,1780391836766,1780391836775,1780391836814,36,9,39,84
200,687,bottleneck_200_687_1780391836737_32291,success,,0d2ea441dc40c8706d107ffa8acb3b82f1573124f5f2b910c30218ef61854ca2,1780391836737,1780391836772,1780391836788,1780391836814,35,16,26,77
200,682,bottleneck_200_682_1780391836712_971181,success,,25966dd8b88fa91c7b807afcf619392f2dbc79e0c72d80de46a3d94d96b5b094,1780391836712,1780391836753,1780391836761,1780391836814,41,8,53,102
200,689,bottleneck_200_689_1780391836747_437676,success,,a43e3274dd3734008a5aadf9955bed65d060932d827b505c20b2d07b10c7475c,1780391836747,1780391836776,1780391836793,1780391836814,29,17,21,67
200,681,bottleneck_200_681_1780391836707_280586,success,,3d4b5c0cf0d20d75025ea6f46efe9e71402afa2c4058fa1543ea361ec846bfcc,1780391836707,1780391836757,1780391836764,1780391836814,50,7,50,107
200,684,bottleneck_200_684_1780391836725_543186,success,,d46b756792e44cfddf70027bc865083ca35b09784643109abfdb5b7e05c5fead,1780391836725,1780391836759,1780391836767,1780391836814,34,8,47,89
200,678,bottleneck_200_678_1780391836692_437536,success,,95514e1d739165a0e29b25aa70ed99e1fc8ccd24b21b6cfc779bb533b4c8cc04,1780391836692,1780391836736,1780391836744,1780391836815,44,8,71,123
200,700,bottleneck_200_700_1780391836805_734424,success,,9c4727032017da120a7c3eb1960a173baff375378082d1d495694b64e6f3a567,1780391836805,1780391836822,1780391836833,1780391836879,17,11,46,74
200,693,bottleneck_200_693_1780391836768_46822,success,,ff83acd1357a98aca3c6b023668c63ded71f08f08572a52e0219864d8c71e242,1780391836768,1780391836802,1780391836811,1780391836879,34,9,68,111
200,698,bottleneck_200_698_1780391836792_893433,success,,13ae6c4ed133e10e5e57cb319ed2ca46fe6cfff7ca493756036aa94935379f55,1780391836792,1780391836815,1780391836819,1780391836879,23,4,60,87
200,694,bottleneck_200_694_1780391836773_447248,success,,990b5b8ed296bf5a35ac0163599627a84fe62f68470819fa5c230518c491f066,1780391836773,1780391836804,1780391836813,1780391836879,31,9,66,106
200,695,bottleneck_200_695_1780391836779_641070,success,,bf13e1122baf30ba3594fc811b7dd43cac4fe94ea3b09919f40698ee0ea12e09,1780391836779,1780391836809,1780391836814,1780391836879,30,5,65,100
200,690,bottleneck_200_690_1780391836752_757506,success,,0ca316f4d0c0cff8538f3886ccad58a02fb2d536490cf2a3e7d0dab73daf98be,1780391836752,1780391836777,1780391836796,1780391836879,25,19,83,127
200,696,bottleneck_200_696_1780391836790_251695,success,,deb587b31abd96e9f7a6c4fa98b74250eb56c2097970aaf502e06571a091aef5,1780391836790,1780391836816,1780391836826,1780391836879,26,10,53,89
200,686,bottleneck_200_686_1780391836733_720084,success,,1dd51b69fc362bebb5db0f41c0a752aaf8a1b8d13971935b8d24f17784bff8a2,1780391836733,1780391836782,1780391836803,1780391836879,49,21,76,146
200,692,bottleneck_200_692_1780391836763_945108,success,,730b02d5d91537e732c8d0b7bfc092575d3fac4f27a5479f97531e391ac7b12a,1780391836763,1780391836798,1780391836808,1780391836879,35,10,71,116
200,697,bottleneck_200_697_1780391836791_313500,success,,f183e868e0953477116b9e6126e27063228caa864501947c8cccac3353b58ca7,1780391836791,1780391836818,1780391836830,1780391836879,27,12,49,88
200,701,bottleneck_200_701_1780391836807_68035,success,,5e242b03ca638edf29bde9bb03fb5b98d50ba8df1d8fa74e47035c9ede6f0295,1780391836807,1780391836829,1780391836835,1780391836934,22,6,99,127
200,711,bottleneck_200_711_1780391836857_695152,success,,2f738c99d5c4520fac1d69babe8605dd05dd6f83abe56a76224229037242c326,1780391836857,1780391836894,1780391836908,1780391836934,37,14,26,77
200,699,bottleneck_200_699_1780391836799_516845,success,,b9f3b6d3668ad15b2f9f6fc02f19fa2199211ccbcda16d302ba24fae3dc899d0,1780391836799,1780391836828,1780391836837,1780391836934,29,9,97,135
200,702,bottleneck_200_702_1780391836812_705532,success,,85b17ce3f60e1164c37fafd058d5d2a440261fa29fe65e06777a25f41d6d4858,1780391836812,1780391836827,1780391836837,1780391836934,15,10,97,122
200,703,bottleneck_200_703_1780391836817_303568,success,,ecc1ae8b9b1708de2754382e4b78f113267f629f6b3da694d08c5ba7186066ee,1780391836817,1780391836834,1780391836841,1780391836934,17,7,93,117
200,704,bottleneck_200_704_1780391836823_880726,success,,ef7c7d02eaa834b588060e7637e8f49889b9dd977f4521b9ba52ef076e260c57,1780391836823,1780391836836,1780391836840,1780391836934,13,4,94,111
200,706,bottleneck_200_706_1780391836832_184013,success,,a5dc672d84d7967b166dbd606ff5d0fe11a6e405d289cf84af103762bb8ee229,1780391836832,1780391836855,1780391836864,1780391836934,23,9,70,102
200,705,bottleneck_200_705_1780391836831_737091,success,,5449e1f0a83703113ca9543e15546dccbcc3cafa291c027c5f19d99ff9cd3833,1780391836831,1780391836858,1780391836866,1780391836934,27,8,68,103
200,710,bottleneck_200_710_1780391836852_299189,success,,bd73a28d28ce62ecb37b81d7117f95573cbf9c63d08dada38c632484114656d1,1780391836852,1780391836891,1780391836900,1780391836934,39,9,34,82
200,709,bottleneck_200_709_1780391836847_168718,success,,4fd75e2794e5e195a6f734f25eb73dfc56fd7a9627fddfc2390e1dba1619f8a6,1780391836847,1780391836892,1780391836901,1780391836934,45,9,33,87
200,720,bottleneck_200_720_1780391836902_634579,success,,b1126ac9c2c246f1c1961f37e4064fd018bb44ab6674032c7f6deadd15e8f3c6,1780391836902,1780391836916,1780391836931,1780391836964,14,15,33,62
200,717,bottleneck_200_717_1780391836888_627077,success,,35a939f8d47d4f9aebb8dd9f0a0948fb2bb27a63609deb9dc8987aaf239e6f68,1780391836888,1780391836910,1780391836927,1780391836964,22,17,37,76
200,713,bottleneck_200_713_1780391836867_124457,success,,f218724f6d898f7523ac3961970a3a0d1aaa2d755a4de7b6d4af92e0d2a4e393,1780391836867,1780391836903,1780391836922,1780391836964,36,19,42,97
200,716,bottleneck_200_716_1780391836882_426617,success,,bc508c533bc7316e54d77ebb35c5b965f13830483e250ec4e669e13f373c6a75,1780391836882,1780391836908,1780391836926,1780391836964,26,18,38,82
200,707,bottleneck_200_707_1780391836838_252981,success,,778abbe71bd4609c551540cb16153db19d368522001f7d43297bff3df5d8ebb9,1780391836838,1780391836895,1780391836909,1780391836964,57,14,55,126
200,712,bottleneck_200_712_1780391836863_123670,success,,81925edb98e05d7861f77d61af3b5ae95be748d0945e6f61146be54e6446969f,1780391836863,1780391836907,1780391836924,1780391836964,44,17,40,101
200,718,bottleneck_200_718_1780391836896_355871,success,,63e0b7b72261f53c9b4a74cf4dbe5504578a52e8efc44649ebc2b04690dc531e,1780391836896,1780391836915,1780391836928,1780391836964,19,13,36,68
200,708,bottleneck_200_708_1780391836842_756460,success,,fb4676abbfc9ad81494b0ee1d94293be02786bd89b2d5d4a617be97368077d42,1780391836842,1780391836899,1780391836911,1780391836964,57,12,53,122
200,714,bottleneck_200_714_1780391836872_940272,success,,487d9429849397ddaee4ad280763e359cbf54449579ae707ac8ac9c940b80b68,1780391836872,1780391836905,1780391836920,1780391836965,33,15,45,93
200,715,bottleneck_200_715_1780391836877_836839,success,,e21af3d01693ff848bf98b35f25882291afd316053fe6997e061ee1bd86d38d7,1780391836877,1780391836906,1780391836919,1780391836965,29,13,46,88
200,730,bottleneck_200_730_1780391836952_858154,success,,168b78d9c9d2e6255098f2c9fb73d573d47a94dca21327d60c4f029eac08171f,1780391836952,1780391836968,1780391836981,1780391837009,16,13,28,57
200,722,bottleneck_200_722_1780391836913_245048,success,,108c9a94773c00e51b4434691f9a0bc837ba46c341149e3b67d54a9634ad7358,1780391836913,1780391836932,1780391836943,1780391837009,19,11,66,96
200,727,bottleneck_200_727_1780391836937_655377,success,,1e1a7273a722f8b44e79ab646f38b3cc252fc01aa03b0e59ac008c259c6ab2fb,1780391836937,1780391836962,1780391836966,1780391837009,25,4,43,72
200,725,bottleneck_200_725_1780391836929_920790,success,,253aff9bd80761577abb56930a66bd89488db43b66bf85e99a054d47920da9f6,1780391836929,1780391836949,1780391836953,1780391837009,20,4,56,80
200,728,bottleneck_200_728_1780391836942_559182,success,,9f65a72aeddce556720d12d0507ab5a0a81ac9d8493b5fa3c307717cded22b43,1780391836942,1780391836963,1780391836972,1780391837009,21,9,37,67
200,724,bottleneck_200_724_1780391836923_339494,success,,b22ef74712620e47e3155edc8e29ce616dd644fcd54cfe5fb0c649badde74730,1780391836923,1780391836959,1780391836970,1780391837009,36,11,39,86
200,726,bottleneck_200_726_1780391836935_282423,success,,e3bdb5454d257ffd2bde6a269c2371890a8070aa95d43c6cb3626c1faa3760ad,1780391836935,1780391836960,1780391836974,1780391837009,25,14,35,74
200,723,bottleneck_200_723_1780391836917_526977,success,,80e6aa5f1bf83fbea3af30d94de109645249b5262d0b6d654439f9e622cf1425,1780391836917,1780391836951,1780391836954,1780391837009,34,3,55,92
200,719,bottleneck_200_719_1780391836897_755446,success,,517a58909707c919beda0f917865e3c5ff003416a956e53372965364b04b9971,1780391836897,1780391836914,1780391836930,1780391837010,17,16,80,113
200,721,bottleneck_200_721_1780391836912_128613,success,,a7609cf3eec9551457e1d51b23fb7e568255ce2d86ab9b5d6a4038993e9a58f6,1780391836912,1780391836933,1780391836944,1780391837010,21,11,66,98
200,740,bottleneck_200_740_1780391837003_746442,success,,a0d36e41cbe1f342a6e3951ff212e0ef3832a8de4670389ea365d3a2b0679dba,1780391837003,1780391837017,1780391837024,1780391837054,14,7,30,51
200,729,bottleneck_200_729_1780391836947_664843,success,,0b6957549d87463fc2f2cf8139c5dbc3e8bf8c15c2d2d7379aa4aa4798255454,1780391836947,1780391836969,1780391836980,1780391837055,22,11,75,108
200,731,bottleneck_200_731_1780391836957_486124,success,,8ca50bd418c6be9b55aa0307e0e8b702f353dda3aea211cdeebebc2a3f88b2b0,1780391836957,1780391836970,1780391836983,1780391837055,13,13,72,98
200,732,bottleneck_200_732_1780391836964_201007,success,,79cbbe60849ca977eec0d29a9b2fb08b78a35e3b9b3beebaef622e2005be5530,1780391836964,1780391836976,1780391836984,1780391837055,12,8,71,91
200,733,bottleneck_200_733_1780391836967_448414,success,,41b6363cb9d8222bd2b2eb02a8872a69f6aceccc25fc7ddc1559af11de35c624,1780391836967,1780391836979,1780391836985,1780391837055,12,6,70,88
200,734,bottleneck_200_734_1780391836973_640388,success,,621a8d77c13f14898f617eff296572c2916a501183a48626880213ae255005d8,1780391836973,1780391836986,1780391836992,1780391837055,13,6,63,82
200,735,bottleneck_200_735_1780391836977_436952,success,,e194393529da1e44e142742ec731931c48a39b7c6b277034159747ac0e64564b,1780391836977,1780391836990,1780391836999,1780391837055,13,9,56,78
200,738,bottleneck_200_738_1780391836993_666930,success,,97c807842f52201c05e4c2ee6ec1cfc3b2174ea4bb88ff068c1c2668e4c9d973,1780391836993,1780391837009,1780391837011,1780391837055,16,2,44,62
200,737,bottleneck_200_737_1780391836988_49075,success,,129592220cd0cc02d9d84116e0e0a0bd7ff3091011a952236bbf0a80f872e33e,1780391836988,1780391837008,1780391837010,1780391837055,20,2,45,67
200,736,bottleneck_200_736_1780391836982_480388,success,,887825897279063a55e54a104066a065517813c9c6a5f3d8e2773d1b78ff6ae9,1780391836982,1780391837001,1780391837005,1780391837055,19,4,50,73
200,751,bottleneck_200_751_1780391837058_981837,success,,c1f5bcace0a49733fc7ba1e68a4b4ef119ec679f02abd9debabefdb5e809087e,1780391837058,1780391837072,1780391837078,1780391837108,14,6,30,50
200,741,bottleneck_200_741_1780391837007_835371,success,,25b414f72cb7edb50242b60addc7f9a42111e2c25219414fb1d7f3255af14e46,1780391837007,1780391837021,1780391837031,1780391837108,14,10,77,101
200,743,bottleneck_200_743_1780391837016_869644,success,,96fb8c4328c5e21f15f3ad52ef343bc0fd0f7592a39623d6c2ca1f48eab81e5a,1780391837016,1780391837032,1780391837038,1780391837108,16,6,70,92
200,744,bottleneck_200_744_1780391837023_30957,success,,c38c554de28e62853e7b9490b9da54c70ff0e12c3f236e8f3f39c3233a2e9eb5,1780391837023,1780391837041,1780391837044,1780391837108,18,3,64,85
200,745,bottleneck_200_745_1780391837028_694448,success,,3e1708fd98222039d746763b24abb1264c110ca613fc9909a5b8500aede4b573,1780391837028,1780391837057,1780391837061,1780391837108,29,4,47,80
200,746,bottleneck_200_746_1780391837032_962335,success,,6556dc8ba14031ac66b65bd2363fd80bbf4fce1ba06a51f84793aac60cda81ce,1780391837032,1780391837055,1780391837059,1780391837108,23,4,49,76
200,750,bottleneck_200_750_1780391837053_903931,success,,cff5f2755cbad83668b10b932429a5a2b1b626fd2d7dcbe30b6537a601b2a97c,1780391837053,1780391837070,1780391837079,1780391837108,17,9,29,55
200,747,bottleneck_200_747_1780391837037_469865,success,,f09458859e75a765e703a324f24b22c6d9757607783cbba64398325fdf5a92fd,1780391837037,1780391837067,1780391837075,1780391837108,30,8,33,71
200,739,bottleneck_200_739_1780391836997_553620,success,,b05f5706a2ba3984853bcbf7252aa248186fc6b30c7614a5206d23baa51e4a1e,1780391836997,1780391837019,1780391837025,1780391837108,22,6,83,111
200,742,bottleneck_200_742_1780391837012_753583,success,,bdc7f1df92bac54213f42bee5fe5b4ac02102165760d4e2d71d263867bcf66b7,1780391837012,1780391837019,1780391837026,1780391837108,7,7,82,96
200,761,bottleneck_200_761_1780391837107_200975,success,,9e21bfc4d4816d72ef6b8433305c6a133dfc8462524670212c959b6d83fb4f89,1780391837107,1780391837115,1780391837119,1780391837146,8,4,27,39
200,749,bottleneck_200_749_1780391837047_43821,success,,a7cd580445214042e70cfc30cc2e60d112437e61a82319cdc86d9fc93657caf8,1780391837047,1780391837070,1780391837080,1780391837146,23,10,66,99
200,752,bottleneck_200_752_1780391837061_623055,success,,44a4e667519641d0faad6fae7c3ee1f6b28c7375d031904a49dc11a29529de46,1780391837061,1780391837073,1780391837081,1780391837146,12,8,65,85
200,748,bottleneck_200_748_1780391837042_473669,success,,1fcfb0fb1446d580d2cff4b8df7466a87be51945077e7e9c9fe1d702ef249014,1780391837042,1780391837069,1780391837081,1780391837146,27,12,65,104
200,753,bottleneck_200_753_1780391837068_206505,success,,a2e9dab612082d2f265a953b5fabcdafc38ec62fad17e964926c47e186fa873a,1780391837068,1780391837076,1780391837084,1780391837146,8,8,62,78
200,754,bottleneck_200_754_1780391837074_806278,success,,96354ec3f3da8f2cca297878dd4b99a77473bfe00d3fb9d0e6db0c9bb3cc8420,1780391837074,1780391837089,1780391837094,1780391837146,15,5,52,72
200,757,bottleneck_200_757_1780391837087_312489,success,,04f0832121325e86675bd198cb904ace18998ea2a9a0068b51e6233aeaf840d0,1780391837087,1780391837106,1780391837109,1780391837146,19,3,37,59
200,756,bottleneck_200_756_1780391837082_362759,success,,9da79fc0a9f9a919ae1ad95e187eee0a8b80e0f4577dd58a30cf82263ec8c4ab,1780391837082,1780391837095,1780391837098,1780391837146,13,3,48,64
200,758,bottleneck_200_758_1780391837092_649541,success,,7cbf76511aca6f5a42c0908a4e1cd55ee279999cfed3e36518e22a2bd1c68c81,1780391837092,1780391837115,1780391837122,1780391837146,23,7,24,54
200,755,bottleneck_200_755_1780391837077_954504,success,,e275a587dae502f91508f00ffa29d0f0cc16266fc16659778f396bd091b85d16,1780391837077,1780391837090,1780391837097,1780391837146,13,7,49,69
200,769,bottleneck_200_769_1780391837148_274224,success,,05922079fdb74b1a945c77596e47734c10c33af323c76248009da3e0cb25bac4,1780391837148,1780391837159,1780391837164,1780391837195,11,5,31,47
200,760,bottleneck_200_760_1780391837101_489446,success,,33bb11da47c12fdf189a88fb72ea0a904cb47534b2a96e9c577c1ddb98f9de51,1780391837101,1780391837114,1780391837120,1780391837195,13,6,75,94
200,759,bottleneck_200_759_1780391837096_516029,success,,6fcfca3016b2b044aa0932948f05ed5fa24fd10d28671def9e1bd194d697f62a,1780391837096,1780391837116,1780391837124,1780391837195,20,8,71,99
200,762,bottleneck_200_762_1780391837113_790899,success,,239409a966e0d9f24aaa29396c623082b6e4b44822847e80a3d62d42b708602e,1780391837113,1780391837121,1780391837129,1780391837195,8,8,66,82
200,763,bottleneck_200_763_1780391837117_744595,success,,6252e9cb5f34e5d65715186745292c43cd4c75c4a3fa0e6caaba7831c66165b4,1780391837117,1780391837130,1780391837133,1780391837195,13,3,62,78
200,765,bottleneck_200_765_1780391837127_289323,success,,ddd93cf8d6b943f8f83793fcabeb669d14b3deef1608c97a092ff1b57fafd821,1780391837127,1780391837149,1780391837155,1780391837195,22,6,40,68
200,764,bottleneck_200_764_1780391837123_509297,success,,9c66cf7e267878c71446f97577bd37cb3d5214dfc50ea18d3c25b195911cc3d5,1780391837123,1780391837150,1780391837156,1780391837195,27,6,39,72
200,767,bottleneck_200_767_1780391837137_156494,success,,d9615138664e09205f68ae4ccebb0dc421b8dbe998e4e9d81a2fcf4c00cc8cbf,1780391837137,1780391837151,1780391837156,1780391837195,14,5,39,58
200,766,bottleneck_200_766_1780391837132_656507,success,,cfcacad7bf1cb4e9e4b180b5333aeb8ed38481037cb4ea07e4353565e69d528a,1780391837132,1780391837152,1780391837160,1780391837195,20,8,35,63
200,768,bottleneck_200_768_1780391837142_621109,success,,9139011447fe07306af8bef6b832c34c576490a6e6f467f796196fd9378fac21,1780391837142,1780391837154,1780391837161,1780391837195,12,7,34,53
200,778,bottleneck_200_778_1780391837192_983321,success,,c9d519b6072bf595255972ac681883c3caa9e7e5530210184e666d5815828ad0,1780391837192,1780391837209,1780391837214,1780391837232,17,5,18,40
200,773,bottleneck_200_773_1780391837167_844365,success,,5f65603e2990d7e4f41fa0c34962bdd40b904a17adc21abc5c26c3382225ab1d,1780391837167,1780391837184,1780391837187,1780391837232,17,3,45,65
200,775,bottleneck_200_775_1780391837177_946661,success,,850347fc4f8a93a328af803010097a168f1030a67ec8df42b81fab2477f29ca8,1780391837177,1780391837198,1780391837200,1780391837232,21,2,32,55
200,771,bottleneck_200_771_1780391837158_40312,success,,c0b972bb0d2f8ecf94a589a4eeb111792a8c9bd02e3752f4238a4e0a7e304411,1780391837158,1780391837169,1780391837175,1780391837233,11,6,58,75
200,772,bottleneck_200_772_1780391837162_66344,success,,a95716efe0e0d657c5a472a500cec8fdbc584812415f6376b77d94029a97b3e1,1780391837162,1780391837182,1780391837185,1780391837233,20,3,48,71
200,777,bottleneck_200_777_1780391837189_725471,success,,5eddfce0e8a7d6e7b5833d746641aa9f3f2c0aa9a8885741ec20f92a3f9a1d7c,1780391837189,1780391837205,1780391837209,1780391837233,16,4,24,44
200,770,bottleneck_200_770_1780391837153_595722,success,,6358d102ba7ffb5ecaa4b86347614dc7bcd894bb01c1358f10a6687a195ef34d,1780391837153,1780391837166,1780391837172,1780391837233,13,6,61,80
200,776,bottleneck_200_776_1780391837183_369013,success,,bf4d43244e0e44d18cc6b734ff3b09d762168c03210c15f42d8b45d3c2fdd97d,1780391837183,1780391837206,1780391837210,1780391837233,23,4,23,50
200,774,bottleneck_200_774_1780391837173_842730,success,,a7bcb6e2101ce2cc10c5b7b47182010d1d0614e7ef340fe615d6306a6f8996ac,1780391837173,1780391837196,1780391837198,1780391837233,23,2,35,60
200,779,bottleneck_200_779_1780391837197_323569,success,,a45c0f0cee9b53e67b12ef0b47db72f7817412a25a17a4293d0d7ea0dba5ac46,1780391837197,1780391837208,1780391837214,1780391837233,11,6,19,36
200,789,bottleneck_200_789_1780391837247_256670,success,,f9ae9dc6e1e3be6404d97522191abfca8b9c3fb6fbefa38d4cf409d29e9399fc,1780391837247,1780391837253,1780391837259,1780391837282,6,6,23,35
200,784,bottleneck_200_784_1780391837221_463719,success,,5f393778acf11f9cd170131faf1c93fa9148608e6e4f61c5f4a313120bbf9847,1780391837221,1780391837240,1780391837244,1780391837282,19,4,38,61
200,783,bottleneck_200_783_1780391837217_438750,success,,a70021365a287ae4a647e49a5b93762c9937df4208d5730046e91f88c028d51d,1780391837217,1780391837228,1780391837230,1780391837282,11,2,52,65
200,785,bottleneck_200_785_1780391837227_576363,success,,cf222e37342377caacfea31e04100c1b61e2a734d46986938ce16fb70a4b6956,1780391837227,1780391837239,1780391837243,1780391837282,12,4,39,55
200,788,bottleneck_200_788_1780391837242_897681,success,,5b3aa7c757842de0c399ca8251ce29b950f5254ec911546c0aa25c05efb58361,1780391837242,1780391837249,1780391837251,1780391837283,7,2,32,41
200,786,bottleneck_200_786_1780391837231_4744,success,,5907f163889cef069673ef96147ac656317682f03051c9fa063ad82d94a1cae9,1780391837231,1780391837241,1780391837245,1780391837283,10,4,38,52
200,782,bottleneck_200_782_1780391837212_615087,success,,30a05369ce77a9a3f3c2d33dc63b8f7ecbe956ea133a505590f722dcc6f03d6c,1780391837212,1780391837224,1780391837227,1780391837284,12,3,57,72
200,787,bottleneck_200_787_1780391837237_441603,success,,e69da9de89ffdddc921f2ddae33929251167b47bad54eef7b49e18deed5d1344,1780391837237,1780391837246,1780391837248,1780391837284,9,2,36,47
200,780,bottleneck_200_780_1780391837202_769982,success,,521ae9d0c344b50c696b176d9e3aff7827d7c9de354e36dc505dfdb787089849,1780391837202,1780391837211,1780391837216,1780391837284,9,5,68,82
200,781,bottleneck_200_781_1780391837207_440982,success,,fe87c5358a57f864536752066f7c706e616ec3ce2024336f84f18076859402de,1780391837207,1780391837215,1780391837219,1780391837284,8,4,65,77
200,799,bottleneck_200_799_1780391837300_35827,success,,bc76f32fc39fa88189666a46a72665e95733788e4e6e0e1a184f8ad80857737d,1780391837300,1780391837314,1780391837317,1780391837342,14,3,25,42
200,790,bottleneck_200_790_1780391837252_283514,success,,4bab8f3666526573073b8f98a0af4d3c5e6a19cd21666191cd1c321216806fae,1780391837252,1780391837261,1780391837267,1780391837342,9,6,75,90
200,791,bottleneck_200_791_1780391837257_434286,success,,9d3596e8af73e3df8f9ddd1ab75c133d4b1eddcf2f83f432c812b2fea7c24823,1780391837257,1780391837269,1780391837274,1780391837342,12,5,68,85
200,792,bottleneck_200_792_1780391837262_588879,success,,d63bca196ae7025125c41cdaafd5d2bdc06513ea7d95f6b29bb566338ef71343,1780391837262,1780391837273,1780391837275,1780391837342,11,2,67,80
200,795,bottleneck_200_795_1780391837278_424817,success,,cdfef1396f075bfbbc0eeb05e695c59ec540e9b476fed7c9f4060384c950dc31,1780391837278,1780391837290,1780391837295,1780391837342,12,5,47,64
200,794,bottleneck_200_794_1780391837272_775596,success,,fdd0cb492ccdffe5f6a27a8b5104430f55b20b88d79dcbacbc3956fad7cab921,1780391837272,1780391837293,1780391837299,1780391837342,21,6,43,70
200,793,bottleneck_200_793_1780391837268_254286,success,,ff67390528da5fe55687ec0f34cb2224de28e0ffdc96bd029882b2c236573d1a,1780391837268,1780391837291,1780391837299,1780391837342,23,8,43,74
200,796,bottleneck_200_796_1780391837282_759701,success,,6b610d518d076926a25f998aba4c543b1628b356dadd7962412812773c5a9856,1780391837282,1780391837294,1780391837298,1780391837342,12,4,44,60
200,797,bottleneck_200_797_1780391837287_534062,success,,a78e36caeedd93fc954657c9733d9855fe2a2c2880223c6a32db5eb947506fb6,1780391837287,1780391837301,1780391837304,1780391837342,14,3,38,55
200,798,bottleneck_200_798_1780391837292_607131,success,,d4679ec4515e9fb74c69cbf201ce4faf3606a078be640709ab42ff295dba79a7,1780391837292,1780391837303,1780391837309,1780391837342,11,6,33,50
200,809,bottleneck_200_809_1780391837348_946482,success,,610053555b21ccd14e59b9a5b06ef8bf74c2332efb7f6295b5a9ebdef3572de1,1780391837348,1780391837354,1780391837356,1780391837376,6,2,20,28
200,803,bottleneck_200_803_1780391837318_418905,success,,bb76ca9bd829df066d8c0dc81d92adafe23c2ba0d8090d4d01e810a6e28443fc,1780391837318,1780391837334,1780391837336,1780391837376,16,2,40,58
200,804,bottleneck_200_804_1780391837322_163324,success,,ffd75ab9212b2c33d439707a4e19c62e15a65d60bba8bd66755ef8c69f028cfd,1780391837322,1780391837335,1780391837339,1780391837376,13,4,37,54
200,806,bottleneck_200_806_1780391837333_882861,success,,bbecf701cedae6bacd502a283e7208691cb2549830c200d959a12b9af1962e48,1780391837333,1780391837347,1780391837351,1780391837376,14,4,25,43
200,808,bottleneck_200_808_1780391837342_823037,success,,79bce4426e5eadcb098f4901ff1d942b0f34016d89e85a676f37452e75553f4d,1780391837342,1780391837350,1780391837353,1780391837376,8,3,23,34
200,807,bottleneck_200_807_1780391837338_373406,success,,15c137ad6b5b6dc11c37e9ca22b8c82b33f691a491c3f44967c53b5a954b0d02,1780391837338,1780391837346,1780391837349,1780391837376,8,3,27,38
200,805,bottleneck_200_805_1780391837328_829322,success,,c15cd9aacce1d0e3e56181f1e247533c9104a425381b2d71b27dd4109be9c19b,1780391837328,1780391837343,1780391837349,1780391837376,15,6,27,48
200,802,bottleneck_200_802_1780391837312_128391,success,,8302b23942b00df07cb43d8930e589d22802d6e0cfc81b985f0c6e7ddcb6c2a5,1780391837312,1780391837323,1780391837330,1780391837376,11,7,46,64
200,800,bottleneck_200_800_1780391837302_956787,success,,9cbb5ea539e9b8bc0989fe76cf55b156a3e9f85e377b9c6388e9ea8d9fb29bef,1780391837302,1780391837315,1780391837321,1780391837376,13,6,55,74
200,801,bottleneck_200_801_1780391837307_118568,success,,313efdd1f1748b69ebe71c2062adf1b7a739823f12bf9726c321d070fdef9a57,1780391837307,1780391837320,1780391837327,1780391837376,13,7,49,69
200,819,bottleneck_200_819_1780391837397_283001,success,,ef4b39ab8708e3c76080ae09514fd73aaf7fee7141eb211b12a6967b71616e4a,1780391837397,1780391837402,1780391837405,1780391837455,5,3,50,58
200,810,bottleneck_200_810_1780391837352_130823,success,,605a2335baaa0e637fd6e7150b875cccb94bbc2db48a40c8e8c21b7bfb962647,1780391837352,1780391837358,1780391837361,1780391837456,6,3,95,104
200,811,bottleneck_200_811_1780391837357_600145,success,,f374371ff69fd652869ce5edf9951a65acb6215e4702d1fee9d805215536b046,1780391837357,1780391837369,1780391837372,1780391837456,12,3,84,99
200,812,bottleneck_200_812_1780391837362_337288,success,,34ffd9333b2f8959aa12829d110c9ab7e5bac0e1d9129417b38b13963524421a,1780391837362,1780391837370,1780391837374,1780391837456,8,4,82,94
200,813,bottleneck_200_813_1780391837366_579951,success,,559df48f0adbed086a906f6f6ddd790d49f4cdd5e38112f6737d328d98c4f004,1780391837366,1780391837384,1780391837389,1780391837456,18,5,67,90
200,815,bottleneck_200_815_1780391837377_438132,success,,8e1295f8767c355877fa94c74b114291b4a514c9bfdccdf193b2b6e1045a0755,1780391837377,1780391837385,1780391837390,1780391837456,8,5,66,79
200,814,bottleneck_200_814_1780391837373_484052,success,,c5153b9b59459d4461e3cf3d947e5db87a0ad4297f8f3b173afcc0108378a083,1780391837373,1780391837386,1780391837391,1780391837456,13,5,65,83
200,816,bottleneck_200_816_1780391837382_653588,success,,81bc37b26ece60acd443e8323636fd9b9f11d015d68d83de86a521e2212b84b6,1780391837382,1780391837393,1780391837395,1780391837456,11,2,61,74
200,817,bottleneck_200_817_1780391837388_253068,success,,ee666288dea3da800df6659ea508e37b2f693302c32394f4489395e816a7ce95,1780391837388,1780391837394,1780391837396,1780391837456,6,2,60,68
200,818,bottleneck_200_818_1780391837392_477562,success,,d87a281a2d97ba76a4e2347962fb7b12442f54e1796e827bf218541631891397,1780391837392,1780391837398,1780391837400,1780391837456,6,2,56,64
200,825,bottleneck_200_825_1780391837428_733300,success,,bb1694e10dc49ed8b05dd212942ac734aab9aa47a452bf3d1d11dafee3ec2101,1780391837428,1780391837527,1780391837555,1780391837637,99,28,82,209
200,820,bottleneck_200_820_1780391837403_333573,success,,80bfa1c0bd40a98f43e22ebb5d4adfe6af9cf91e16a41081fd96188a16c8e62d,1780391837403,1780391837421,1780391837427,1780391837639,18,6,212,236
200,823,bottleneck_200_823_1780391837417_805676,success,,f7b8ffa7bcdea54bc598639ce0be0458660c876b4ba2692a6287f26ae449195f,1780391837417,1780391837466,1780391837474,1780391837639,49,8,165,222
200,821,bottleneck_200_821_1780391837407_308049,success,,37ee0e9a7f82b9c83cfede573ccf7b6346aa7cb7cc5bccb0951a6f09165e5923,1780391837407,1780391837472,1780391837481,1780391837639,65,9,158,232
200,822,bottleneck_200_822_1780391837412_386931,success,,735074396c46e726bc53b69d44db181db5c265e7a33fb79de718c1e5aad6949a,1780391837412,1780391837471,1780391837484,1780391837639,59,13,155,227
200,827,bottleneck_200_827_1780391837437_496409,success,,ed3cef9f5a558a11040d98edc93923b7be9d9af0b656d6fce776aa728efd31e0,1780391837437,1780391837511,1780391837522,1780391837639,74,11,117,202
200,828,bottleneck_200_828_1780391837443_46331,success,,852ca19eb4ce8d426cae6ed7fe2a5b11747e7d14fe2eb6073232759260c1042a,1780391837443,1780391837513,1780391837548,1780391837639,70,35,91,196
200,829,bottleneck_200_829_1780391837447_280287,success,,48c9387ff99e5a1f6fdb5c6340c709a3c886d37ac4d4427c73b77bb2c983a817,1780391837447,1780391837515,1780391837546,1780391837639,68,31,93,192
200,831,bottleneck_200_831_1780391837457_843212,success,,d3d8e4ff48ff3e8d9d80896307c6c0149dbd0bc361a2ba461bb25d3bd26f3bb3,1780391837457,1780391837516,1780391837549,1780391837639,59,33,90,182
200,826,bottleneck_200_826_1780391837432_147570,success,,17f3b02d9352d96ad7925d2ee17068d12b9e75bed66e8d76e9f7313c055a0554,1780391837432,1780391837521,1780391837554,1780391837639,89,33,85,207
200,838,bottleneck_200_838_1780391837492_961574,success,,312a62505bab5ff5e0bf5c63cd8d2e850d4823c08559536968a724465db5c529,1780391837492,1780391837540,1780391837572,1780391837699,48,32,127,207
200,837,bottleneck_200_837_1780391837486_878948,success,,e3caca0921f3bf7eb99357fb40e615264430a00febae1d16234ab27e0bd0fef3,1780391837486,1780391837526,1780391837557,1780391837699,40,31,142,213
200,832,bottleneck_200_832_1780391837462_369356,success,,05adab32184efc0473cf293370c2748204691171fc271d3b51444a4cd7e5a2f7,1780391837462,1780391837525,1780391837556,1780391837700,63,31,144,238
200,824,bottleneck_200_824_1780391837422_337013,success,,741ef94cfda1324c21337d2e100cf7c8db141a2f9943bce5081b3ed97a57b295,1780391837422,1780391837528,1780391837556,1780391837700,106,28,144,278
200,833,bottleneck_200_833_1780391837468_209080,success,,c12df27a76f80ebdd503eb9baf898fd86d03b016e6d48b11a8a33c9573681729,1780391837468,1780391837532,1780391837558,1780391837700,64,26,142,232
200,835,bottleneck_200_835_1780391837477_692454,success,,b2d9e5cb22f1494ca0890ab91264ead9163dcd4115345cefdf446ee0928c273b,1780391837477,1780391837534,1780391837568,1780391837700,57,34,132,223
200,830,bottleneck_200_830_1780391837452_632451,success,,de4026fb7150cd5a610dc69998ca61a26f074b89852d3c2e2ec5facb9cc3ce1b,1780391837452,1780391837533,1780391837566,1780391837700,81,33,134,248
200,834,bottleneck_200_834_1780391837473_777639,success,,8eefec05fcb9de3a5439824b2a307e5207e0905f686426827e7b8561bf2ca468,1780391837473,1780391837539,1780391837570,1780391837700,66,31,130,227
200,836,bottleneck_200_836_1780391837482_397226,success,,f0a21835d5c7c2017bb9d3d485a06a97018773d989f3d2e1642ed5d0906fc177,1780391837482,1780391837536,1780391837570,1780391837700,54,34,130,218
200,840,bottleneck_200_840_1780391837502_863898,success,,4f5e516dce1ce9a4caa9ea09542b27e2c3a412f8dc21e8eb549856f378d56daa,1780391837502,1780391837550,1780391837574,1780391837700,48,24,126,198
200,849,bottleneck_200_849_1780391837560_363177,success,,355ec02cfbbc30adbd0cfeb5a168d8a0893d202c3581edb01fac1268ac351757,1780391837560,1780391837609,1780391837619,1780391837729,49,10,110,169
200,841,bottleneck_200_841_1780391837507_280629,success,,69cb1836273e23d1d242e1da0d6392a517b9069b271d94085da96fec30d679a3,1780391837507,1780391837551,1780391837575,1780391837729,44,24,154,222
200,839,bottleneck_200_839_1780391837498_503682,success,,41521db3ffe4bde95823c9e43c38ec7e69b1a8903ef8c38b6313ff8d2ff6ea57,1780391837498,1780391837553,1780391837583,1780391837729,55,30,146,231
200,843,bottleneck_200_843_1780391837518_564492,success,,1b892511358aff207cb95ae63beb992f6ae84d5a118fa39d176d5a2075aa1d88,1780391837518,1780391837559,1780391837594,1780391837729,41,35,135,211
200,842,bottleneck_200_842_1780391837512_539995,success,,489e6f79087bf0783db05f2b602367119efc3a89f1b9a7e8d2af005182a441bd,1780391837512,1780391837558,1780391837594,1780391837729,46,36,135,217
200,844,bottleneck_200_844_1780391837529_617744,success,,75b27bdf5bc3e892a44b31ebc69c45e528d7baf7eb40ec54cf33b77f1413199c,1780391837529,1780391837577,1780391837595,1780391837729,48,18,134,200
200,847,bottleneck_200_847_1780391837543_270403,success,,c4920aa7b6234302318a057ba9314a9763154d5fd1df0be4018370509f921b32,1780391837543,1780391837587,1780391837596,1780391837729,44,9,133,186
200,848,bottleneck_200_848_1780391837544_9446,success,,a854fd157ee0f1d74e3dff9e55af610c538190eb2e09e4b93fd87ed4e5bf622d,1780391837544,1780391837591,1780391837597,1780391837729,47,6,132,185
200,845,bottleneck_200_845_1780391837530_976215,success,,b931cfcd544ce0dee2ef019c83fb76969da5b5a52646cf9c8372580b1f2038ba,1780391837530,1780391837577,1780391837602,1780391837729,47,25,127,199
200,846,bottleneck_200_846_1780391837541_387725,success,,69feacbbc76b4503cb9d217689ebbf927ad661e871468afc45b759bad94c5294,1780391837541,1780391837592,1780391837600,1780391837729,51,8,129,188
200,867,bottleneck_200_867_1780391837638_750918,success,,528fce439f7f2054eb7731dd858b845981e452021a6cd25014017c0e4500750a,1780391837638,1780391837745,1780391837802,1780391837863,107,57,61,225
200,851,bottleneck_200_851_1780391837562_272903,success,,7f02ca24d5caf199663075114e330f18be2ea8d20b3262c8057dbac1987aa20f,1780391837562,1780391837617,1780391837621,1780391837863,55,4,242,301
200,850,bottleneck_200_850_1780391837561_723596,success,,c5efb2dad93001f248d06ebb815ca2cc074d31fffc50acb3def19c920523ed26,1780391837561,1780391837673,1780391837678,1780391837863,112,5,185,302
200,856,bottleneck_200_856_1780391837581_180799,success,,d13ef385587d4b70650350a86f1a260695fa8a60026d54bd0b6e324b0781f0de,1780391837581,1780391837674,1780391837680,1780391837863,93,6,183,282
200,852,bottleneck_200_852_1780391837563_123626,success,,e3e250f29cac7491fb1068734743349de5a29cbf028985b85a5a7bb38708f861,1780391837563,1780391837675,1780391837679,1780391837863,112,4,184,300
200,865,bottleneck_200_865_1780391837627_313955,success,,0a03bd5c4ffedd847f08e15952c1d63ca90e86524700f8f2197500a7272ce1bd,1780391837627,1780391837676,1780391837681,1780391837863,49,5,182,236
200,863,bottleneck_200_863_1780391837619_371018,success,,606c8565784c8a7809a7fcb9ee4c97b51fee8d981c7dde3f0f507787827c6b3f,1780391837619,1780391837741,1780391837792,1780391837863,122,51,71,244
200,861,bottleneck_200_861_1780391837606_605157,success,,dba45f561a9d70740ccb3e6a31b927838a4055afc125d67d1f5051640fa3bfe1,1780391837606,1780391837739,1780391837791,1780391837863,133,52,72,257
200,869,bottleneck_200_869_1780391837647_431139,success,,2a1738b265abf683ad3f528d77142a722940fc4177b97b0fb9a3ebbfab20d7db,1780391837647,1780391837744,1780391837808,1780391837863,97,64,55,216
200,853,bottleneck_200_853_1780391837578_942703,success,,6fb3eef58a46f3d62b4363f682ebaf4cfc47e7d729cc7c60a1c5b95181081c94,1780391837578,1780391837750,1780391837802,1780391837863,172,52,61,285
200,875,bottleneck_200_875_1780391837677_130234,success,,3dc3be8a6f87ee741ba9209fae5dd6cf85cef48a8e7d856daa1408e2edee3c41,1780391837677,1780391837790,1780391837852,1780391837897,113,62,45,220
200,874,bottleneck_200_874_1780391837672_24413,success,,6bcdb4dc6c30fcb377795862bf1970f8d5b30be4c7538d148be777b36b2282d0,1780391837672,1780391837786,1780391837842,1780391837897,114,56,55,225
200,858,bottleneck_200_858_1780391837593_395223,success,,e2fa659b34dd025749881c80140a4f0820a6ebe98e00c3428024e1538087b4b8,1780391837593,1780391837748,1780391837804,1780391837897,155,56,93,304
200,862,bottleneck_200_862_1780391837612_3196,success,,f25eacfa4413e73c0c3bcc18761e067de695acb7ef5df2a07144be0c64edac46,1780391837612,1780391837746,1780391837805,1780391837897,134,59,92,285
200,868,bottleneck_200_868_1780391837642_857112,success,,ed6470893d97768cdeb9f1b5f15079cbca0d35c24f5ec7fd734a105617567cd0,1780391837642,1780391837752,1780391837809,1780391837897,110,57,88,255
200,860,bottleneck_200_860_1780391837604_125124,success,,6553240a291196c1e30e5f8a267715cc6169f578f6846cb8c5704c4ae91b0ec3,1780391837604,1780391837774,1780391837811,1780391837897,170,37,86,293
200,866,bottleneck_200_866_1780391837632_666036,success,,13bfe70aae961a72b7fd686194167cc8a2c4a1b06af595cc11947f62adf2daaf,1780391837632,1780391837778,1780391837811,1780391837897,146,33,86,265
200,864,bottleneck_200_864_1780391837622_15513,success,,27d2b74e5cdbea7524323c996df2dd82af079eb3fa8da9aac3c90e21efe15c82,1780391837622,1780391837781,1780391837816,1780391837897,159,35,81,275
200,855,bottleneck_200_855_1780391837581_164537,success,,e7a3eb412b7e0523f6f4231731f9276cb08d120bee381686534d84c9c40f636f,1780391837581,1780391837776,1780391837819,1780391837897,195,43,78,316
200,857,bottleneck_200_857_1780391837589_819297,success,,b5a91b256ed5522bdc8d39e555c539708b830c32b7f3aaf74fa67db0a45e06f9,1780391837589,1780391837769,1780391837823,1780391837897,180,54,74,308
200,870,bottleneck_200_870_1780391837652_888117,success,,9b0d9931b17c2c870c9607ae10044f61ee3da758550a493a343bd932316d0c90,1780391837652,1780391837815,1780391837858,1780391837935,163,43,77,283
200,859,bottleneck_200_859_1780391837598_84163,success,,e87b708c184e85a88b7b34dc770110ee61c686cb0dfcde8125766ca8a4270ae1,1780391837598,1780391837767,1780391837848,1780391837936,169,81,88,338
200,873,bottleneck_200_873_1780391837668_86730,success,,ebc1cfbe56e8b1b2d0924eeb68122f62bf6ddb583d373f3068758436c74ca65f,1780391837668,1780391837789,1780391837850,1780391837936,121,61,86,268
200,878,bottleneck_200_878_1780391837692_254020,success,,0333f23eb39165243e55a3958cfb23d5b41437dfd54e7a35d87ca46786c6bf59,1780391837692,1780391837800,1780391837849,1780391837936,108,49,87,244
200,872,bottleneck_200_872_1780391837662_980950,success,,d69edd57e7b1f393837536c54704ae8d193104edcb8619a8e62d8a26768b0a2e,1780391837662,1780391837783,1780391837846,1780391837936,121,63,90,274
200,854,bottleneck_200_854_1780391837580_408975,success,,5cda8c92e343aeef6e8d417aec221f6ee35de758d6edd79702d9c45a22d6928c,1780391837580,1780391837801,1780391837847,1780391837936,221,46,89,356
200,871,bottleneck_200_871_1780391837658_455277,success,,25edf4973c472be6a51175cfd68fefc25bbb9174829154ba5a1f2c5ea1984f5b,1780391837658,1780391837806,1780391837855,1780391837939,148,49,84,281
200,884,bottleneck_200_884_1780391837722_289381,success,,6de245a3181b2cb7dcf8902ae9b614c0f253ee1d32d18f7ae47cd8d667d693c4,1780391837722,1780391837821,1780391837856,1780391837939,99,35,83,217
200,880,bottleneck_200_880_1780391837702_293185,success,,7e6bff376fecfe2465687f17e9c4752d85ae12dc6f1a530b9243dc4f35191b5c,1780391837702,1780391837818,1780391837857,1780391837939,116,39,82,237
200,882,bottleneck_200_882_1780391837712_419301,success,,0a9e11266551e5adfc3c3f026e638b68d431adb8d6d14a9e16b9fa062c6d12f8,1780391837712,1780391837810,1780391837857,1780391837939,98,47,82,227
200,892,bottleneck_200_892_1780391837762_124810,success,,1a4075e3828a0531650e1822bbba2abce268ef1a9893fddfda4826a0093aa73d,1780391837762,1780391837840,1780391837875,1780391837974,78,35,99,212
200,886,bottleneck_200_886_1780391837732_714123,success,,230f4a9a3c2051cbb366a574a4b711e199695bb8b0aabe74c21b1e80ee8fbee7,1780391837732,1780391837829,1780391837859,1780391837974,97,30,115,242
200,885,bottleneck_200_885_1780391837727_898979,success,,4a7594edd4446146edc226e707613efd4efb466774a0e0cd5cf0ce889debb598,1780391837727,1780391837825,1780391837861,1780391837974,98,36,113,247
200,881,bottleneck_200_881_1780391837707_43614,success,,7058aee6844fa6e07c046759801bbc7d8e3a4d9b5472358e2865ff7b0af649ad,1780391837707,1780391837831,1780391837861,1780391837974,124,30,113,267
200,887,bottleneck_200_887_1780391837737_612256,success,,6e11b28acb07fb73f84ee1e90f7de3dd4ec662ecdb0f984d1d1c57cc4c8e3390,1780391837737,1780391837830,1780391837860,1780391837974,93,30,114,237
200,877,bottleneck_200_877_1780391837687_605329,success,,e4ebe2d193211ce46f0fb5845c01402794f14f1086c72678e13483f3ce080c8a,1780391837687,1780391837824,1780391837862,1780391837974,137,38,112,287
200,883,bottleneck_200_883_1780391837717_822468,success,,14ade3afafe0c5ba1c8c6b94b35e1ded026bacae9711a142bf4fe430a073581b,1780391837717,1780391837832,1780391837863,1780391837974,115,31,111,257
200,889,bottleneck_200_889_1780391837754_384138,success,,bd163c7323186cd9265275ea0cdf5d1d6a91fa1ea95ebcc2331cfce22239456b,1780391837754,1780391837833,1780391837869,1780391837974,79,36,105,220
200,876,bottleneck_200_876_1780391837682_146708,success,,6b204092e79eb32ee9a7a021babda5a65bb22d4f6996d0d584f02b48a32b73d4,1780391837682,1780391837841,1780391837874,1780391837974,159,33,100,292
200,890,bottleneck_200_890_1780391837756_371740,success,,e15e439d3f447003956a1fd9e26a30bcc61727366156bddd78cf3729a81c7ac8,1780391837756,1780391837843,1780391837875,1780391837974,87,32,99,218
200,900,bottleneck_200_900_1780391837812_795348,success,,18d16adf70f6c8f8b272681a39ddc489cdb2c15035873ddbf164e6d8aee9b8d1,1780391837812,1780391837882,1780391837906,1780391838012,70,24,106,200
200,893,bottleneck_200_893_1780391837770_346607,success,,801e212fcd2ba6884ec54a9a4f40844eea64a44b89f831b868d78b4696ff92f2,1780391837770,1780391837851,1780391837886,1780391838013,81,35,127,243
200,888,bottleneck_200_888_1780391837742_649131,success,,322ae6ae6381542075f8731ede6ec2e555a0a675492feee86acaae8ed68b46ba,1780391837742,1780391837839,1780391837871,1780391838023,97,32,152,281
200,894,bottleneck_200_894_1780391837772_430601,success,,f5753abeff153e96ee63377de6d1d348827db6a0c304f2927853a8f97aa96a3d,1780391837772,1780391837853,1780391837888,1780391838023,81,35,135,251
200,879,bottleneck_200_879_1780391837697_889520,success,,1856b6aebedebd343da1897fe125f9f4bf4a307a4cacd6c784922de2bbd60100,1780391837697,1780391837854,1780391837882,1780391838023,157,28,141,326
200,891,bottleneck_200_891_1780391837758_601350,success,,faac9c87727139bd883184ccd6d72282400fb2ea41b63a7c37f5f0bc9c3effc0,1780391837758,1780391837859,1780391837898,1780391838023,101,39,125,265
200,898,bottleneck_200_898_1780391837797_663097,success,,1c9f21d5351b93b9786ac364529b20bab29ce5457e35aa704abe5949a2d2616c,1780391837797,1780391837876,1780391837897,1780391838023,79,21,126,226
200,897,bottleneck_200_897_1780391837796_756498,success,,7a9cf75b170aab1046ad3315f1e39fd82ff5d4e09b54d71d6e1e928fe925e2dd,1780391837796,1780391837873,1780391837899,1780391838023,77,26,124,227
200,895,bottleneck_200_895_1780391837794_712500,success,,8190bc58f032b31d389f03662b74ef273ef500715aca0e79d2596b5f7a625f6c,1780391837794,1780391837870,1780391837899,1780391838023,76,29,124,229
200,899,bottleneck_200_899_1780391837798_517357,success,,3dc9891d637d3af1b83b310e60fd32dd5fe1e4d17a44830543d6534e0874bf8c,1780391837798,1780391837877,1780391837900,1780391838023,79,23,123,225
200,912,bottleneck_200_912_1780391837866_267871,success,,2a1c7ca35d8799869603c68dc99394b2d79bdc54722c95009723353ef3f73405,1780391837866,1780391837939,1780391837952,1780391838060,73,13,108,194
200,901,bottleneck_200_901_1780391837813_657446,success,,af87f690b5da0466e909e3fa10a75d622020ff9323993151413699eee858f259,1780391837813,1780391837891,1780391837915,1780391838061,78,24,146,248
200,904,bottleneck_200_904_1780391837827_326847,success,,54dd2120393fed1af980a5b6f79d001bf60a2a94d7ef8c141baf532ab1f69830,1780391837827,1780391837883,1780391837911,1780391838061,56,28,150,234
200,906,bottleneck_200_906_1780391837833_297993,success,,fb0ca7b81b3138e8f4707ee91d46501e705a7a998f3678d16ff102a9425547dc,1780391837833,1780391837884,1780391837914,1780391838061,51,30,147,228
200,902,bottleneck_200_902_1780391837814_564176,success,,0a63d94a9315d27e7d8e739523a5afb115607442fb800af1ca9b3267ae334d74,1780391837814,1780391837887,1780391837919,1780391838061,73,32,142,247
200,905,bottleneck_200_905_1780391837828_149251,success,,f90a7a4ab7ed88f7f977cf7ecbadd1974f99c3f76dae2b89202b4b08eb527067,1780391837828,1780391837894,1780391837912,1780391838061,66,18,149,233
200,896,bottleneck_200_896_1780391837795_267470,success,,bf14531011224177ee1a310fa22077dc3d538d4314346576b0f0b5fc266ff0e9,1780391837795,1780391837878,1780391837923,1780391838061,83,45,138,266
200,908,bottleneck_200_908_1780391837844_158550,success,,4b7e125dc75362e6e836d85202c2243cb65644e91a145fbc75e4335ce7135f37,1780391837844,1780391837896,1780391837929,1780391838061,52,33,132,217
200,903,bottleneck_200_903_1780391837826_41367,success,,196f5c23c700616c8efb92fe3dd3c925ee14de47a20647208c09ba7a380604b5,1780391837826,1780391837895,1780391837920,1780391838061,69,25,141,235
200,907,bottleneck_200_907_1780391837837_155695,success,,0c25fabe6cd1c30ceb4bbc5b20564224af19c3fbed1b26efe2c5943286fea8c7,1780391837837,1780391837893,1780391837922,1780391838061,56,29,139,224
200,919,bottleneck_200_919_1780391837903_179497,success,,4c69159531ff855455707df51b08a0fd5cbfeb903d8b7d9b84d93e4e1839fb4b,1780391837903,1780391837977,1780391837990,1780391838108,74,13,118,205
200,911,bottleneck_200_911_1780391837866_665762,success,,b31cb0edf9c85c1311ceecf16d37be3d01f7bc5e7a0a3d91b73bc651bafc3536,1780391837866,1780391837941,1780391837951,1780391838108,75,10,157,242
200,913,bottleneck_200_913_1780391837867_646531,success,,a2e3337a4e79da088c8727daef9f46da7bcc217e6f638cf74c55252616b475d8,1780391837867,1780391837940,1780391837950,1780391838108,73,10,158,241
200,917,bottleneck_200_917_1780391837890_548085,success,,9d0e4653ec6a621ae2b08f32d52386fc6588912bb6915589225b339986d17210,1780391837890,1780391837944,1780391837953,1780391838108,54,9,155,218
200,915,bottleneck_200_915_1780391837880_145742,success,,0fcb99331bed40706c6bfd593a821f7c1ae202dc282c1b39c2f56d0e119bd808,1780391837880,1780391837947,1780391837956,1780391838108,67,9,152,228
200,916,bottleneck_200_916_1780391837889_430704,success,,98ce1dbf55aae0bb65302fb89208fca1873c709a1c92a02aa976a69469e669c3,1780391837889,1780391837946,1780391837958,1780391838108,57,12,150,219
200,909,bottleneck_200_909_1780391837864_812133,success,,977bc15d6b63cef3af927940771ae7545959233efee02f1c3e5c0fc0fa1832a0,1780391837864,1780391837943,1780391837957,1780391838108,79,14,151,244
200,914,bottleneck_200_914_1780391837879_126176,success,,2da88625bd410b33bddb12bdd101170a25fab63ecbd7bf0df1886eebfeca3faa,1780391837879,1780391837948,1780391837957,1780391838108,69,9,151,229
200,918,bottleneck_200_918_1780391837901_321554,success,,ea02b469fdf771c11bfd99a202915a02a51e84c960e94cc6f03049a85d0c8e16,1780391837901,1780391837971,1780391837981,1780391838108,70,10,127,207
200,921,bottleneck_200_921_1780391837907_269023,success,,ef6bcb9f4eac1708b50d32112bb89245b5750a82bd6792d2760595ced8000c61,1780391837907,1780391837975,1780391837985,1780391838108,68,10,123,201
200,929,bottleneck_200_929_1780391837949_286534,success,,44cc35fc70ab21f69079ef712011e47cec22156f44dc0092242b0c1e22344a5d,1780391837949,1780391838046,1780391838068,1780391838142,97,22,74,193
200,931,bottleneck_200_931_1780391837959_341592,success,,93826420455a5579582ac75869c8d7140dec53c56aa0dc1228a39744f108eb21,1780391837959,1780391838049,1780391838070,1780391838142,90,21,72,183
200,923,bottleneck_200_923_1780391837917_41332,success,,36caa1119cd5ed961c047ba5db172874cc7cc512af48b1e5786dfd2ca2fae9b3,1780391837917,1780391838034,1780391838052,1780391838148,117,18,96,231
200,926,bottleneck_200_926_1780391837932_478263,success,,915bf1053f190b1bc91833324bfed612344fb6b3ef3c655362ff4bef62881db9,1780391837932,1780391837976,1780391837991,1780391838148,44,15,157,216
200,910,bottleneck_200_910_1780391837865_162577,success,,16b8c54f7fa11bc5e25bc20671883e541d79a957564130250fda784957a81867,1780391837865,1780391837978,1780391837993,1780391838148,113,15,155,283
200,924,bottleneck_200_924_1780391837925_85771,success,,9a3aaf546021420534c5cdbc500614690ab97695ef08ce0e905f67ef47e84065,1780391837925,1780391838036,1780391838056,1780391838151,111,20,95,226
200,925,bottleneck_200_925_1780391837927_79353,success,,50eb257f14c2958055d75f6cf848c8bcd2ddb3d62b9017a147e9ddbddfca2303,1780391837927,1780391838033,1780391838053,1780391838151,106,20,98,224
200,934,bottleneck_200_934_1780391837973_22454,success,,04ce11c974f7150dea2dc4b315a0ce537cf073bbb41f4710d451946db0c55713,1780391837973,1780391838039,1780391838057,1780391838151,66,18,94,178
200,933,bottleneck_200_933_1780391837966_455877,success,,36883ee8f8db49d8448b4f6eac0490b41fcb3b450aac7d73841c71693471e1eb,1780391837966,1780391838042,1780391838058,1780391838151,76,16,93,185
200,932,bottleneck_200_932_1780391837962_320068,success,,f9d65210422cbd9ca03e40e6cacd2ef8c2420ab65bb4dcfa20d22c651718e212,1780391837962,1780391838043,1780391838057,1780391838151,81,14,94,189
200,943,bottleneck_200_943_1780391838017_638318,success,,ba2e3b9af4d810dd79fc64aff4cc5b64b91eee2d4c88478bcf4bcb1fc26ac208,1780391838017,1780391838085,1780391838099,1780391838180,68,14,81,163
200,928,bottleneck_200_928_1780391837945_803907,success,,6b54c2fdecf36af6c0f35c627cb5937eee5779bb8cf039356a89bb1bc9122306,1780391837945,1780391838048,1780391838069,1780391838181,103,21,112,236
200,920,bottleneck_200_920_1780391837904_891486,success,,ddca16c7e3457079ff0a269bde3a37861cd7e1e1cc803957b2bb9a77a0411e02,1780391837904,1780391838047,1780391838071,1780391838182,143,24,111,278
200,927,bottleneck_200_927_1780391837937_23749,success,,aed6b85bc35de7f970bc063af96b299f16c647acff9d7bc7699c7a6f91beb701,1780391837937,1780391838050,1780391838074,1780391838182,113,24,108,245
200,930,bottleneck_200_930_1780391837954_418125,success,,9340230d9d7199e49bf35f923663771d700e15e479177232b5a17874938522f4,1780391837954,1780391838050,1780391838073,1780391838182,96,23,109,228
200,922,bottleneck_200_922_1780391837916_893640,success,,7b06676c22b45595b4b5acf0f0b38940ab42525d1eb25e3319e25a6f44fb3870,1780391837916,1780391838051,1780391838075,1780391838182,135,24,107,266
200,935,bottleneck_200_935_1780391837979_155991,success,,b96a47d0a971f03154f4c7842d02734058c8ca6325e8c702b705427d42f2defc,1780391837979,1780391838077,1780391838095,1780391838186,98,18,91,207
200,941,bottleneck_200_941_1780391838006_526236,success,,16ca7551f1b31d2d6dd649268343130310c5a141f850f76a38b02a10d165cf38,1780391838006,1780391838083,1780391838098,1780391838186,77,15,88,180
200,942,bottleneck_200_942_1780391838012_181908,success,,b994948123e80d4d220c6e942a1f33be57ce035c0e29468ef5988a6bd4f40861,1780391838012,1780391838080,1780391838095,1780391838186,68,15,91,174
200,936,bottleneck_200_936_1780391837983_226134,success,,2ae36b6eaa91752ddcb48a4e04cc174e19fe4e43f31c1b0a70a6eb8eaef4d220,1780391837983,1780391838089,1780391838098,1780391838186,106,9,88,203
200,949,bottleneck_200_949_1780391838053_479378,success,,3e5c34fb89df398fe2993cb09457c4ddce02d027c25714ee0b80da0b99d9961e,1780391838053,1780391838129,1780391838150,1780391838205,76,21,55,152
200,939,bottleneck_200_939_1780391837998_780453,success,,54a4e4818ed285c34bea4199cbbf5aa192b7fb9594a2d8357d86b96ec30c2c99,1780391837998,1780391838091,1780391838105,1780391838205,93,14,100,207
200,937,bottleneck_200_937_1780391837987_480889,success,,7fdf541f978aefabb8dbc9d9f5dee9d04568fc4031b4d35bc7f225db5ac0c40c,1780391837987,1780391838092,1780391838106,1780391838205,105,14,99,218
200,940,bottleneck_200_940_1780391838002_47281,success,,c9611a5c7f1a1c8d6db0ac3eccda0aa0911a2d39a27fbc3a9c0225855518186a,1780391838002,1780391838092,1780391838107,1780391838206,90,15,99,204
200,946,bottleneck_200_946_1780391838031_110422,success,,0ec1d300c9fe5e3cbea718669c80d791383ede1c99fbb0b8347e66839871bb5b,1780391838031,1780391838096,1780391838110,1780391838206,65,14,96,175
200,944,bottleneck_200_944_1780391838023_927839,success,,03cf2294ec345bebbeb66d9f1cdded3359f700e07e92dddb4ec15ab0f76e4074,1780391838023,1780391838097,1780391838109,1780391838206,74,12,97,183
200,945,bottleneck_200_945_1780391838027_398936,success,,09fd948ca49bbffdf504224bc39bd4312dcf17c4153e234a9f403105e4eeaac8,1780391838027,1780391838114,1780391838125,1780391838206,87,11,81,179
200,954,bottleneck_200_954_1780391838072_566389,success,,5889b779669680c6f538a42d370c2f9718310f38637c0339034a27491a79ed3e,1780391838072,1780391838126,1780391838144,1780391838206,54,18,62,134
200,950,bottleneck_200_950_1780391838054_37759,success,,d01f47cd6d11a0d87bce75c4c513d5f18c41ebeefd036f46b6debff2e000ee45,1780391838054,1780391838128,1780391838142,1780391838206,74,14,64,152
200,938,bottleneck_200_938_1780391837992_768997,success,,f4980bc880abcd4007b623216c70eb612686a875a2f107251ca9ddb073662043,1780391837992,1780391838090,1780391838100,1780391838206,98,10,106,214
200,955,bottleneck_200_955_1780391838081_919609,success,,5b2a8613592329320830099add04336c39cdbea149273c18436633a084f8db69,1780391838081,1780391838149,1780391838179,1780391838220,68,30,41,139
200,953,bottleneck_200_953_1780391838067_419779,success,,69ae75787bf2eaf4a52dfdbcfc11400000a38f83da6df4a29045f6b279cc55f8,1780391838067,1780391838130,1780391838160,1780391838220,63,30,60,153
200,957,bottleneck_200_957_1780391838093_989940,success,,d38c0e3567127dd1c6b164bfc5d575e830af2b52f6fc23cf3d2b54915f2e8b8c,1780391838093,1780391838140,1780391838168,1780391838220,47,28,52,127
200,947,bottleneck_200_947_1780391838038_474769,success,,b3bad1cc48426e62926cb8276e4dcab8d78d39c01938a80f5a1cd277326a3702,1780391838038,1780391838138,1780391838165,1780391838220,100,27,55,182
200,951,bottleneck_200_951_1780391838059_436317,success,,a0833ddf0f665d98c8d71b92fdfbeef1f971222086fb04f2140ada5165f4d67b,1780391838059,1780391838136,1780391838166,1780391838220,77,30,54,161
200,948,bottleneck_200_948_1780391838044_439236,success,,aee6f3ed2bbec7b9d85aadf3f278a26bc4ae56c832bafc115bd77eab7ed8ad13,1780391838044,1780391838135,1780391838167,1780391838220,91,32,53,176
200,958,bottleneck_200_958_1780391838094_935322,success,,edea9d2b3d44e7128d6bf7598d7207640be73a7c39f449a6f7a4b8fb6a3d2f73,1780391838094,1780391838146,1780391838169,1780391838220,52,23,51,126
200,956,bottleneck_200_956_1780391838081_531399,success,,8c5277297901f3fdddbc2aba9bcafd5fb8a46a36cb4e7a6801e44945e739035a,1780391838081,1780391838144,1780391838170,1780391838220,63,26,50,139
200,959,bottleneck_200_959_1780391838101_595876,success,,430bbc40f20b8f4232969a9c7f75b8fe6f53c534ea523359d53a832be9bf672d,1780391838101,1780391838151,1780391838180,1780391838220,50,29,40,119
200,952,bottleneck_200_952_1780391838062_922099,success,,62e5645e7ea7858739c1e2049c92a7704564e76a22212acb8c255a72c9705b02,1780391838062,1780391838132,1780391838164,1780391838220,70,32,56,158
200,969,bottleneck_200_969_1780391838154_788998,success,,3149fccd396d8eff4e31aeb47fc9fab9a867ad40dcda8af111bf71e9becee9ee,1780391838154,1780391838199,1780391838214,1780391838248,45,15,34,94
200,960,bottleneck_200_960_1780391838103_597061,success,,4eb66adda58296d3872a0ce247dd5e3e60786844b6152310b644c1a41f9b288e,1780391838103,1780391838158,1780391838189,1780391838248,55,31,59,145
200,961,bottleneck_200_961_1780391838108_592014,success,,ac716aa03a381bc5996f5dfaeeb9194ee1d55b0aa10a7dd9a194dae78df8d496,1780391838108,1780391838159,1780391838190,1780391838248,51,31,58,140
200,964,bottleneck_200_964_1780391838123_846039,success,,201f1defcdda44bf8a15a444a37d1ed5c7516f97483bfebb50f40079192a1d8e,1780391838123,1780391838186,1780391838206,1780391838248,63,20,42,125
200,962,bottleneck_200_962_1780391838112_695379,success,,997b6478f3fc946022cfa9911b442d9aade19763a9062fec65e17bcf44e79876,1780391838112,1780391838191,1780391838210,1780391838248,79,19,38,136
200,965,bottleneck_200_965_1780391838133_896804,success,,918547e07baf8b91f2bbbceddf90f0065df9cbf44372366d1c6937761c8f0bf1,1780391838133,1780391838192,1780391838211,1780391838248,59,19,37,115
200,963,bottleneck_200_963_1780391838117_420607,success,,2d08edf6936021675c7e1cc5bd3c3e5d0ca61271761203f4fce5f7ad58db4600,1780391838117,1780391838188,1780391838211,1780391838248,71,23,37,131
200,967,bottleneck_200_967_1780391838140_587490,success,,a23c309d88a002769f182fe54f889c97baa7aa13074a60b988e4dd9e368c4d0a,1780391838140,1780391838195,1780391838208,1780391838248,55,13,40,108
200,966,bottleneck_200_966_1780391838134_737795,success,,ec3c16a67fcfc25c0e958f5878dadc60fda70dc58ef871bb55246d9f0df88e48,1780391838134,1780391838190,1780391838212,1780391838248,56,22,36,114
200,971,bottleneck_200_971_1780391838157_272332,success,,eb94b58923f20b917c2dd50b2476483e33b9549b3823a8503fc594f0331b1c11,1780391838157,1780391838197,1780391838215,1780391838248,40,18,33,91
200,973,bottleneck_200_973_1780391838174_146808,success,,e6cd2cbdfbcf70f87c609fd4b1180db10b855dd366baac6f07726b33fd79dfd8,1780391838174,1780391838251,1780391838266,1780391838297,77,15,31,123
200,970,bottleneck_200_970_1780391838155_221984,success,,e397c4c61ae01915ede35ed4cb46b5eb025826c576698acfa6c0e4ff098de982,1780391838155,1780391838198,1780391838216,1780391838297,43,18,81,142
200,974,bottleneck_200_974_1780391838175_984200,success,,6be0930a355afa62f4efb44d9ab4d9497e9f22c8bb88f001150e4e52933227f6,1780391838175,1780391838249,1780391838263,1780391838297,74,14,34,122
200,978,bottleneck_200_978_1780391838194_602087,success,,136724fdd216efce8ae96fc4b9ddcc854e6641e822e8374195e5ba0554fccb3e,1780391838194,1780391838240,1780391838245,1780391838297,46,5,52,103
200,982,bottleneck_200_982_1780391838213_853032,success,,e98a27f9371d69e5cbbc224113dff3299c04fe93cbf19487e66404556437c780,1780391838213,1780391838248,1780391838264,1780391838297,35,16,33,84
200,976,bottleneck_200_976_1780391838193_291798,success,,beb2b484f918da0a14ea85f306b474962ce77cb02bac11f9e10cd10a88bd31c9,1780391838193,1780391838249,1780391838263,1780391838297,56,14,34,104
200,975,bottleneck_200_975_1780391838176_525401,success,,bdc11d5fba3bde46d8e1f7f503f4b95cf12e31c1abb2f99318d38158b98608e1,1780391838176,1780391838250,1780391838265,1780391838297,74,15,32,121
200,968,bottleneck_200_968_1780391838141_902046,success,,1c112ecf021628bb44564bd315cdad20a0aa384324ec246a78c72313c0bf22aa,1780391838141,1780391838196,1780391838217,1780391838297,55,21,80,156
200,977,bottleneck_200_977_1780391838194_468180,success,,40092fb4d568c682f760bc08099ce7aa24ddb45a5d381725c1abddb5ad9254e7,1780391838194,1780391838246,1780391838261,1780391838297,52,15,36,103
200,972,bottleneck_200_972_1780391838172_555739,success,,9e09e8b38322b4bd82cffae8fff4535223264325d55022dd7fe34bde4210a5e7,1780391838172,1780391838239,1780391838244,1780391838298,67,5,54,126
200,981,bottleneck_200_981_1780391838207_20245,success,,965a4bd5ab934ef6cc18c58ff992f6d2bb082325664774c9233e0e8ed04f3354,1780391838207,1780391838254,1780391838273,1780391838327,47,19,54,120
200,989,bottleneck_200_989_1780391838247_927888,success,,ebd19390d2b60a08fc679b4034052a4622cbb04fb057e35f6141a61383152c5f,1780391838247,1780391838279,1780391838294,1780391838327,32,15,33,80
200,985,bottleneck_200_985_1780391838227_443940,success,,f9aa6fdf8f316668490bcef73f0320edf3bb763242df8cb93f238832c78a606a,1780391838227,1780391838257,1780391838274,1780391838327,30,17,53,100
200,983,bottleneck_200_983_1780391838217_445160,success,,d3878f4996ced449c885bca982ece4f6c675417a518efa5865d63fe3e3b4b9f6,1780391838217,1780391838260,1780391838272,1780391838327,43,12,55,110
200,984,bottleneck_200_984_1780391838222_80003,success,,223e7bd9240d7f0d541f874ffb9baceb6d1ec357a6e9ed183a790527e215d1dd,1780391838222,1780391838258,1780391838277,1780391838327,36,19,50,105
200,980,bottleneck_200_980_1780391838201_232776,success,,a3f6942362f99849448e8d5ba701f73ba04c70ac15a0be4801e774ac3bba9c35,1780391838201,1780391838256,1780391838275,1780391838327,55,19,52,126
200,988,bottleneck_200_988_1780391838242_20448,success,,c03241eac754715d192ac943b4e60a906026864ffbedf796899685b7963605fd,1780391838242,1780391838275,1780391838288,1780391838328,33,13,40,86
200,987,bottleneck_200_987_1780391838237_36374,success,,0ae63e7794c215655f5eef6d6cd3e506c3f62adb37f93cf0414db55d263352b1,1780391838237,1780391838282,1780391838293,1780391838328,45,11,35,91
200,986,bottleneck_200_986_1780391838232_1708,success,,c1a1df9cf43cd7902ef291374948b827ce8e72933e7095bd39d00b2788805cae,1780391838232,1780391838281,1780391838293,1780391838328,49,12,35,96
200,979,bottleneck_200_979_1780391838200_78863,success,,79d6f72cfc90a5e83b2a50758dce905062fa1c38a650bd1da26aa16ea7321ad1,1780391838200,1780391838253,1780391838271,1780391838329,53,18,58,129
200,994,bottleneck_200_994_1780391838283_455408,success,,d8728bbc98898befc6b4f73c4b44909a5faca60b80f1b577b33afc187ab1ae24,1780391838283,1780391838322,1780391838330,1780391838362,39,8,32,79
200,992,bottleneck_200_992_1780391838267_924174,success,,1d365bfb30198e07af5be5ebd8f90e81495b8aa703eddf0817729c3a97250d00,1780391838267,1780391838308,1780391838316,1780391838363,41,8,47,96
200,997,bottleneck_200_997_1780391838291_25375,success,,5838f13643fa97e905bf53f60d59a0089069a16c797c3fdc60c166566e9e3b86,1780391838291,1780391838319,1780391838327,1780391838364,28,8,37,73
200,995,bottleneck_200_995_1780391838285_504910,success,,f25e1c08e91c1efafc6f9ff7cd0631631790ecae4b79580b8bfc1618fd50b85b,1780391838285,1780391838314,1780391838324,1780391838364,29,10,40,79
200,996,bottleneck_200_996_1780391838285_995114,success,,13d839c6465758906cc7e6387de0ecaf6c5a50b7ec8d1cfd4590108a501f2f5b,1780391838285,1780391838318,1780391838326,1780391838364,33,8,38,79
200,990,bottleneck_200_990_1780391838252_681884,success,,109e2ba5aa92203037dd12f19cca571e729e3356eb38b3ea92a644f33e34afc7,1780391838252,1780391838286,1780391838295,1780391838364,34,9,69,112
200,999,bottleneck_200_999_1780391838297_6482,success,,ef9c3700cd318dd28442dc325280d795fc2131e942ebaffc11eb5caf976069f5,1780391838297,1780391838323,1780391838329,1780391838364,26,6,35,67
200,993,bottleneck_200_993_1780391838268_802857,success,,2af4aef91a997baf2e012f3a45d1850d0e95dd23480eb6f5192bc79734721f41,1780391838268,1780391838289,1780391838296,1780391838364,21,7,68,96
200,991,bottleneck_200_991_1780391838259_839490,success,,bd5d1fd8200e56afba13a0b0366f952e8154c971824d9b42e53ea25bcda0a680,1780391838259,1780391838290,1780391838296,1780391838364,31,6,68,105
200,998,bottleneck_200_998_1780391838292_748275,success,,410d56d377497e8bc7367e251839ac6a8fbb736e5192826f5d5cf88bdd7fe07b,1780391838292,1780391838321,1780391838331,1780391838364,29,10,33,72
200,1009,bottleneck_200_1009_1780391838348_762126,success,,cdfa522f00a14055f3fde9e80ab79b5fde3bd4e6bd6f82527531fd45aa5316cc,1780391838348,1780391838370,1780391838376,1780391838393,22,6,17,45
200,1003,bottleneck_200_1003_1780391838320_255019,success,,dcfdeb5b9905a6fc0e9eb1aaa49ac31d282ecc19bc1f8ccbcf327ca8707c6a16,1780391838320,1780391838346,1780391838353,1780391838393,26,7,40,73
200,1002,bottleneck_200_1002_1780391838312_176617,success,,708c64f92f3851bd825e4b4b9eca7a004fc059734d6a2793db35efa3e16ace7c,1780391838312,1780391838344,1780391838351,1780391838393,32,7,42,81
200,1004,bottleneck_200_1004_1780391838325_150213,success,,c37d740f188bff8fc9ca8710a341d522e6be5a51cd2791cb858ed097940f0b6f,1780391838325,1780391838345,1780391838352,1780391838393,20,7,41,68
200,1000,bottleneck_200_1000_1780391838301_399849,success,,083dea59aca224d4205a72580b9c747eb23626613de37b0596822aec5a93ebf1,1780391838301,1780391838349,1780391838357,1780391838393,48,8,36,92
200,1001,bottleneck_200_1001_1780391838307_701036,success,,722714c518a8ca2618885ec42b52285a93398019bbdcbf1dd4d0d45426bd407b,1780391838307,1780391838348,1780391838356,1780391838393,41,8,37,86
200,1005,bottleneck_200_1005_1780391838328_462210,success,,d0932b71fd77a0bf1b8a9e8e9cfb7122de344c4d121f013787e4fed482636b11,1780391838328,1780391838347,1780391838355,1780391838393,19,8,38,65
200,1007,bottleneck_200_1007_1780391838337_800770,success,,afd74b5298436141e1f28b6a7ecfd081403bd9cee25872c2ca5f3912b30a7569,1780391838337,1780391838361,1780391838364,1780391838395,24,3,31,58
200,1008,bottleneck_200_1008_1780391838342_771721,success,,5bfd1151f371d572f07af9f3e628bf7a792882005a48fdcde95bba5c9ad2e2a5,1780391838342,1780391838362,1780391838364,1780391838395,20,2,31,53
200,1006,bottleneck_200_1006_1780391838331_3578,success,,54a74caded0bd944d9beb415397663b74b60a4cfd4b4a94b50aba635fcc940f5,1780391838331,1780391838350,1780391838357,1780391838395,19,7,38,64
200,1019,bottleneck_200_1019_1780391838397_277283,success,,fec118ad7cbc0e04fbc3eecd9546685f8061519291964054266c73723756de60,1780391838397,1780391838404,1780391838407,1780391838434,7,3,27,37
200,1014,bottleneck_200_1014_1780391838371_939553,success,,53a6b13ec118f4aaeed3010069d2e09067bc36733336c6d1853073055378bc03,1780391838371,1780391838381,1780391838383,1780391838434,10,2,51,63
200,1013,bottleneck_200_1013_1780391838366_560269,success,,417c646f591aa042fdc5c80b99d21d981a98c9a1293dca23fbfc0a975f4eca68,1780391838366,1780391838376,1780391838382,1780391838434,10,6,52,68
200,1015,bottleneck_200_1015_1780391838377_526567,success,,6286c961ae757b2554577f6cc7bbc9c861bfdb39b0d7878a369834bcecf658e0,1780391838377,1780391838389,1780391838391,1780391838434,12,2,43,57
200,1016,bottleneck_200_1016_1780391838382_846280,success,,faefe17e6b5129ddb602197cf13f20ddc7bd68f44c649f269c34fff609aa42c2,1780391838382,1780391838399,1780391838402,1780391838435,17,3,33,53
200,1017,bottleneck_200_1017_1780391838388_972134,success,,7d31a4fe9536e52f357e6703ef0fa5d4b51e9f0de43113e8a7f251911b87accc,1780391838388,1780391838400,1780391838403,1780391838435,12,3,32,47
200,1018,bottleneck_200_1018_1780391838392_518126,success,,c438f6367dda4a09ac18e7a49c712f60df5164104814449046288f2b60e9f4df,1780391838392,1780391838401,1780391838405,1780391838435,9,4,30,43
200,1012,bottleneck_200_1012_1780391838363_448077,success,,ea912529faa9b3a604794cc6a5157994b7354f0c1f77beeb2021ffa53fd6d5e6,1780391838363,1780391838373,1780391838379,1780391838435,10,6,56,72
200,1011,bottleneck_200_1011_1780391838358_164372,success,,82b45316ca689574a47ef4ae247e58739b9df41d0567c20402059fb94058bbc9,1780391838358,1780391838373,1780391838378,1780391838435,15,5,57,77
200,1010,bottleneck_200_1010_1780391838354_204470,success,,07dbce0b1b91a65c9dcc7f7389d92a648e0d3b7837a468e80c26dce4e90db481,1780391838354,1780391838375,1780391838380,1780391838435,21,5,55,81
200,1029,bottleneck_200_1029_1780391838447_951676,success,,3d3d78db8bafaf774e3f8716a893d7ed93a28d62a543acfc542672f49d8bf09f,1780391838447,1780391838455,1780391838458,1780391838492,8,3,34,45
200,1022,bottleneck_200_1022_1780391838412_752693,success,,c7c112b6b230fd50b136480c59281ba7864998410ca12de93ee1f66aa73787e1,1780391838412,1780391838432,1780391838435,1780391838492,20,3,57,80
200,1023,bottleneck_200_1023_1780391838418_854454,success,,c3a133ec0f2ce55c699af93eaeccb86ef572b1e5541b2fbaed9ff028d1dcabec,1780391838418,1780391838434,1780391838436,1780391838492,16,2,56,74
200,1026,bottleneck_200_1026_1780391838433_492701,success,,81c094e8d86da8a6c6dfabe0b3b09b1fc5127a1f945f1d73468b7b23b3123688,1780391838433,1780391838442,1780391838446,1780391838492,9,4,46,59
200,1025,bottleneck_200_1025_1780391838427_572499,success,,4faa11af546528e8145ea189137c245d0dc793cb2a455b8718650d35646c9b31,1780391838427,1780391838444,1780391838449,1780391838492,17,5,43,65
200,1024,bottleneck_200_1024_1780391838422_220810,success,,c271980b7f2bc243d8a9f53c70312f68c91172cd4cf608ad4cc028a307e58cab,1780391838422,1780391838445,1780391838448,1780391838492,23,3,44,70
200,1027,bottleneck_200_1027_1780391838437_852546,success,,de26646e6752f9ce93d4817f80c0aaba8a0535dd511f6689e2326ec1067ffbfe,1780391838437,1780391838447,1780391838450,1780391838492,10,3,42,55
200,1028,bottleneck_200_1028_1780391838443_344870,success,,9ac597cbf3ea0f20e79691f46526ffa8c35652ea682ba9266709989107f514e6,1780391838443,1780391838452,1780391838454,1780391838492,9,2,38,49
200,1020,bottleneck_200_1020_1780391838402_654574,success,,16954c29606b2844ccc08736e598e95d25dfb9e94e27ee03a84276614fa2d95e,1780391838402,1780391838409,1780391838414,1780391838494,7,5,80,92
200,1021,bottleneck_200_1021_1780391838408_148296,success,,7b49c20c1f5fd210e6235c2d620731125dad04a311c5936c6d30817e10dcb7d1,1780391838408,1780391838424,1780391838429,1780391838494,16,5,65,86
200,1038,bottleneck_200_1038_1780391838492_941898,success,,93637bbff3813b49e61f4fc74f5b59e167239f3fb1a4e9c896d1f5bf9597062b,1780391838492,1780391838514,1780391838522,1780391838550,22,8,28,58
200,1034,bottleneck_200_1034_1780391838472_665353,success,,38fc76ecf1da14172032c9edc3c97c7cc612aee02cc7719f83256b3b9a4a8b2a,1780391838472,1780391838487,1780391838496,1780391838556,15,9,60,84
200,1030,bottleneck_200_1030_1780391838452_489155,success,,0e4a85f52285306df39b22fbb91dfcc1c5246ff1a7de3cbbbfbd9f55419993e5,1780391838452,1780391838459,1780391838461,1780391838556,7,2,95,104
200,1037,bottleneck_200_1037_1780391838488_63399,success,,1e4ee5a6053c82e90d2b9b55952c73a3ded78e26b9316caa4284930e9d6e9082,1780391838488,1780391838510,1780391838518,1780391838556,22,8,38,68
200,1033,bottleneck_200_1033_1780391838467_703762,success,,32bfe96db8839dee2e74b0f1e57ebb93fec992c31f58058dc80df6f7d393277e,1780391838467,1780391838499,1780391838507,1780391838556,32,8,49,89
200,1035,bottleneck_200_1035_1780391838477_287488,success,,64103c6400272327ed920d22f4cf3b9e135b21baca3d00c5aece84b96d839c29,1780391838477,1780391838511,1780391838516,1780391838556,34,5,40,79
200,1031,bottleneck_200_1031_1780391838457_506409,success,,d6b96cb33c46aead45d90b8fedb0cf1533eec93e1ef3a313ce88f8a4fe5fcb5f,1780391838457,1780391838464,1780391838469,1780391838556,7,5,87,99
200,1039,bottleneck_200_1039_1780391838497_2521,success,,a9806dcad4ddbcb955bbaf49140078619898735fa5f2c21388b10c1854aedff4,1780391838497,1780391838514,1780391838521,1780391838556,17,7,35,59
200,1032,bottleneck_200_1032_1780391838462_786234,success,,f003c195fefe4b9dcfaa8506576c4789964ecb12466bdbddb1112bf67a31a6d3,1780391838462,1780391838473,1780391838476,1780391838556,11,3,80,94
200,1036,bottleneck_200_1036_1780391838482_177637,success,,7825482bc63efca3ac0a73dc96f8f418d22d3093fe711d59089b9f35174ec9d1,1780391838482,1780391838508,1780391838513,1780391838556,26,5,43,74
200,1043,bottleneck_200_1043_1780391838519_844769,success,,92dc160c5336eda779ec031b53a53a1870bd6b3f464ce99063e9dd6fa656db37,1780391838519,1780391838535,1780391838539,1780391838589,16,4,50,70
200,1049,bottleneck_200_1049_1780391838547_689213,success,,d59c8cf0870bae07b32226baec9bafcd8cb99b5bcdcfba79adecbb9ae9519060,1780391838547,1780391838560,1780391838565,1780391838589,13,5,24,42
200,1044,bottleneck_200_1044_1780391838523_349762,success,,88770ef2388ac290202f7af8c199782274e9b76270052f7db6aa6069fe753a78,1780391838523,1780391838546,1780391838553,1780391838589,23,7,36,66
200,1045,bottleneck_200_1045_1780391838527_139606,success,,4b9b25de79eebb1da47d8222adbd0d93779237944248ca7778925471903f6d7c,1780391838527,1780391838548,1780391838555,1780391838589,21,7,34,62
200,1047,bottleneck_200_1047_1780391838537_398416,success,,e42ccd654d9b3d6f6e39d03d6aea23b6696cc5a96c0c785a9085348f74190059,1780391838537,1780391838561,1780391838567,1780391838589,24,6,22,52
200,1041,bottleneck_200_1041_1780391838509_87069,success,,d1fe760cf19569374073a35f6503507ad1887d5b3f91432993490e3ce8565162,1780391838509,1780391838519,1780391838524,1780391838589,10,5,65,80
200,1042,bottleneck_200_1042_1780391838512_99532,success,,44deff85d33d6ce728f230a6535c7e75e19a2e34730fa7e781dc6162b5b24f86,1780391838512,1780391838520,1780391838534,1780391838589,8,14,55,77
200,1050,bottleneck_200_1050_1780391838552_976337,success,,ced5a69c093066b406ea0550caf84d04875e5e2c9aff54c1153f9951c9693ae2,1780391838552,1780391838561,1780391838568,1780391838589,9,7,21,37
200,1040,bottleneck_200_1040_1780391838503_775120,success,,631447d61aee8670c8b82263e97ea34e81e1ad84496311eb3bb1f2575cb2a82d,1780391838503,1780391838515,1780391838523,1780391838589,12,8,66,86
200,1048,bottleneck_200_1048_1780391838542_173085,success,,0a11e0bf12fd9549609026091ead9059f4adbc1f05b917b9f1a35dbe18b88a86,1780391838542,1780391838562,1780391838569,1780391838589,20,7,20,47
200,1051,bottleneck_200_1051_1780391838557_357899,success,,ba364dfbd150cf1866c57efa0f4e57ccf8adaf9b3f0288f71d52eee90a5dabc7,1780391838557,1780391838566,1780391838572,1780391838629,9,6,57,72
200,1059,bottleneck_200_1059_1780391838596_584501,success,,3bea4ef0da2c35ac73861f055cb8aa2a63155d961a5706c00401916452996194,1780391838596,1780391838606,1780391838609,1780391838629,10,3,20,33
200,1046,bottleneck_200_1046_1780391838533_379529,success,,a4790bc65b6f26139d0cde5d927a4a5054515e8115fe38735fb66fee6f526241,1780391838533,1780391838564,1780391838570,1780391838629,31,6,59,96
200,1052,bottleneck_200_1052_1780391838563_316589,success,,c221c6896fa0af4d90814fa9d2b012191c714a77c1c0d254d8a2fedc96a5933d,1780391838563,1780391838571,1780391838578,1780391838629,8,7,51,66
200,1055,bottleneck_200_1055_1780391838577_693310,success,,140a116ddb1ba6e51ad71b3f1b9046538e0cccda1a31eb01a7c7864287521e41,1780391838577,1780391838600,1780391838603,1780391838629,23,3,26,52
200,1056,bottleneck_200_1056_1780391838582_925528,success,,da53b98fc60b59250c5aaaac323e23564d615a6ab62495cb64b683a1aa41b1fc,1780391838582,1780391838599,1780391838604,1780391838629,17,5,25,47
200,1053,bottleneck_200_1053_1780391838568_26783,success,,377a7e836e817be7b02e53239822723e2f5afab8593951f897b365f01305f20d,1780391838568,1780391838583,1780391838586,1780391838629,15,3,43,61
200,1054,bottleneck_200_1054_1780391838572_971714,success,,8eda99eb8f6c19a9094ead687bedea2e8e78c37a24089cfea7c2200855fcad0a,1780391838572,1780391838584,1780391838587,1780391838629,12,3,42,57
200,1058,bottleneck_200_1058_1780391838591_950169,success,,98bcf6954569b9e136d8d221ee242c1ba2b82ebe01003ab6d338dfa4585ec5f7,1780391838591,1780391838600,1780391838603,1780391838629,9,3,26,38
200,1057,bottleneck_200_1057_1780391838586_880807,success,,888a6a5fdd8b9bfe65460cea9e3f37df82bb8d12d73295587fb7d07eee3068fa,1780391838586,1780391838598,1780391838605,1780391838629,12,7,24,43
200,1060,bottleneck_200_1060_1780391838602_665409,success,,75ed3bccc2138b0c4a0d054b993070eae03fbfb8a73e01a779ceb208f928fdc2,1780391838602,1780391838608,1780391838610,1780391838672,6,2,62,70
200,1069,bottleneck_200_1069_1780391838646_832610,success,,e25c51749df80271c41705a173fe9fe310b9ffa2e4e312814b1b5a23fe8a9745,1780391838646,1780391838651,1780391838653,1780391838672,5,2,19,26
200,1061,bottleneck_200_1061_1780391838608_681220,success,,03234f257cf85dd23b61e82bcdcc5aa61ff795a4cb5db0b56068293eacab269a,1780391838608,1780391838614,1780391838619,1780391838672,6,5,53,64
200,1068,bottleneck_200_1068_1780391838642_991883,success,,e4498a1bf02f57ff08c5880531535c1d4dc937ae38527a60e61dcdca34c0bbbf,1780391838642,1780391838647,1780391838649,1780391838673,5,2,24,31
200,1065,bottleneck_200_1065_1780391838626_803658,success,,6b3c05204458b3286a368efc9053d7951552b729e4c6998204e5db8d573f2bb2,1780391838626,1780391838639,1780391838642,1780391838673,13,3,31,47
200,1062,bottleneck_200_1062_1780391838612_277309,success,,215bef115db8f3ab0e3b0f6c1ae1b5d4f2288065e087f35172395cda972e1b4e,1780391838612,1780391838628,1780391838630,1780391838673,16,2,43,61
200,1064,bottleneck_200_1064_1780391838621_192615,success,,2148f66734dfe7ed3f1525b6ae6005670ea787c1b6ee994b87039614c45734e4,1780391838621,1780391838640,1780391838643,1780391838673,19,3,30,52
200,1063,bottleneck_200_1063_1780391838617_832211,success,,894eab52d7818e55ca03f3a39d1ad325b982a98a01f8973ebad89f1ef764aa7a,1780391838617,1780391838629,1780391838631,1780391838673,12,2,42,56
200,1066,bottleneck_200_1066_1780391838632_295983,success,,29257bc62acffa7e4f5c799d07b66d6887b89c47f607e251ed9fa32dae3b54b3,1780391838632,1780391838639,1780391838641,1780391838673,7,2,32,41
200,1067,bottleneck_200_1067_1780391838637_600809,success,,fb2a199dccd268b154e3de0dc9cbf956229e2637d12dbe1bd5b94c3afa1e1dad,1780391838637,1780391838644,1780391838645,1780391838673,7,1,28,36
200,1079,bottleneck_200_1079_1780391838697_620163,success,,5a7219674dc394d3dcd39c46de412643575ada0dfe1a3a07f793505328284b15,1780391838697,1780391838703,1780391838706,1780391838727,6,3,21,30
200,1070,bottleneck_200_1070_1780391838652_276927,success,,8d2cb770d6763de53109b0cc101d227f6b872a492d3270818daac56056257313,1780391838652,1780391838658,1780391838663,1780391838727,6,5,64,75
200,1071,bottleneck_200_1071_1780391838657_227091,success,,5f7140b56b9e13caa5733dfb27a907f763ddbc09ff366361c3d2222de757eb33,1780391838657,1780391838674,1780391838678,1780391838727,17,4,49,70
200,1073,bottleneck_200_1073_1780391838668_997535,success,,ef655eed02171565d464fbeab791cb7ff9c76c8016ca64cf70384235ae567455,1780391838668,1780391838676,1780391838679,1780391838727,8,3,48,59
200,1072,bottleneck_200_1072_1780391838662_687136,success,,f8d220d1a03ffac68e09bc7da7d7dec6dd8333f7788e5c534662b151c7e3ec68,1780391838662,1780391838677,1780391838680,1780391838727,15,3,47,65
200,1074,bottleneck_200_1074_1780391838673_941369,success,,3b3bbfb0759662a04410e99bd86d2d993ce93efc5573ec52aa0da7b5429811b7,1780391838673,1780391838681,1780391838684,1780391838727,8,3,43,54
200,1075,bottleneck_200_1075_1780391838676_579082,success,,5d5632d74ccb3fcd50c51bc8ea7e46fe8e1bdc52587c0f54267650da07da90ec,1780391838676,1780391838682,1780391838685,1780391838727,6,3,42,51
200,1076,bottleneck_200_1076_1780391838683_506335,success,,23172ec23c41cc4550776352d8a4e274dd5e6efe21440fe70c567b9934f88007,1780391838683,1780391838688,1780391838690,1780391838727,5,2,37,44
200,1077,bottleneck_200_1077_1780391838687_211721,success,,6709ade698a8febcac45e62b8a814b8d6889e94ba2458417f3d93627ecd21ee3,1780391838687,1780391838692,1780391838693,1780391838727,5,1,34,40
200,1078,bottleneck_200_1078_1780391838693_509082,success,,b260dcdb6801ab523cd373749c04cce0d890185c0db3bc39ff255aa81787ae80,1780391838693,1780391838698,1780391838700,1780391838727,5,2,27,34
200,1084,bottleneck_200_1084_1780391838722_26885,success,,9dbffb86101352134121232e9fc20bc42ee549548b6849054bcb09d95b131ef0,1780391838722,1780391838732,1780391838735,1780391838778,10,3,43,56
200,1080,bottleneck_200_1080_1780391838702_99333,success,,c0ad04aab37226985715637207ca3cfaac46f15f622d1eed78e2dac12acb945e,1780391838702,1780391838708,1780391838713,1780391838778,6,5,65,76
200,1082,bottleneck_200_1082_1780391838712_891934,success,,d332cde88461bad9618c25b622766a9815dcb000504ee9e18a6a3cf8bdbdb410,1780391838712,1780391838725,1780391838728,1780391838778,13,3,50,66
200,1081,bottleneck_200_1081_1780391838707_308966,success,,255cdc6268bb4251497af738ee75fdeb2372744afe883ddf6a7a08a98596356c,1780391838707,1780391838726,1780391838729,1780391838778,19,3,49,71
200,1083,bottleneck_200_1083_1780391838717_707358,success,,be9e09a2ce0126b8c315061274225df72504190606be68fbde54024ca1e670c7,1780391838717,1780391838731,1780391838734,1780391838778,14,3,44,61
200,1086,bottleneck_200_1086_1780391838733_500732,success,,5ecba21da13be2eb9e86b7f5c57be831695de03f610abcf512cdb778fe63833a,1780391838733,1780391838738,1780391838740,1780391838778,5,2,38,45
200,1085,bottleneck_200_1085_1780391838727_249845,success,,e6ff03f5be646a7ef8885ae12b057737ba28abc28037c67df4e31f2ee8ec4c6d,1780391838727,1780391838734,1780391838736,1780391838778,7,2,42,51
200,1087,bottleneck_200_1087_1780391838737_44702,success,,a1b89169ca3832a7adf0badb0d0222ad1130aad0de982df751fbdab06a7d9657,1780391838737,1780391838743,1780391838744,1780391838778,6,1,34,41
200,1088,bottleneck_200_1088_1780391838742_749566,success,,a514196b229ac02c7354dea649bbcac1667d4157474324d4c94909cc99b4fc30,1780391838742,1780391838747,1780391838748,1780391838779,5,1,31,37
200,1089,bottleneck_200_1089_1780391838747_84546,success,,b4389edd930aec17119257a68b5f225744954145c6ba54bd1898705515d8f896,1780391838747,1780391838753,1780391838756,1780391838779,6,3,23,32
200,1099,bottleneck_200_1099_1780391838797_877096,success,,ffde877830eacd9e6d39782ef69f33b17729d1cb512164edc0a148d38aa98cbd,1780391838797,1780391838803,1780391838806,1780391838825,6,3,19,28
200,1093,bottleneck_200_1093_1780391838767_426123,success,,f57726d0888526bd46e3d080ba54a3d52cfa7ba52c5e56259702b91e4f79f015,1780391838767,1780391838790,1780391838794,1780391838825,23,4,31,58
200,1090,bottleneck_200_1090_1780391838752_858680,success,,0a4b58ea0e13abc39153f70d955961bdd050177e90cbddf9187a4ffe641f87b8,1780391838752,1780391838759,1780391838762,1780391838826,7,3,64,74
200,1091,bottleneck_200_1091_1780391838757_538260,success,,2389d05a9b12a7a689ff6b135a611a3d7ddf1b70b170d67ab8ed693103280608,1780391838757,1780391838774,1780391838776,1780391838826,17,2,50,69
200,1096,bottleneck_200_1096_1780391838783_754852,success,,d032221d0124863316b54320f10997e7891550a921cf98849e13c9f90bd72fec,1780391838783,1780391838792,1780391838798,1780391838826,9,6,28,43
200,1094,bottleneck_200_1094_1780391838771_770247,success,,2043f483dd26da4aee00c8f3a51a3560e761a0449ac9dbe12a2d56c7ba61fd89,1780391838771,1780391838791,1780391838795,1780391838826,20,4,31,55
200,1092,bottleneck_200_1092_1780391838763_295231,success,,cef9e9c9eabb0b487df6203671112c2610e4d730eeee8b5197b8531f21069a43,1780391838763,1780391838775,1780391838779,1780391838826,12,4,47,63
200,1095,bottleneck_200_1095_1780391838777_267658,success,,0db671a3fef84b9b36de56967f1cdbde4314add300121eb1b62544097c2d887a,1780391838777,1780391838791,1780391838796,1780391838826,14,5,30,49
200,1097,bottleneck_200_1097_1780391838788_501593,success,,68b8f9ef37448f8b4c4d752500da97333e8efb3eeef78f94f4b14493703160d0,1780391838788,1780391838795,1780391838799,1780391838826,7,4,27,38
200,1098,bottleneck_200_1098_1780391838793_102603,success,,a99eac0cb6912cb3d23f4d64884588dfa66fa7eac6bbbf79a00792edab762fff,1780391838793,1780391838800,1780391838802,1780391838826,7,2,24,33
200,1108,bottleneck_200_1108_1780391838841_922583,success,,31ed23529b42451a0569bf7f6712669139bf08d0d63b075d10788bc887d8bfdd,1780391838841,1780391838845,1780391838847,1780391838870,4,2,23,29
200,1109,bottleneck_200_1109_1780391838847_426443,success,,2a53fb6b9b308dce7cef8e9dfd836a3f792d6dc79a3628101e86623d449f06db,1780391838847,1780391838851,1780391838853,1780391838870,4,2,17,23
200,1103,bottleneck_200_1103_1780391838818_150892,success,,d6d92d66cde671229fb1482277be7068698f6330989b336fa8673ee706dccde9,1780391838818,1780391838831,1780391838834,1780391838870,13,3,36,52
200,1106,bottleneck_200_1106_1780391838832_96165,success,,85312f0ef71a72a340f4b19727cc902a7b12c8ff29731b22864c8f67ff42d8f4,1780391838832,1780391838837,1780391838839,1780391838870,5,2,31,38
200,1100,bottleneck_200_1100_1780391838802_593498,success,,9c05f3c71498da83f577106d28631b885817922ec96a773c8762a786597b7b74,1780391838802,1780391838808,1780391838814,1780391838870,6,6,56,68
200,1105,bottleneck_200_1105_1780391838826_18244,success,,8984ba05e6d225a75148285b83e456e2fe4e94b35b971448de015014be89f979,1780391838826,1780391838831,1780391838834,1780391838870,5,3,36,44
200,1107,bottleneck_200_1107_1780391838838_798551,success,,a722e14de5ef18581ac38817f7a57ff70eddc605f192248ba669e75330fbe6ea,1780391838838,1780391838842,1780391838844,1780391838870,4,2,26,32
200,1101,bottleneck_200_1101_1780391838807_209431,success,,07d7d6d55d7968d334fb50afb3fbb0f9d816bfb9e0f1496123bb8633781a7150,1780391838807,1780391838815,1780391838817,1780391838870,8,2,53,63
200,1104,bottleneck_200_1104_1780391838823_265873,success,,6e08d7c261f7b45f57260844ee99b0d8d4c965dc898558f52857605c120b71e8,1780391838823,1780391838830,1780391838833,1780391838870,7,3,37,47
200,1102,bottleneck_200_1102_1780391838812_745744,success,,4839dbe327f57bb64844dda7ebcd43f3a0f1a1afd8bc48bfa68caf672c4fbe11,1780391838812,1780391838825,1780391838827,1780391838870,13,2,43,58
200,1119,bottleneck_200_1119_1780391838898_95113,success,,017079a4fc87fb8a95b9216140f7c2a282342403f9cc309e6204fd334047eae6,1780391838898,1780391838902,1780391838905,1780391838919,4,3,14,21
200,1110,bottleneck_200_1110_1780391838852_610617,success,,aef89f94f859931c65d0baf8f0cb356868d389d3f97ba04a02608288224e9c54,1780391838852,1780391838858,1780391838860,1780391838919,6,2,59,67
200,1111,bottleneck_200_1111_1780391838857_662543,success,,0c221a3300092a6e5e53254e52524591742f25284bee15397f3d5b13bdec7841,1780391838857,1780391838864,1780391838866,1780391838919,7,2,53,62
200,1113,bottleneck_200_1113_1780391838866_177410,success,,6d220cda3ace86ac8e84643dba487eb6a5a76e620383731530d073c33733d1d3,1780391838866,1780391838875,1780391838879,1780391838919,9,4,40,53
200,1115,bottleneck_200_1115_1780391838876_836579,success,,6a49bf1f241dad2203abf23841f9b4ad5351ec98568d1de1d7089acc2af5e470,1780391838876,1780391838883,1780391838886,1780391838919,7,3,33,43
200,1118,bottleneck_200_1118_1780391838892_773513,success,,0d422cfa3435c8707aebde70794e025c0d64b43e76e73ea9299d7fc7506a3482,1780391838892,1780391838897,1780391838899,1780391838919,5,2,20,27
200,1112,bottleneck_200_1112_1780391838862_548919,success,,c8f2087c5854d48e56d11b7f52f20606a2547c6bb4c8bd23d4a46d1c9477f625,1780391838862,1780391838877,1780391838879,1780391838919,15,2,40,57
200,1114,bottleneck_200_1114_1780391838872_594855,success,,0153c08bf9aa26d5dbe984f3d69d32950ba1a5dee7edf58f59addc3a07116488,1780391838872,1780391838878,1780391838880,1780391838919,6,2,39,47
200,1116,bottleneck_200_1116_1780391838882_654573,success,,f5520c0a30e3b1862ed7bb7ec2dd5353df160c222a41d5efe8cf5f143a3e41a5,1780391838882,1780391838888,1780391838890,1780391838919,6,2,29,37
200,1117,bottleneck_200_1117_1780391838887_496721,success,,b963f715ae33d3495f110fd738dde6dbb9cc9b775495f6e94df9df3c62c30de8,1780391838887,1780391838891,1780391838893,1780391838919,4,2,26,32
200,1129,bottleneck_200_1129_1780391838947_919822,success,,fd6ce7b81feb2c31c3517a2d855459582bc145848f48951e51907cb43c4c7c6f,1780391838947,1780391838952,1780391838954,1780391838975,5,2,21,28
200,1124,bottleneck_200_1124_1780391838922_630982,success,,09b962b7bbbb7bacc00c311c95db08ce9d8e01992e279302ce9a3fddd72cc2dc,1780391838922,1780391838927,1780391838930,1780391838976,5,3,46,54
200,1120,bottleneck_200_1120_1780391838901_442672,success,,882ef5e2a3821e1f2d2b3321d3cf7fcda00241562144cd80370fe5b7e3e517d5,1780391838901,1780391838907,1780391838910,1780391838976,6,3,66,75
200,1121,bottleneck_200_1121_1780391838908_709419,success,,328fe32b190ac0ac11abd186d482160dadb5a0ac8fe1435f06fa71a8327e86c7,1780391838908,1780391838916,1780391838918,1780391838976,8,2,58,68
200,1125,bottleneck_200_1125_1780391838928_941733,success,,0bbe5879a3d5b7fcceb39c25bf7622ef9d7b7dd7ba36ef743b7b50823b475d8d,1780391838928,1780391838934,1780391838936,1780391838976,6,2,40,48
200,1122,bottleneck_200_1122_1780391838912_96813,success,,10cb9c4d497f79000e5c8f25058d0d85f7950229dceeaf8d7b144493e72c5afe,1780391838912,1780391838929,1780391838933,1780391838976,17,4,43,64
200,1123,bottleneck_200_1123_1780391838917_965071,success,,5827c3f89a587c19d5c7eec387ebdb1da347bea23a150b552e2ae034cf34a958,1780391838917,1780391838930,1780391838932,1780391838976,13,2,44,59
200,1127,bottleneck_200_1127_1780391838936_334921,success,,bcf2d042cb4ec00bb3f724677bb3b791ad5e33198a631bacce9b6614a9b3781e,1780391838936,1780391838941,1780391838943,1780391838976,5,2,33,40
200,1128,bottleneck_200_1128_1780391838942_571551,success,,c626281d17d565d1d1c9eef9df02430c280c1a869b4f42776a9f6860c93b8166,1780391838942,1780391838946,1780391838948,1780391838976,4,2,28,34
200,1126,bottleneck_200_1126_1780391838932_870825,success,,aee747bc07d6297b163212ff84f40fabee5fd39f095962577bfb304347c0de18,1780391838932,1780391838937,1780391838939,1780391838976,5,2,37,44
200,1139,bottleneck_200_1139_1780391838997_127732,success,,6514f4860da69d6fbca59ac6fd7431f33474e214a1fc3af516daf2c7c27eca62,1780391838997,1780391839002,1780391839005,1780391839032,5,3,27,35
200,1130,bottleneck_200_1130_1780391838953_116555,success,,8331c517434cbc981b68c82c1ad00bf7e3bb66060c277d7ab0fc95dd8628e302,1780391838953,1780391838958,1780391838962,1780391839032,5,4,70,79
200,1131,bottleneck_200_1131_1780391838957_474764,success,,f34b6a0e1239009c9b94acd866663ae15edc5cdd9b3332fa8c8bc431f3de0086,1780391838957,1780391838975,1780391838977,1780391839032,18,2,55,75
200,1133,bottleneck_200_1133_1780391838967_457030,success,,51da051c9924e15945026131946e84b681f20ba11cd9655e7994d86df31ae834,1780391838967,1780391838980,1780391838984,1780391839032,13,4,48,65
200,1132,bottleneck_200_1132_1780391838963_234912,success,,3f1c52b9b42cbf30e58a5e465a02bdcdd8e8f0aa05c11416fb8077f7a7f933a8,1780391838963,1780391838981,1780391838985,1780391839032,18,4,47,69
200,1134,bottleneck_200_1134_1780391838972_113308,success,,d8986950bcb1a75cb04bbedc4ca2e18953622b2f4c385a0978f24b405a8284ce,1780391838972,1780391838983,1780391838986,1780391839032,11,3,46,60
200,1135,bottleneck_200_1135_1780391838978_870316,success,,eb5940b7f8ff5c74c2333ed805a7aded3aa57aa80d950c062d64828fde2dffcc,1780391838978,1780391838985,1780391838988,1780391839032,7,3,44,54
200,1136,bottleneck_200_1136_1780391838982_572261,success,,8f8dee9053f5a400ecaf45dc715cbef7f00e6f9236804e5b7d3c473be3246766,1780391838982,1780391838989,1780391838994,1780391839032,7,5,38,50
200,1137,bottleneck_200_1137_1780391838987_944214,success,,e92cd6d4a9994bcd2d2088d27c401211a17c23827f63aac81df58e4c46e1059c,1780391838987,1780391838996,1780391838998,1780391839032,9,2,34,45
200,1138,bottleneck_200_1138_1780391838992_445402,success,,be8bf497892736a1ec0e664849fb2cb43779889de93d1ba14fbe09fe019cd70b,1780391838992,1780391838999,1780391839000,1780391839032,7,1,32,40
200,1149,bottleneck_200_1149_1780391839047_518132,success,,71d9e26e8b06042cbadf803858a2c4d5910c8451bb528a03862d1a5905d45233,1780391839047,1780391839053,1780391839055,1780391839073,6,2,18,26
200,1141,bottleneck_200_1141_1780391839008_987914,success,,457a1f77ae07f011dfd37cf9efa1102fbd32075229a937b86e12d2e4a859bd89,1780391839008,1780391839029,1780391839031,1780391839073,21,2,42,65
200,1145,bottleneck_200_1145_1780391839027_528985,success,,c4b0cbdd66bd5c51d1677396faadc509e827e2777f1355adb11fc177db202823,1780391839027,1780391839038,1780391839043,1780391839073,11,5,30,46
200,1144,bottleneck_200_1144_1780391839022_988359,success,,7b8626faa637fd24c88f9bcfcde4623821a52666e54de1fab6a04cba033e8a8a,1780391839022,1780391839037,1780391839041,1780391839073,15,4,32,51
200,1143,bottleneck_200_1143_1780391839017_389798,success,,d9f0fad7cc98dc26a0dc33ea1bd0d2f003bd04743fe0ba802059570fdffd9956,1780391839017,1780391839039,1780391839042,1780391839073,22,3,31,56
200,1140,bottleneck_200_1140_1780391839001_347992,success,,225a381f47c47e6757cd51fa9c215d51475c67fcc83dbf84140f6daea9398fd6,1780391839001,1780391839007,1780391839014,1780391839073,6,7,59,72
200,1142,bottleneck_200_1142_1780391839013_634357,success,,38c0eaae1a8c49c4874bf143d19533131e831c4dbc325770bf18bc7bb8987de3,1780391839013,1780391839028,1780391839030,1780391839073,15,2,43,60
200,1148,bottleneck_200_1148_1780391839042_926206,success,,2b9ba9258c74e8b24d8a941c957c4a23e0b47387d38bd8b4d16cda912736d2e8,1780391839042,1780391839046,1780391839048,1780391839073,4,2,25,31
200,1146,bottleneck_200_1146_1780391839032_816737,success,,8d0050398968c3f01ac5858a0c1bab5d5e8fde8765d71ffba105ac259e60b1c9,1780391839032,1780391839040,1780391839044,1780391839073,8,4,29,41
200,1147,bottleneck_200_1147_1780391839039_855761,success,,b39e1c3ffddb2f7c132310baf55c70c8988b7eee8ba99e2c5cfd1ba46bc6905c,1780391839039,1780391839045,1780391839047,1780391839073,6,2,26,34
200,1159,bottleneck_200_1159_1780391839096_391415,success,,c2cbb86a8115ac2938ad48ff2ec4c44058077e0b9a8c08f32ab6801ff7e20a47,1780391839096,1780391839101,1780391839103,1780391839124,5,2,21,28
200,1150,bottleneck_200_1150_1780391839052_229305,success,,42f7d2c5f2fd34e787e20721a88b06d3b637e1c78d4faa88bc10e6e55669549e,1780391839052,1780391839057,1780391839062,1780391839124,5,5,62,72
200,1152,bottleneck_200_1152_1780391839063_51896,success,,78f7efc2575be81c089fad480d8dc6587b809d1928462d1a30df9ae3b634765f,1780391839063,1780391839078,1780391839083,1780391839124,15,5,41,61
200,1155,bottleneck_200_1155_1780391839077_113107,success,,7a77718b8d9a6ff0905659220bedc31ec4b223d36c4d8ac7113eac2f4a0d52c5,1780391839077,1780391839082,1780391839086,1780391839124,5,4,38,47
200,1151,bottleneck_200_1151_1780391839058_285459,success,,0f464cdaeba9e712a7b851d65cc3ef617347cde1e6ab0c9cba57fe75e3c712a4,1780391839058,1780391839079,1780391839084,1780391839124,21,5,40,66
200,1156,bottleneck_200_1156_1780391839081_242414,success,,6a59e1896b487592e8b3c358fbbd8f265ab1fbe7612f382974a47009b968269f,1780391839081,1780391839087,1780391839090,1780391839124,6,3,34,43
200,1154,bottleneck_200_1154_1780391839071_504514,success,,e49d1226b583ea9c72d06077f47d1eaaaee1aec641e35f2080435e6fa8f33604,1780391839071,1780391839080,1780391839084,1780391839124,9,4,40,53
200,1158,bottleneck_200_1158_1780391839092_327362,success,,fe9341d8890f52460aa2f4333ef55201fedd8eee1da619d4b144d237062b50f1,1780391839092,1780391839096,1780391839097,1780391839124,4,1,27,32
200,1153,bottleneck_200_1153_1780391839067_769557,success,,f8cfe64639580adfebc4c2632c21749eccdd4dc20cd1cbf37990a8fe94a986fe,1780391839067,1780391839081,1780391839085,1780391839124,14,4,39,57
200,1157,bottleneck_200_1157_1780391839088_431780,success,,5b850f518cf3e9b46f0092c53004872dcbe5459fcfda6c90ed697490d94f76ad,1780391839088,1780391839093,1780391839095,1780391839125,5,2,30,37
200,1169,bottleneck_200_1169_1780391839147_168100,success,,9a8f9d99ae815307781801153168b8f469657fadb8fe29fcf14504c0e1dd86b0,1780391839147,1780391839151,1780391839154,1780391839184,4,3,30,37
200,1160,bottleneck_200_1160_1780391839102_41085,success,,cc47f21642dbc73ccd600db30f2008bc9339fb9fa79b515fe3b7a1f03c3ecd9d,1780391839102,1780391839108,1780391839110,1780391839184,6,2,74,82
200,1161,bottleneck_200_1161_1780391839107_96690,success,,e0ac1b1305617b8886928e231b09533fde35d727aa188830e08b6938fe0a3473,1780391839107,1780391839118,1780391839122,1780391839184,11,4,62,77
200,1162,bottleneck_200_1162_1780391839111_407836,success,,90a24c7cbce6360719ef13c016ad7a619855fd28bc06dad254201ab9eef5f560,1780391839111,1780391839119,1780391839123,1780391839184,8,4,61,73
200,1163,bottleneck_200_1163_1780391839119_580581,success,,eb000cf7d842735d2bd2f9b9ddade39923d694a8a86b38031111d1ef02e40b6a,1780391839119,1780391839128,1780391839129,1780391839184,9,1,55,65
200,1164,bottleneck_200_1164_1780391839121_89635,success,,00c4931482bc81724470f44f4b953e067f560adc864395d84e9066f1483edfa4,1780391839121,1780391839128,1780391839130,1780391839184,7,2,54,63
200,1165,bottleneck_200_1165_1780391839127_162548,success,,3779a376922a2c2282d35cacb73cb08d0b1876f3bbea460ec76aece18ceaaadc,1780391839127,1780391839131,1780391839133,1780391839184,4,2,51,57
200,1166,bottleneck_200_1166_1780391839132_295080,success,,cc4ee7fb3c43c72b0f40530b976d6a1e15176ca2f4189bafa9ff6f77e2aff6b2,1780391839132,1780391839136,1780391839138,1780391839184,4,2,46,52
200,1167,bottleneck_200_1167_1780391839137_843837,success,,0b6be3cfde1175b87c25aed7a698952976fb26233e82cffb3a58fa3d66893f71,1780391839137,1780391839142,1780391839143,1780391839184,5,1,41,47
200,1168,bottleneck_200_1168_1780391839142_329234,success,,923b2710f01175c59a9478d10101d4c1e5b864b69793a317476af7d65cbb034d,1780391839142,1780391839146,1780391839148,1780391839184,4,2,36,42
200,1179,bottleneck_200_1179_1780391839197_883332,success,,b686d9b1c2d5523558104e78939528446fbdbbb233baedff969028e09523f58c,1780391839197,1780391839201,1780391839205,1780391839230,4,4,25,33
200,1174,bottleneck_200_1174_1780391839171_821513,success,,6b558644a6bc32f346ab5465d641d0926a628bca69ffd1bcd7f2fab0b1d97d2e,1780391839171,1780391839192,1780391839198,1780391839230,21,6,32,59
200,1170,bottleneck_200_1170_1780391839152_88377,success,,4f6c4fa8cd148395c63f4169539bcb708ece07b8639729d70c69758e8463e58d,1780391839152,1780391839159,1780391839162,1780391839230,7,3,68,78
200,1171,bottleneck_200_1171_1780391839158_6535,success,,b9e20fd7497f11b0d99cb9fe8dd9d9b32c0f6b61bf8c9f2b0e3278514734b78a,1780391839158,1780391839165,1780391839167,1780391839230,7,2,63,72
200,1172,bottleneck_200_1172_1780391839163_558963,success,,0b851fe68f2043533a4321514b18c97b559acd2a8ae4e68e370c32864db15ac0,1780391839163,1780391839190,1780391839195,1780391839230,27,5,35,67
200,1175,bottleneck_200_1175_1780391839177_528321,success,,0dc6b8ff705c015ac845b8c826fff7d72d130a5cef71fdd6fb43e1eda53f3237,1780391839177,1780391839193,1780391839199,1780391839230,16,6,31,53
200,1173,bottleneck_200_1173_1780391839167_810941,success,,9b2735a1b3628cbea1558cd8ea8a7bdbf6103f899fd99226936a1edd6d17a52a,1780391839167,1780391839191,1780391839196,1780391839230,24,5,34,63
200,1177,bottleneck_200_1177_1780391839186_284971,success,,5feb299c13273cb000e3d2f34b64840b1819ee8d4186d0b80b17eabbb972b52d,1780391839186,1780391839194,1780391839200,1780391839230,8,6,30,44
200,1178,bottleneck_200_1178_1780391839195_504083,success,,014c7e688706fbbdadf319a06be3c8d43054abf17159426a02c5bf1184e93264,1780391839195,1780391839201,1780391839203,1780391839230,6,2,27,35
200,1176,bottleneck_200_1176_1780391839183_551927,success,,cb5dd7cef0971a732a25efd38c404e6213cf507d03de76c27af0b061a0d41940,1780391839183,1780391839192,1780391839198,1780391839230,9,6,32,47
200,1189,bottleneck_200_1189_1780391839247_286495,success,,fd359aa46b2f168cfd66a150754d2c4623a1bab8851fb7cf46d9dfa557d4ec09,1780391839247,1780391839258,1780391839261,1780391839280,11,3,19,33
200,1184,bottleneck_200_1184_1780391839222_547468,success,,a172bc4f3dcd6a880433883f2a5672ff75daf44c7203f6646b75908793cc2733,1780391839222,1780391839241,1780391839249,1780391839280,19,8,31,58
200,1183,bottleneck_200_1183_1780391839216_132594,success,,d18031030ad24e51bfce41f32a926879da9a46fbf1c31b93eec7c412d81b6d6d,1780391839216,1780391839246,1780391839253,1780391839280,30,7,27,64
200,1182,bottleneck_200_1182_1780391839212_321420,success,,309c3236ee52366a0af16c671f91b8fcd92ddac4e38956395d32cd8bcb6047c8,1780391839212,1780391839244,1780391839251,1780391839280,32,7,29,68
200,1186,bottleneck_200_1186_1780391839231_548814,success,,d9c0462da909cccd27e98a8babb79d7cf9a0aa8ae7312b92882eec2acd8a6c9d,1780391839231,1780391839246,1780391839252,1780391839281,15,6,29,50
200,1180,bottleneck_200_1180_1780391839202_434108,success,,d8b8bb447a541f023faad986c147965308b2c60320c564571b4322e03e6302e4,1780391839202,1780391839208,1780391839211,1780391839281,6,3,70,79
200,1181,bottleneck_200_1181_1780391839207_36611,success,,1ed2f2e8f1d6693a3a0f535756fed18cc252e1367d83f29d835bfba17df0ed9e,1780391839207,1780391839214,1780391839219,1780391839281,7,5,62,74
200,1187,bottleneck_200_1187_1780391839237_376616,success,,d1100e38e29e8aab68091153d36b703a7844703c0dd160537aab709d6628dbaa,1780391839237,1780391839248,1780391839254,1780391839281,11,6,27,44
200,1188,bottleneck_200_1188_1780391839242_99311,success,,fcc36f0177fead228211477c479ada58d1786a1d772e71bcdd75ccc8be49c52d,1780391839242,1780391839250,1780391839255,1780391839281,8,5,26,39
200,1185,bottleneck_200_1185_1780391839226_632118,success,,894e16eca0e44eb85eeff10be86a4a5e2963fb7021805859650ea73185fa4c3a,1780391839226,1780391839243,1780391839251,1780391839281,17,8,30,55
200,1199,bottleneck_200_1199_1780391839297_293114,success,,56be1afe1e7c63ec0fe48bf97e6b07865a2b5b2cce8c6e35be88b2c7ef8ca02e,1780391839297,1780391839306,1780391839310,1780391839333,9,4,23,36
200,1194,bottleneck_200_1194_1780391839272_61314,success,,a3c411df52e9b234f8d562af8f93c1fe0d55045dcf54e0afc62da167fb800b6e,1780391839272,1780391839285,1780391839289,1780391839333,13,4,44,61
200,1195,bottleneck_200_1195_1780391839278_179367,success,,11acb1da2746ec14ea05cc033c147668a2cdd2f0e4f60f510854578cb762b553,1780391839278,1780391839286,1780391839291,1780391839333,8,5,42,55
200,1193,bottleneck_200_1193_1780391839268_475809,success,,58292d3763a5f07c6484b6fa35220c76212b188f8684af6f407240ef701ca3f1,1780391839268,1780391839287,1780391839292,1780391839333,19,5,41,65
200,1196,bottleneck_200_1196_1780391839282_121168,success,,3b773f420d9d99595015c952b29c5f3923d4187a2cadb8c6053f3560187270e0,1780391839282,1780391839290,1780391839293,1780391839333,8,3,40,51
200,1197,bottleneck_200_1197_1780391839288_866690,success,,48359d0d054de157e87d9b0cbe093cc28f41b75a4201d6df30685156ac3840b9,1780391839288,1780391839300,1780391839303,1780391839333,12,3,30,45
200,1198,bottleneck_200_1198_1780391839292_830143,success,,b6c2142085378085aa30e6c4cad3d6922fd65d43e76483421035982054f6083f,1780391839292,1780391839299,1780391839304,1780391839333,7,5,29,41
200,1191,bottleneck_200_1191_1780391839257_655294,success,,b6faab2ce19216c77d7e025b2a13ff5fe2f5c4c4e67a1ef1b0b5c9b6b9cd9d8f,1780391839257,1780391839263,1780391839265,1780391839333,6,2,68,76
200,1190,bottleneck_200_1190_1780391839253_964940,success,,68737d5fe58b35af30b2b0bc16528431f57201030056c7d32f2ad033e70e7b85,1780391839253,1780391839259,1780391839262,1780391839333,6,3,71,80
200,1192,bottleneck_200_1192_1780391839261_429479,success,,cdffaad2ede690647c77c2a784b0aabba62e1470d2b554c1a769bac23dcd0e09,1780391839261,1780391839273,1780391839275,1780391839333,12,2,58,72
200,1209,bottleneck_200_1209_1780391839347_681652,success,,ce3679cdc97b04af93ea636d71fd5c6703c5f123b508d125174dd2fa502f7272,1780391839347,1780391839352,1780391839355,1780391839383,5,3,28,36
200,1200,bottleneck_200_1200_1780391839301_330683,success,,049e49ae258535aadbdc0052f4536911c5963b55de0e1a5ec0b3f6b0f8b8e876,1780391839301,1780391839309,1780391839311,1780391839383,8,2,72,82
200,1201,bottleneck_200_1201_1780391839307_335443,success,,c701c885a0801e0b07e845fff8f9bbed8698750a9e719aa6e6affe968c4fdac0,1780391839307,1780391839313,1780391839315,1780391839383,6,2,68,76
200,1202,bottleneck_200_1202_1780391839312_695468,success,,bd9a4aa80a336e45b873d938d02659a295ffd0e8c4700ac91009867b8dc5f151,1780391839312,1780391839323,1780391839325,1780391839383,11,2,58,71
200,1203,bottleneck_200_1203_1780391839317_505746,success,,095e704279ea48a17b8091cc644bd442a2467a83c9c25612bc914acbf52ee5ac,1780391839317,1780391839331,1780391839335,1780391839383,14,4,48,66
200,1205,bottleneck_200_1205_1780391839327_625881,success,,522c9d1f47d346f86dc1d4dda5bcc3466ee2dbfdfcd812399c1f562f68a19f79,1780391839327,1780391839339,1780391839342,1780391839383,12,3,41,56
200,1206,bottleneck_200_1206_1780391839332_62425,success,,2633058679f8b13d072509665a631d1eefffdbe261102a394581b0efdc4b526e,1780391839332,1780391839340,1780391839344,1780391839383,8,4,39,51
200,1204,bottleneck_200_1204_1780391839324_170095,success,,29a5c42ecc785defa8bd59695959a3ced721eda32944a2b0869f105dadecddd3,1780391839324,1780391839341,1780391839343,1780391839383,17,2,40,59
200,1207,bottleneck_200_1207_1780391839337_205677,success,,371397a7a07dc8b82e0fa1b6c5c8173e2a7363e5bdec4a31aa0dd15285a0313d,1780391839337,1780391839345,1780391839348,1780391839383,8,3,35,46
200,1208,bottleneck_200_1208_1780391839341_149547,success,,958fc0a563331d8cc4cfe12d2d3309ce191df7b9ec35194d9f7158a50c7f6817,1780391839341,1780391839346,1780391839349,1780391839383,5,3,34,42
200,1219,bottleneck_200_1219_1780391839398_592463,success,,e4af42f8e512a906ac016fda86d27460348d7159bb017f2eb9d330a0d694028b,1780391839398,1780391839403,1780391839405,1780391839436,5,2,31,38
200,1210,bottleneck_200_1210_1780391839353_524702,success,,4c19b84e2c72a513820b793d5f7a3f9e6895a1591caff25fed856a77265e1b89,1780391839353,1780391839361,1780391839365,1780391839436,8,4,71,83
200,1211,bottleneck_200_1211_1780391839357_994511,success,,d6638ff8cfdf2f9119e9060162168247d90faec325d5d00c54f724ab9a8a47fc,1780391839357,1780391839363,1780391839366,1780391839436,6,3,70,79
200,1212,bottleneck_200_1212_1780391839362_339218,success,,89564c36f6b9246ba7d22d806e3a6362fef1901607205051aae733525eff990a,1780391839362,1780391839384,1780391839388,1780391839437,22,4,49,75
200,1213,bottleneck_200_1213_1780391839367_394945,success,,d68d20616a6a54b6cf325ba1a892ef66fc683bf62b33106ff5301e78ed2a0dcc,1780391839367,1780391839391,1780391839395,1780391839437,24,4,42,70
200,1214,bottleneck_200_1214_1780391839372_219604,success,,6dc1c26bd094204623f4d104c55cb2005d1cb51f2147e9f9e4fe5486f5c8d280,1780391839372,1780391839392,1780391839397,1780391839437,20,5,40,65
200,1215,bottleneck_200_1215_1780391839377_906611,success,,62629b1d92e3045af316b6b127d4da387390b58b2683d4d3a59aa502c5e7589b,1780391839377,1780391839392,1780391839396,1780391839437,15,4,41,60
200,1216,bottleneck_200_1216_1780391839382_591621,success,,98518ad5c789ca6399f69518766b8732fdf61ff1ef4063fa03d82805643bd6ea,1780391839382,1780391839393,1780391839398,1780391839438,11,5,40,56
200,1217,bottleneck_200_1217_1780391839387_50306,success,,45957de5295ed6b637ab41ee1c21a2aaa301546671b986a9880f587d600fa1d9,1780391839387,1780391839395,1780391839400,1780391839438,8,5,38,51
200,1218,bottleneck_200_1218_1780391839394_323568,success,,4ff6286be8f1763982d3beff3773b0bd2b345695af4010b649b8b4787029df31,1780391839394,1780391839401,1780391839404,1780391839438,7,3,34,44
200,1229,bottleneck_200_1229_1780391839450_302480,success,,021f5dfc8062d4da8d1e72d1f312e9e54f85aa68852574b6103139af52a9818e,1780391839450,1780391839460,1780391839464,1780391839494,10,4,30,44
200,1226,bottleneck_200_1226_1780391839432_226001,success,,fd9b53846cc52e763ace8429d5b6dfa969ed42e3b5ff12e0fe3f46341e7dad0c,1780391839432,1780391839447,1780391839454,1780391839494,15,7,40,62
200,1223,bottleneck_200_1223_1780391839417_212229,success,,d1cb23f72b3ff06f5f1d3a7149988add88ef2d679163d093535be3a5c122f7a6,1780391839417,1780391839446,1780391839456,1780391839494,29,10,38,77
200,1227,bottleneck_200_1227_1780391839437_760206,success,,411cfc1db317f9b48f0a12bbf6d555518a232f3ff027d4b3976edac028fc2cfe,1780391839437,1780391839449,1780391839457,1780391839495,12,8,38,58
200,1224,bottleneck_200_1224_1780391839422_45641,success,,c7f52a85fb8c721a0ee723bf03177791e82d2c9ea4760c3e79894bad8bef03fb,1780391839422,1780391839449,1780391839458,1780391839495,27,9,37,73
200,1220,bottleneck_200_1220_1780391839401_120235,success,,ac3d429fe9c687c4e3c2b99f43307a5bf882d851c3e197ebbc664e500fd7632e,1780391839401,1780391839408,1780391839411,1780391839495,7,3,84,94
200,1228,bottleneck_200_1228_1780391839441_241382,success,,932fa1b51dbd0e63aacd1d66493e42a3ea57a868692f8c5d0dce4f8b326b3468,1780391839441,1780391839452,1780391839459,1780391839495,11,7,36,54
200,1221,bottleneck_200_1221_1780391839407_274773,success,,1c4d9a6989e0157bb73c392fff2911a6950d2be6e33bbe937ba015d23fd20d9c,1780391839407,1780391839415,1780391839419,1780391839495,8,4,76,88
200,1222,bottleneck_200_1222_1780391839412_619998,success,,e76aa85d024cad09fa25b71d0eb496140582bc8aad4596b16847068cec037bf9,1780391839412,1780391839445,1780391839451,1780391839495,33,6,44,83
200,1225,bottleneck_200_1225_1780391839427_973193,success,,ad00c49f2f42fc6a908c9b9f445bfc6afdb1a85f3019b8da7aa662aaceddc87c,1780391839427,1780391839448,1780391839455,1780391839495,21,7,40,68
200,1235,bottleneck_200_1235_1780391839477_822453,success,,e7f2aa25aff94736d2e12d53cf4713ef3485841bcb317918074124b2dbc68c5e,1780391839477,1780391839507,1780391839514,1780391839547,30,7,33,70
200,1233,bottleneck_200_1233_1780391839467_213355,success,,5aa98324f2166484509fac39a217b0193b72f745fd39f672c00bf0d36c5fe10a,1780391839467,1780391839473,1780391839474,1780391839547,6,1,73,80
200,1230,bottleneck_200_1230_1780391839453_827666,success,,2bf210b9a8259a727667745794d3af01ac6530110461a18e3e5db76c6447da7b,1780391839453,1780391839461,1780391839465,1780391839547,8,4,82,94
200,1231,bottleneck_200_1231_1780391839458_498471,success,,dfe4b9bd1a904f3f40e3abb6fb9c1bcb9f2b85e419f6d47360dba7d7f27c7962,1780391839458,1780391839463,1780391839466,1780391839547,5,3,81,89
200,1232,bottleneck_200_1232_1780391839462_946567,success,,47f0ea97b471cde1feb879408f54f5e9822441420d878dce18255816b34a6ee2,1780391839462,1780391839468,1780391839471,1780391839547,6,3,76,85
200,1239,bottleneck_200_1239_1780391839497_828567,success,,aa080fd5cf7d4a554736d7b53d46ec5a5acf02edf9640d563e98e7a8da4b2c2c,1780391839497,1780391839507,1780391839513,1780391839547,10,6,34,50
200,1234,bottleneck_200_1234_1780391839472_685311,success,,acaa916d44312176f59371a407ec0e5ec8124180690657f01d640f4faade4422,1780391839472,1780391839479,1780391839483,1780391839547,7,4,64,75
200,1236,bottleneck_200_1236_1780391839482_822957,success,,b70a1559cc0bff32f1c3f2c8be5409fb6ac0c0af2dfb7f5fdb23ba6ad3b1cbaa,1780391839482,1780391839504,1780391839509,1780391839547,22,5,38,65
200,1238,bottleneck_200_1238_1780391839492_839291,success,,01a12e887cd3e1115cf68d532e5e8faac17af5577a91487969d421337bffdcc0,1780391839492,1780391839505,1780391839511,1780391839547,13,6,36,55
200,1237,bottleneck_200_1237_1780391839487_704590,success,,42b3c331ce52476053f008cdc0a6cb00b3573d77e7520a55955f69aa42908d97,1780391839487,1780391839508,1780391839512,1780391839547,21,4,35,60
200,1246,bottleneck_200_1246_1780391839532_769473,success,,6b325519ccb2e24121f39bb77d22b50273d203d1c1331e512484a05ef23dda8e,1780391839532,1780391839601,1780391839615,1780391839636,69,14,21,104
200,1243,bottleneck_200_1243_1780391839518_771859,success,,b5be82092ef08ef177bea199f250d646f5e156379b44c294f76cb3303d912f46,1780391839518,1780391839597,1780391839613,1780391839637,79,16,24,119
200,1248,bottleneck_200_1248_1780391839542_19854,success,,bd12ba5f2361c372ea282f70687eec6a2b16275c1788cb8f925fd0b8603aea03,1780391839542,1780391839603,1780391839618,1780391839637,61,15,19,95
200,1245,bottleneck_200_1245_1780391839527_388211,success,,a934262164ea98e4d6c424203b5c712ece1874bcd20007004bd9a0c57616ca39,1780391839527,1780391839599,1780391839616,1780391839637,72,17,21,110
200,1255,bottleneck_200_1255_1780391839577_357921,success,,1b7ef9a5180ed7c1aa39fa8459836ef0fc99f573e0efb51eefe076128e0d69fd,1780391839577,1780391839600,1780391839619,1780391839637,23,19,18,60
200,1244,bottleneck_200_1244_1780391839522_72538,success,,d43e442b6537af57a51262a99f78570cd5d2f322bc83408d792c8d67662e370c,1780391839522,1780391839599,1780391839617,1780391839637,77,18,20,115
200,1240,bottleneck_200_1240_1780391839502_62286,success,,6266191a21fb9df818fadfcc8a9e504f8627a56057796d2ce9fda4c4ba3fa820,1780391839502,1780391839511,1780391839515,1780391839638,9,4,123,136
200,1241,bottleneck_200_1241_1780391839510_436215,success,,d76590f970ef13c8f93fa0b874d12c05ca4b33885e653cee91ce0b3639aaf525,1780391839510,1780391839517,1780391839521,1780391839638,7,4,117,128
200,1242,bottleneck_200_1242_1780391839513_242624,success,,ef58e8dc969abe106af71f1b648ee187ab7af7e28e79354d930e10c39f0c3a56,1780391839513,1780391839525,1780391839527,1780391839638,12,2,111,125
200,1247,bottleneck_200_1247_1780391839536_790743,success,,3188ee81195664f459374d2d081b6e675451aee1fb559cd0e9df6efbcc4a3785,1780391839536,1780391839602,1780391839617,1780391839638,66,15,21,102
200,1260,bottleneck_200_1260_1780391839603_526846,success,,8949c42cd6a39f1387b9d83d82212b4d4710ef3e20e6dddcfa6c75c3f5922029,1780391839603,1780391839627,1780391839635,1780391839654,24,8,19,51
200,1250,bottleneck_200_1250_1780391839553_73540,success,,b0a85543defbb5adcdca27c2035a23539b60226ad712b405e2f3c2f8a816db64,1780391839553,1780391839609,1780391839630,1780391839655,56,21,25,102
200,1252,bottleneck_200_1252_1780391839562_487239,success,,d3a60ff2bb126356d4c77c4a10a4bb6297f3ce0aa4aedbf57385bef875784054,1780391839562,1780391839606,1780391839620,1780391839655,44,14,35,93
200,1251,bottleneck_200_1251_1780391839557_807433,success,,4e0f6d08d990df899facd0cba0d2bae7e09d2b31de1aabca7532c7813cb3c48f,1780391839557,1780391839607,1780391839625,1780391839655,50,18,30,98
200,1249,bottleneck_200_1249_1780391839547_782339,success,,22c8b5211dc7c00a33ee498354a825470900e230587c9c543c827b1750b767da,1780391839547,1780391839609,1780391839626,1780391839655,62,17,29,108
200,1254,bottleneck_200_1254_1780391839573_297959,success,,3cd3712548707854bec4d2a32dcb7009eee3bafb30ff699c48bd8e522436ec5b,1780391839573,1780391839614,1780391839629,1780391839655,41,15,26,82
200,1256,bottleneck_200_1256_1780391839582_261249,success,,b6395f9cb8176f7d64c0ca79bd22e83c3e5600bf206b87efcc2f4e5a4f28b776,1780391839582,1780391839612,1780391839628,1780391839655,30,16,27,73
200,1253,bottleneck_200_1253_1780391839567_759222,success,,9f4dce8f73a84e470348925f89f2da7fa37ccdbbc536355f80d5fb89a625d8f3,1780391839567,1780391839611,1780391839630,1780391839655,44,19,25,88
200,1257,bottleneck_200_1257_1780391839587_200681,success,,9fcf9eef40a75679ddf9d1ebd3bdd72a390643eff977ca843d69442b6f62cc7c,1780391839587,1780391839614,1780391839631,1780391839655,27,17,24,68
200,1258,bottleneck_200_1258_1780391839592_254068,success,,e30a0d0467cbc4e84f6ef52a8bed56c25414938c2ac77a5041134ed38bd556ea,1780391839592,1780391839625,1780391839634,1780391839655,33,9,21,63
200,1268,bottleneck_200_1268_1780391839642_907829,success,,727b4c11fe18a62bb69a548e3e5215c3b1b1595a1985547e0405fbd9a120890e,1780391839642,1780391839661,1780391839666,1780391839686,19,5,20,44
200,1267,bottleneck_200_1267_1780391839637_783708,success,,9b185ebb8659d1817e4011f2c1d19fadbeb7ebf098e2e117befcba1b36515725,1780391839637,1780391839650,1780391839655,1780391839686,13,5,31,49
200,1263,bottleneck_200_1263_1780391839622_805252,success,,f8a208df89ce281428e67b94526741a6ec579afb58d0dcd37b62f90546cf54c2,1780391839622,1780391839651,1780391839656,1780391839686,29,5,30,64
200,1266,bottleneck_200_1266_1780391839633_883328,success,,ea16e0e76b7dfdf8ec923e2c4580ee351ea017c91d439b8aee3b4e84c7145ee7,1780391839633,1780391839652,1780391839657,1780391839686,19,5,29,53
200,1259,bottleneck_200_1259_1780391839598_819751,success,,04f4ec4d2184b8a099a0823a5c94c914494ada726dd2e1fc291b41a1b24994bf,1780391839598,1780391839628,1780391839636,1780391839686,30,8,50,88
200,1261,bottleneck_200_1261_1780391839610_186178,success,,57bcbc7cd790f8617add4e57643cee34c1a01345cb8c8c5e8a1d9117dc5bb93a,1780391839610,1780391839640,1780391839644,1780391839686,30,4,42,76
200,1262,bottleneck_200_1262_1780391839621_840153,success,,58e6dbdad0061ecb7486c8623240b90a5cde314ec646c3d3a49a631075e57a74,1780391839621,1780391839648,1780391839653,1780391839686,27,5,33,65
200,1265,bottleneck_200_1265_1780391839632_69928,success,,da9306b39eac15d4014b1c670eb6a6184ed5b163923b13f67c2e863cbf07f724,1780391839632,1780391839649,1780391839657,1780391839686,17,8,29,54
200,1264,bottleneck_200_1264_1780391839623_580889,success,,1879e6e91be143cb4c1634e89b062114ede8ef2d8c7413120f6f9e94fa57eb28,1780391839623,1780391839660,1780391839663,1780391839686,37,3,23,63
200,1269,bottleneck_200_1269_1780391839647_109201,success,,f722573e9adbb1d47e1a0e0465d0830aa8c74b6b9a32fa26a3b60fa0719e4229,1780391839647,1780391839659,1780391839663,1780391839686,12,4,23,39
200,1279,bottleneck_200_1279_1780391839698_502118,success,,445be31df3520bbfa5cf3200afb472bf3cb4e97616261167ffecf633d70a4c19,1780391839698,1780391839703,1780391839705,1780391839719,5,2,14,21
200,1275,bottleneck_200_1275_1780391839676_248802,success,,f69d0912e4bc144f351e0459488dc6094f5e4b728e823853793ad575cdc21485,1780391839676,1780391839691,1780391839694,1780391839719,15,3,25,43
200,1270,bottleneck_200_1270_1780391839652_611312,success,,17b02d07c9288a2d47f7bf0ab3ff4b9d081f83e95eb04997e0ab167a3e16a09d,1780391839652,1780391839661,1780391839665,1780391839719,9,4,54,67
200,1271,bottleneck_200_1271_1780391839658_894738,success,,f0d05ef7e6b495cf5ba8a4ce0eb324cb6befdd0fa60c1def546df2ff45f5b671,1780391839658,1780391839664,1780391839669,1780391839719,6,5,50,61
200,1274,bottleneck_200_1274_1780391839672_690772,success,,5134d5c44b176acee3f20fa8ae71614da6e9ae87dd753b966ddcc9003c000e41,1780391839672,1780391839693,1780391839696,1780391839719,21,3,23,47
200,1272,bottleneck_200_1272_1780391839662_913385,success,,5f97eb06e6ba94f05ea3564cc3d490bb032f958c62059c1d47fc167244f91e4b,1780391839662,1780391839668,1780391839670,1780391839719,6,2,49,57
200,1276,bottleneck_200_1276_1780391839682_95493,success,,5b660197f2ed96eec4be49056179ce37c08cdd0929371867656adae07a4084c4,1780391839682,1780391839693,1780391839697,1780391839719,11,4,22,37
200,1273,bottleneck_200_1273_1780391839667_596863,success,,44f9d14092cab309fb28b90f5daba236cf95ccb9aa9964ae2cd1c9d5ed5d8bc7,1780391839667,1780391839678,1780391839680,1780391839719,11,2,39,52
200,1278,bottleneck_200_1278_1780391839692_798724,success,,ee895a223587da1a836d5905e2485c2721f75204e3b9fe3051f5004bcf3cdb47,1780391839692,1780391839698,1780391839700,1780391839719,6,2,19,27
200,1277,bottleneck_200_1277_1780391839687_104532,success,,6d483cf8c79b8c552ceb853f5856b5cf6a671d104bd1812b8323c408111eddce,1780391839687,1780391839695,1780391839699,1780391839719,8,4,20,32
200,1289,bottleneck_200_1289_1780391839747_332704,success,,06f662b1ca299f4fc34c965bc9becb3fe47d7082365ae0ad57d6bbd387ea8158,1780391839747,1780391839752,1780391839756,1780391839784,5,4,28,37
200,1282,bottleneck_200_1282_1780391839713_536414,success,,a86119ac7019b2f83c979e4ccae27b5418707b323771cf434031f4ba86f5fbbb,1780391839713,1780391839725,1780391839726,1780391839784,12,1,58,71
200,1283,bottleneck_200_1283_1780391839717_842639,success,,cd6de2af7a0c0a149e342bd05580bfa8469d0e6c01f85f7cf7c7770945851ca8,1780391839717,1780391839725,1780391839728,1780391839784,8,3,56,67
200,1284,bottleneck_200_1284_1780391839723_814319,success,,3b28f0fd1bb89173c9a68bc8d1cbd31629fcc7242c50a086be80cfebd8b61d75,1780391839723,1780391839729,1780391839730,1780391839785,6,1,55,62
200,1285,bottleneck_200_1285_1780391839727_839960,success,,9155d92d9cd7fc15a2504e8625661373dd3b4ec51ae2764e3ebbe6c03d0fee81,1780391839727,1780391839731,1780391839733,1780391839785,4,2,52,58
200,1286,bottleneck_200_1286_1780391839732_109536,success,,b6a165f59588ebd10e9ffc25b487bd946ef1867edb94e29d741b29f7c2042c6f,1780391839732,1780391839737,1780391839740,1780391839785,5,3,45,53
200,1287,bottleneck_200_1287_1780391839737_815211,success,,89e8db2eafe2626ada6d54a5d6ac3c7c8f22fb165b2db21ea9b05ceb35fa8c62,1780391839737,1780391839745,1780391839747,1780391839785,8,2,38,48
200,1288,bottleneck_200_1288_1780391839742_661152,success,,5f0924c93ca2d527c28a496e5b92e369206ddd3d17c16f460e682882f6562fd7,1780391839742,1780391839748,1780391839750,1780391839785,6,2,35,43
200,1280,bottleneck_200_1280_1780391839702_927340,success,,dad227dab6637b44b18d2ec1ea0f811637ba768f574e511260eddce2a5208d58,1780391839702,1780391839708,1780391839714,1780391839786,6,6,72,84
200,1281,bottleneck_200_1281_1780391839707_501747,success,,2f6bfa353029c93693af772868030e058653e774679167cc8a5242ed4228aa1a,1780391839707,1780391839715,1780391839718,1780391839786,8,3,68,79
200,1299,bottleneck_200_1299_1780391839797_618357,success,,cebd10489b13892da1ee45ed6b100810d256deb35c983182975dccc7e290f7c1,1780391839797,1780391839802,1780391839803,1780391839824,5,1,21,27
200,1290,bottleneck_200_1290_1780391839753_223042,success,,66ea58db8484729b282432fdef568dd53d1d4930e475d943b58141d3d00f96dd,1780391839753,1780391839763,1780391839769,1780391839825,10,6,56,72
200,1291,bottleneck_200_1291_1780391839757_890840,success,,7defeaafe6b6bc62f51a8fbb69b895067c842e0231e2f125552bde34a5dc6cfe,1780391839757,1780391839770,1780391839776,1780391839825,13,6,49,68
200,1292,bottleneck_200_1292_1780391839761_811778,success,,08a155afe2218628572df524ba961ed103362e2c4b1c1c51ab32dfa048ee8717,1780391839761,1780391839785,1780391839790,1780391839825,24,5,35,64
200,1293,bottleneck_200_1293_1780391839766_478384,success,,9413c37e7a7688cda94cbf9cb84de896796f734d9ee94bab74efaecf9fd8ecd1,1780391839766,1780391839784,1780391839789,1780391839825,18,5,36,59
200,1294,bottleneck_200_1294_1780391839772_911582,success,,ffb3af6141f970c89b19e940727f6bcb5f00d1b732881a99b7974109d7a59e21,1780391839772,1780391839790,1780391839794,1780391839825,18,4,31,53
200,1295,bottleneck_200_1295_1780391839777_20907,success,,4b1db5e6444478b53f684b6b37a851ef1101c1027c93763747c04b13954fc337,1780391839777,1780391839791,1780391839795,1780391839825,14,4,30,48
200,1296,bottleneck_200_1296_1780391839782_483143,success,,9186a417068f131d5c062329bcc98d5ac52c99e6ebaa52a5e4af04271edd5c47,1780391839782,1780391839792,1780391839796,1780391839825,10,4,29,43
200,1297,bottleneck_200_1297_1780391839787_564684,success,,375f817b0c591f17d16d06324b4f73292ecc2463a837150f3a3efd4f011caf37,1780391839787,1780391839794,1780391839797,1780391839825,7,3,28,38
200,1298,bottleneck_200_1298_1780391839793_20553,success,,055559368394b2a13aec001c8ab08538320956394cf90a4622f3c057edc4302f,1780391839793,1780391839798,1780391839800,1780391839825,5,2,25,32
200,1309,bottleneck_200_1309_1780391839847_482893,success,,c93d687718ffeb339f9d96bf5b10c33c8214ec84d2386506d0f7d8b3e8262fd1,1780391839847,1780391839855,1780391839857,1780391839872,8,2,15,25
200,1304,bottleneck_200_1304_1780391839822_713599,success,,81ca6a8d131512f341743e9795ca47e928c4cfa708f2da432665b33be2dcaa61,1780391839822,1780391839831,1780391839835,1780391839872,9,4,37,50
200,1303,bottleneck_200_1303_1780391839817_673169,success,,9d6190bacc68a3f654c62e4d598f320fe7748351133a3c3d410353aa31837af9,1780391839817,1780391839829,1780391839833,1780391839872,12,4,39,55
200,1305,bottleneck_200_1305_1780391839828_31315,success,,c67f90b83ee7eb60857c260c758a4be50401492e0611283eecf574cfd3a80b94,1780391839828,1780391839834,1780391839836,1780391839872,6,2,36,44
200,1306,bottleneck_200_1306_1780391839832_857871,success,,0e67b72141ae68af05e6032ffa336ce3ad1b3119530469501b49c80da0c539d5,1780391839832,1780391839838,1780391839841,1780391839872,6,3,31,40
200,1307,bottleneck_200_1307_1780391839837_941277,success,,dfed593c9e24f4b61faff20adb9a818edfc91d7905ae88fb6127d98cf33d16c8,1780391839837,1780391839842,1780391839844,1780391839872,5,2,28,35
200,1308,bottleneck_200_1308_1780391839841_542429,success,,463b471f316f25edbaef491a33f74b9ff8219c586885de1936935dc6204f06fd,1780391839841,1780391839846,1780391839848,1780391839872,5,2,24,31
200,1300,bottleneck_200_1300_1780391839802_690258,success,,03cd31c199948a3f4676f8bfdaaccaf25b16280f0fac13ee50e385514b4efeaf,1780391839802,1780391839807,1780391839810,1780391839873,5,3,63,71
200,1302,bottleneck_200_1302_1780391839812_310548,success,,9578f5c296fa1f4216e1076debe86df42b6d79b74b84a6f9d91221204368803a,1780391839812,1780391839827,1780391839830,1780391839873,15,3,43,61
200,1301,bottleneck_200_1301_1780391839808_32494,success,,4ff0f3cf76e0b15c9b10f01be9d139ab35694e2d60ac0adb6e88cbc68732abb6,1780391839808,1780391839829,1780391839832,1780391839873,21,3,41,65
200,1319,bottleneck_200_1319_1780391839897_991485,success,,61debd69a333159b86b06904210fb9219bd295c4751cf5d3a59d74466ab300c9,1780391839897,1780391839901,1780391839904,1780391839922,4,3,18,25
200,1310,bottleneck_200_1310_1780391839852_407067,success,,d21ae86b965811271f830839b95242222a18ac6d4cf17c55a9e3082be1191f31,1780391839852,1780391839858,1780391839863,1780391839922,6,5,59,70
200,1312,bottleneck_200_1312_1780391839861_709084,success,,598e38e13db77c73db01583de76d833379dc80816bbadd83d23b64661478bbe4,1780391839861,1780391839873,1780391839875,1780391839922,12,2,47,61
200,1311,bottleneck_200_1311_1780391839857_29615,success,,87347c3269d15bf12d8708ec2de31ad3549f546df948011e9280564f288cf267,1780391839857,1780391839874,1780391839877,1780391839922,17,3,45,65
200,1313,bottleneck_200_1313_1780391839867_35416,success,,e097f646158f489af700c6b2a56d0455f8e7db9637ca9f28ffbdb9aeebaa661d,1780391839867,1780391839876,1780391839879,1780391839922,9,3,43,55
200,1314,bottleneck_200_1314_1780391839872_791262,success,,d5e97e9dbf9a005439e437fe7d429e97ba27ab31e2139935327add76a6a7fe54,1780391839872,1780391839878,1780391839880,1780391839922,6,2,42,50
200,1315,bottleneck_200_1315_1780391839877_423378,success,,af349d733c84197994fa9afed42baa6323bb776edbea577e8e70ad30d584c969,1780391839877,1780391839881,1780391839883,1780391839922,4,2,39,45
200,1316,bottleneck_200_1316_1780391839882_902823,success,,7bb1c60737bb9d16b2f78aacbc19e7c96d4f8165d29e9140451a283c44d358b6,1780391839882,1780391839886,1780391839888,1780391839922,4,2,34,40
200,1317,bottleneck_200_1317_1780391839887_615033,success,,b9680e3a7e8279c9825c898608cc891abedda5666358b70d1c9fadee2ef8e6c7,1780391839887,1780391839892,1780391839893,1780391839922,5,1,29,35
200,1318,bottleneck_200_1318_1780391839892_118252,success,,a579f35c4ea2f8730b3427689554c6a9675cfa861421feec7ebd8d26ea84a448,1780391839892,1780391839896,1780391839898,1780391839922,4,2,24,30
200,1329,bottleneck_200_1329_1780391839947_490858,success,,bb45e9800a44f5c2d2d6da7718ee11730516c09042ad3df64dfca95666fc7211,1780391839947,1780391839956,1780391839959,1780391840024,9,3,65,77
200,1326,bottleneck_200_1326_1780391839932_378954,success,,ff5970f2f2b75befcba715290f88810df8d71e5a1f5eb75f8c250362421b24b1,1780391839932,1780391839939,1780391839941,1780391840024,7,2,83,92
200,1322,bottleneck_200_1322_1780391839912_903486,success,,1b3815ebf784f3aa6d9b1fe3f183983b3974e19a7fb26ee8f93e173fa8859f0c,1780391839912,1780391839929,1780391839933,1780391840024,17,4,91,112
200,1324,bottleneck_200_1324_1780391839922_348048,success,,b2b46a1d64141d6c5a4faf8d8a6732781141e5ccfd052f55dc3de56e10f23960,1780391839922,1780391839930,1780391839934,1780391840024,8,4,90,102
200,1325,bottleneck_200_1325_1780391839928_551598,success,,a887d413c36e01d27e3d370ca3e9384eb625424c032229847d6e97f460232957,1780391839928,1780391839934,1780391839938,1780391840024,6,4,86,96
200,1320,bottleneck_200_1320_1780391839902_451692,success,,1a0451e7e347f089e38d2e995f182ca70f89511708073036c6b3e206dd42e17b,1780391839902,1780391839907,1780391839914,1780391840024,5,7,110,122
200,1321,bottleneck_200_1321_1780391839908_119943,success,,4bc513793055e75ffee1b45ec78adc4e606dd43686e51f6facdfc228c282b94a,1780391839908,1780391839923,1780391839926,1780391840024,15,3,98,116
200,1323,bottleneck_200_1323_1780391839917_928111,success,,375eed9a8f1db99d2f286377e9553dd7f4e10b0bd7879a3ba248fd1042d65cd2,1780391839917,1780391839927,1780391839931,1780391840024,10,4,93,107
200,1327,bottleneck_200_1327_1780391839937_143827,success,,44b48847030b733ab4d4749efed487f902d4d91952ab66c5abffe8615b245565,1780391839937,1780391839943,1780391839945,1780391840024,6,2,79,87
200,1328,bottleneck_200_1328_1780391839942_158471,success,,481df8b73b4d3f1ead95f7bc869e970b76b378e102bb19af66f7210ec57ceb75,1780391839942,1780391839949,1780391839952,1780391840024,7,3,72,82
200,1342,bottleneck_200_1342_1780391840012_820068,success,,15f507bd8c0246c4b35215dd5e319646455cd58602305ea22d6f220e23eac679,1780391840012,1780391840036,1780391840039,1780391840105,24,3,66,93
200,1330,bottleneck_200_1330_1780391839953_209763,success,,958a26e1114aecea5d635b44baf31865c59fbc8196f8d3fd092677d1fd6114e9,1780391839953,1780391839962,1780391839965,1780391840105,9,3,140,152
200,1331,bottleneck_200_1331_1780391839957_377061,success,,a498103ea83b0d5d62b0b240c70c90aa24d2eafded44ae242284debce4906845,1780391839957,1780391839967,1780391839970,1780391840105,10,3,135,148
200,1332,bottleneck_200_1332_1780391839962_373750,success,,e8a7280c848fc6a5bd4467964271ad9eacf57ae370d665900d1037fa49de10ca,1780391839962,1780391839974,1780391839978,1780391840105,12,4,127,143
200,1334,bottleneck_200_1334_1780391839972_178176,success,,e48bab60dd52f039ea8604ab7578fd14e3e104292513a4de0869e7a530d69df2,1780391839972,1780391839990,1780391839999,1780391840105,18,9,106,133
200,1333,bottleneck_200_1333_1780391839967_417821,success,,04c43ea937b48aca988d98f4bca55ee479edf038b07d01ca044c50d85fe4f402,1780391839967,1780391839997,1780391840002,1780391840105,30,5,103,138
200,1335,bottleneck_200_1335_1780391839977_495429,success,,23ccea7a7f4c3037e10b8e0b3fa053b7b990495b84041127f369820c8b8f148c,1780391839977,1780391840000,1780391840006,1780391840105,23,6,99,128
200,1336,bottleneck_200_1336_1780391839982_864258,success,,f4ca5a8fddb4b33d59b8206af71bc5e5b743bb69373692f5f7e171ecc0e057ba,1780391839982,1780391840001,1780391840008,1780391840105,19,7,97,123
200,1337,bottleneck_200_1337_1780391839988_530892,success,,d3595f357c03f2d1bdc5c319fe7475f7beec3720096a317660994bff532d1042,1780391839988,1780391840025,1780391840027,1780391840105,37,2,78,117
200,1338,bottleneck_200_1338_1780391839991_846332,success,,bdeb24a5fb7991fae4e609eaf2e331fe9dbdfb31708c77972895edb0cc07100c,1780391839991,1780391840026,1780391840031,1780391840105,35,5,74,114
200,1349,bottleneck_200_1349_1780391840047_294692,success,,4b830dff3efd3252b94d2b9ac80432e8bb1f0e1dac60c54b9728050a676fe68c,1780391840047,1780391840061,1780391840068,1780391840201,14,7,133,154
200,1340,bottleneck_200_1340_1780391840002_287,success,,9c3f073d227bd1c20088a318d5eb2f736c33c1d572ca2f3c7ff39f07e010d880,1780391840002,1780391840045,1780391840053,1780391840201,43,8,148,199
200,1341,bottleneck_200_1341_1780391840007_444614,success,,3247ccd2371c0c80aab3430a0929213afb7a2201267c2761209e8def2d3df942,1780391840007,1780391840044,1780391840052,1780391840201,37,8,149,194
200,1343,bottleneck_200_1343_1780391840017_126169,success,,d47d63977dab0c036889ef511bc8604a0990160588adf30bf0c124d08a0776ec,1780391840017,1780391840046,1780391840054,1780391840201,29,8,147,184
200,1344,bottleneck_200_1344_1780391840022_848780,success,,6a947b5352b615503c4ba642632ef0d30e9be890c580e8e5977f27c1e30624c0,1780391840022,1780391840045,1780391840056,1780391840201,23,11,145,179
200,1339,bottleneck_200_1339_1780391839998_121282,success,,b765f4e86ddce9dbd2baf7396669d0b5d67a14878c6329a930640360f4a4825d,1780391839998,1780391840048,1780391840058,1780391840201,50,10,143,203
200,1345,bottleneck_200_1345_1780391840026_415210,success,,df60b9b281fb987ea1fe799aeca00ec7a8f0da06780a05f0e566a63779ef15e6,1780391840026,1780391840049,1780391840059,1780391840201,23,10,142,175
200,1346,bottleneck_200_1346_1780391840033_146578,success,,472c22147788063a58982d22e7f4f3ad1b66fb47c08f7f0d358029b26cce4d92,1780391840033,1780391840049,1780391840057,1780391840201,16,8,144,168
200,1348,bottleneck_200_1348_1780391840042_71509,success,,ce075fcc938f33a527ac551a1eda6349c7ec8bd660d579ba4a1659a1a6b4db31,1780391840042,1780391840051,1780391840060,1780391840201,9,9,141,159
200,1347,bottleneck_200_1347_1780391840037_262376,success,,1e4ecf3c821b4b1eae9ac744e13b5c8a662779346cb3049c5eb18d09a937a485,1780391840037,1780391840050,1780391840059,1780391840201,13,9,142,164
200,1352,bottleneck_200_1352_1780391840062_287683,success,,68103ad3fec4b2db6355f4f024b56a4972568873f002e4f369d17c29c9b38b3b,1780391840062,1780391840160,1780391840167,1780391840219,98,7,52,157
200,1350,bottleneck_200_1350_1780391840052_289316,success,,4b47a47f90b93bb95521533f9b7c251cb426f1a533251960957c8b3e71f8bf57,1780391840052,1780391840062,1780391840070,1780391840219,10,8,149,167
200,1351,bottleneck_200_1351_1780391840056_133757,success,,2b1f5333d23a12edbd2b41501a7ea4b7e33f319c11f6831ec0e9fad7f266fa14,1780391840056,1780391840064,1780391840069,1780391840219,8,5,150,163
200,1356,bottleneck_200_1356_1780391840083_911913,success,,c6a4cd9d866656ae08a1077662239539c1ceec691cfbffaed2e15548a7f8cd71,1780391840083,1780391840157,1780391840162,1780391840219,74,5,57,136
200,1361,bottleneck_200_1361_1780391840106_594147,success,,e7cbbf966709dc3069a38e293425c9e4d7f5fff75f29897390f0d62607219866,1780391840106,1780391840159,1780391840164,1780391840219,53,5,55,113
200,1357,bottleneck_200_1357_1780391840086_312111,success,,6707fad660a48ae46cd861a70f916e21db5acbc8e00e093c956c21dcfb95d2ac,1780391840086,1780391840151,1780391840163,1780391840219,65,12,56,133
200,1355,bottleneck_200_1355_1780391840077_534504,success,,08857ffe71cb5e260ae1f981e708da01190bc25f70693e20c6c2975f3c4c2282,1780391840077,1780391840156,1780391840161,1780391840219,79,5,58,142
200,1358,bottleneck_200_1358_1780391840091_213370,success,,1632290fdd5804553ed3168b1ec1006390def44617959b19f4c55d49e420325f,1780391840091,1780391840153,1780391840166,1780391840219,62,13,53,128
200,1353,bottleneck_200_1353_1780391840067_96403,success,,1cba4dbc9d9bc44c2112b3d631af50c5b34f3e34ac60a95296999f1efe0455ac,1780391840067,1780391840159,1780391840165,1780391840219,92,6,54,152
200,1360,bottleneck_200_1360_1780391840102_504877,success,,495aeabf1b9fae7552f47ca5b2f04d6ca22315363d87342446ea59f0108497ff,1780391840102,1780391840155,1780391840165,1780391840219,53,10,54,117
200,1378,bottleneck_200_1378_1780391840192_702693,success,,bd83b237eed25aade6da5ca292734bc5fbf77d0229c40c3e837683e9880e4ae3,1780391840192,1780391840235,1780391840254,1780391840283,43,19,29,91
200,1371,bottleneck_200_1371_1780391840158_579996,success,,5d0231335088b46f5d4758d4d4c69e59314f685d45bc6edefeb17d4b6f2bcafb,1780391840158,1780391840237,1780391840263,1780391840283,79,26,20,125
200,1354,bottleneck_200_1354_1780391840072_762330,success,,d86fb12cb57ebb2cbf11aebd3cd4a7c2f7285f75495a70df86023760e48d57b9,1780391840072,1780391840154,1780391840168,1780391840283,82,14,115,211
200,1359,bottleneck_200_1359_1780391840097_174827,success,,b5e2120abf5e15f12e8dcce792b0e8058a7571e50564a4621917b86bf224a7d7,1780391840097,1780391840151,1780391840171,1780391840283,54,20,112,186
200,1370,bottleneck_200_1370_1780391840152_230452,success,,42acadc6f4c2e2564b837735ca7369fc05b4e297d9d3b493c4c2d25530a1d257,1780391840152,1780391840230,1780391840236,1780391840283,78,6,47,131
200,1373,bottleneck_200_1373_1780391840168_478999,success,,c94b0975e54296ffff117a151fb6d0a7b85dd92bc05bd09c22d5bed22042ca8f,1780391840168,1780391840230,1780391840236,1780391840283,62,6,47,115
200,1362,bottleneck_200_1362_1780391840113_32771,success,,51233e4c4af6228f282ea8733c66c3e7df41946cad354f2d2ef2ff7fa8bea1e2,1780391840113,1780391840229,1780391840244,1780391840283,116,15,39,170
200,1365,bottleneck_200_1365_1780391840127_573433,success,,a3a8e0d0633b16a83d8bec27cdb93581ecc4ca045e5e1bc00ce4b53d401c59f6,1780391840127,1780391840234,1780391840257,1780391840283,107,23,26,156
200,1377,bottleneck_200_1377_1780391840187_850837,success,,b38b1afcfeabd71586822e31e9c466cf9233a8abd34065993e97eabca5295e12,1780391840187,1780391840233,1780391840256,1780391840283,46,23,27,96
200,1364,bottleneck_200_1364_1780391840122_398700,success,,bc2111996d53a8dc02aa5bcb9ea3e97714f30ae4751ca49d544e7b7993d076cd,1780391840122,1780391840234,1780391840257,1780391840283,112,23,26,161
200,1381,bottleneck_200_1381_1780391840207_837421,success,,05532e14d450cd309fbc9f74718ba3e2df80dfa4592b7251168f3294d320ce26,1780391840207,1780391840248,1780391840268,1780391840296,41,20,28,89
200,1383,bottleneck_200_1383_1780391840218_130955,success,,984d914ab209d5de554639797d411e387414b6e3eb0dd736268c70a87378ec42,1780391840218,1780391840250,1780391840275,1780391840296,32,25,21,78
200,1372,bottleneck_200_1372_1780391840163_875798,success,,8732a03e9296944d2bf1e0bd6fcbd3f38084d7a50cb532649cfe76cd9f185ad3,1780391840163,1780391840238,1780391840261,1780391840296,75,23,35,133
200,1368,bottleneck_200_1368_1780391840142_251819,success,,95555d33b9cc6f463bd2b181761f984666f2670ccaa51ffaf6b529e82a14edce,1780391840142,1780391840239,1780391840262,1780391840296,97,23,34,154
200,1366,bottleneck_200_1366_1780391840132_549950,success,,fa86aaa6651c17ff81f4c0a13fc6c6c29cee7a9f00d693fbdf57e6b46b992fae,1780391840132,1780391840240,1780391840263,1780391840296,108,23,33,164
200,1363,bottleneck_200_1363_1780391840117_298053,success,,fb2541004f7a2c91015d2abbf7906fcda0337a24efa814040fb818090e3e2319,1780391840117,1780391840241,1780391840264,1780391840296,124,23,32,179
200,1379,bottleneck_200_1379_1780391840197_578146,success,,896a744a1a96a086bfa21b5dc46c52a2427f0ef1e9b84f551bc00e8789eed8af,1780391840197,1780391840243,1780391840265,1780391840296,46,22,31,99
200,1369,bottleneck_200_1369_1780391840147_604855,success,,ab08b1649b523a5adf761ea3ce38a35d6f1d1aeeff52df5b593757c70cae745a,1780391840147,1780391840246,1780391840267,1780391840296,99,21,29,149
200,1380,bottleneck_200_1380_1780391840202_658939,success,,6b6eedc28a81dfe314a8d6dc6636efbb7940228835ae637f009c1679432aaefa,1780391840202,1780391840247,1780391840266,1780391840296,45,19,30,94
200,1382,bottleneck_200_1382_1780391840213_499439,success,,27111c3ed0f4d0a1acfe087c66cb44f0aac712c0ea8072387a6e52769ef3164b,1780391840213,1780391840245,1780391840266,1780391840296,32,21,30,83
200,1389,bottleneck_200_1389_1780391840248_580515,success,,64f233826e0d672a0b5a7459b08a3d9375edddc0bceb41ab6769881ef2c3bd7b,1780391840248,1780391840281,1780391840290,1780391840310,33,9,20,62
200,1375,bottleneck_200_1375_1780391840177_470868,success,,b627ac0d40c5ae44b1a82645b624de826526ab5905c11da901081bdc71d4a117,1780391840177,1780391840250,1780391840278,1780391840310,73,28,32,133
200,1376,bottleneck_200_1376_1780391840182_762525,success,,61653b843c559f583108f33c82e681a5bf6aea340c631101c6f7fe5195736a3a,1780391840182,1780391840260,1780391840284,1780391840311,78,24,27,129
200,1384,bottleneck_200_1384_1780391840222_808094,success,,87f67f3d7b02ae325a039e75830f4280d905782d357abcc0650d228fa010a9ad,1780391840222,1780391840253,1780391840279,1780391840311,31,26,32,89
200,1385,bottleneck_200_1385_1780391840227_547004,success,,040d50e458d691444b33eb854132c557f921cb868bcff2ce71eb59fc7beb64c9,1780391840227,1780391840264,1780391840285,1780391840311,37,21,26,84
200,1367,bottleneck_200_1367_1780391840136_553785,success,,6db99f81ca23303c49999d72facb39d2f99ce792f239c71e32af41587c95def4,1780391840136,1780391840252,1780391840276,1780391840311,116,24,35,175
200,1386,bottleneck_200_1386_1780391840231_384248,success,,21396e7cfebd5271619851868a7a095151e7f06d55a15816f849d9689b7db0f7,1780391840231,1780391840259,1780391840283,1780391840311,28,24,28,80
200,1374,bottleneck_200_1374_1780391840172_820115,success,,3dac9e2894c8258db6ef26dc26866fb09dae41c2a6621d2d4c61614026b21af6,1780391840172,1780391840251,1780391840277,1780391840311,79,26,34,139
200,1388,bottleneck_200_1388_1780391840242_273493,success,,f8e7ab11fdbf18a14a82308e6f23df6e8a7d262cc7cdd2beaadc93d11984a94d,1780391840242,1780391840268,1780391840285,1780391840311,26,17,26,69
200,1387,bottleneck_200_1387_1780391840242_589557,success,,cae648fd9e3f1a12edbd007287c6c6d9842c2d3be1a21bb880abe2a8b4073b0d,1780391840242,1780391840274,1780391840289,1780391840311,32,15,22,69
200,1400,bottleneck_200_1400_1780391840302_690309,success,,57cb4dbcb86be7037b3096f6529edb3099ca1dce1bb3498894b995d3f35647de,1780391840302,1780391840319,1780391840328,1780391840350,17,9,22,48
200,1391,bottleneck_200_1391_1780391840269_598528,success,,a2536fddc5d09b215a1791998d24883785fb3cb63b21831e8646b9b75fa40c61,1780391840269,1780391840292,1780391840304,1780391840350,23,12,46,81
200,1397,bottleneck_200_1397_1780391840287_330087,success,,f3619ea906c714af3d93009287fcd40d1c0ba2f608921ab1dbe3fcf00edb45ae,1780391840287,1780391840314,1780391840318,1780391840350,27,4,32,63
200,1398,bottleneck_200_1398_1780391840295_567351,success,,a1256cbf4ce2bb12cf651d95db29ac3a3e7dfb1bd53a708c2b73fe21ae7973d9,1780391840295,1780391840315,1780391840320,1780391840350,20,5,30,55
200,1396,bottleneck_200_1396_1780391840286_767842,success,,f8e1ec70e4ec07da710e3210d925e91e58e13bdde6f9ca99dad9fe44d9ff18fc,1780391840286,1780391840316,1780391840320,1780391840350,30,4,30,64
200,1395,bottleneck_200_1395_1780391840280_543078,success,,48976b940c929023c5a69312f7cd0b456c249747f4812bd3b61b60af739c1685,1780391840280,1780391840316,1780391840325,1780391840350,36,9,25,70
200,1393,bottleneck_200_1393_1780391840271_433773,success,,9f17740b2b5b6f1923230f89c713bf2be497dbfee40f64501c1d51da9d241f4d,1780391840271,1780391840294,1780391840300,1780391840350,23,6,50,79
200,1390,bottleneck_200_1390_1780391840253_948028,success,,b53d6bc0e3b5d235cbc3e8cd095cfa7699c68c27de80c54699a625328d42989d,1780391840253,1780391840282,1780391840291,1780391840350,29,9,59,97
200,1392,bottleneck_200_1392_1780391840270_618027,success,,04496c5121bb4a4c39b050fbf85ff7edd4787c2c48123455b7f784633c46c69e,1780391840270,1780391840293,1780391840299,1780391840350,23,6,51,80
200,1394,bottleneck_200_1394_1780391840272_843600,success,,64001b53cd9ed41ecb2341a4c8aebd676d11dd234364571863b08afd583b7514,1780391840272,1780391840293,1780391840301,1780391840350,21,8,49,78
200,1410,bottleneck_200_1410_1780391840352_862777,success,,f5de56ac0fab636aa900d195fc01e68b9a4a38f0d968178022f5592717237a1b,1780391840352,1780391840362,1780391840367,1780391840389,10,5,22,37
200,1401,bottleneck_200_1401_1780391840307_407827,success,,541128d22742f9c292a309488daf8ae069047a589e731f5025fd363460c8f27a,1780391840307,1780391840323,1780391840330,1780391840389,16,7,59,82
200,1402,bottleneck_200_1402_1780391840312_110424,success,,a7d79172d981733601dc76226e98bb1ce1e6d36a3cc55018ceae78fa26db2e4f,1780391840312,1780391840324,1780391840331,1780391840389,12,7,58,77
200,1399,bottleneck_200_1399_1780391840297_337559,success,,a56523ea2c556205a65c9082af4dda0eca328c4fead6e37311b709d861647019,1780391840297,1780391840322,1780391840329,1780391840389,25,7,60,92
200,1403,bottleneck_200_1403_1780391840317_947283,success,,8fbc831b1fb82e1c8a48720625d1c35e17bf1c28643e0091b62b03ba74f69123,1780391840317,1780391840328,1780391840331,1780391840389,11,3,58,72
200,1404,bottleneck_200_1404_1780391840326_439341,success,,7e434d4a3531081a56fdb52139c3d474eab66b53e0e697d040303d51ca192d64,1780391840326,1780391840337,1780391840345,1780391840389,11,8,44,63
200,1405,bottleneck_200_1405_1780391840327_332245,success,,3c15fbdb8e2bb7e611de6ed81df35fe160ae2ce2a4679231282b67c1ac3e5284,1780391840327,1780391840338,1780391840344,1780391840389,11,6,45,62
200,1406,bottleneck_200_1406_1780391840332_612899,success,,39b76c5276736c9896e8e43c37b520abd7997bba6a8e4767f1c7163172960173,1780391840332,1780391840345,1780391840347,1780391840389,13,2,42,57
200,1407,bottleneck_200_1407_1780391840339_788543,success,,baf7e62ba3a3f517a77d5f9e97868af54ebd6d6edbbd8c42402bb3dbc0b41c09,1780391840339,1780391840359,1780391840363,1780391840389,20,4,26,50
200,1409,bottleneck_200_1409_1780391840347_87732,success,,be48831dcaeff4ec6cfc4c00ce13c447a482be8814745583e8bc5305bce740be,1780391840347,1780391840361,1780391840365,1780391840389,14,4,24,42
200,1419,bottleneck_200_1419_1780391840397_107071,success,,8ad09e3efb365421d90edf6c06a2de8164d94c924829d55ddfdddd54932e1bf3,1780391840397,1780391840403,1780391840406,1780391840441,6,3,35,44
200,1411,bottleneck_200_1411_1780391840358_693898,success,,4a0230d5e3332dede51d83e9276c10212f17b27402d0f5ab52ebb54b793daab2,1780391840358,1780391840364,1780391840367,1780391840441,6,3,74,83
200,1408,bottleneck_200_1408_1780391840342_70052,success,,6a510f59c94c64c109e310d57be606c69d55666489fcc7728bc67bb27f2e94cb,1780391840342,1780391840360,1780391840369,1780391840441,18,9,72,99
200,1412,bottleneck_200_1412_1780391840362_400974,success,,e283609835d4636ad72344803acc108bbce79285268a68f3e3d112a802826ac5,1780391840362,1780391840371,1780391840374,1780391840441,9,3,67,79
200,1416,bottleneck_200_1416_1780391840383_459306,success,,2a6f29cac9c3860d7cd5fa3772a5e3bd1d8dd2e5b2282d6cf5de9a20e68783fb,1780391840383,1780391840396,1780391840400,1780391840441,13,4,41,58
200,1417,bottleneck_200_1417_1780391840387_92425,success,,2ecc535399308532f789a8be5ab21724a3e0a39d93f6d7ced2c7bc1eac46a878,1780391840387,1780391840398,1780391840401,1780391840441,11,3,40,54
200,1418,bottleneck_200_1418_1780391840392_776143,success,,442d00f322ed7c5bd20b9c3bbd41f46834a9b158c0485761c7f69b327ef1e94d,1780391840392,1780391840399,1780391840402,1780391840443,7,3,41,51
200,1414,bottleneck_200_1414_1780391840372_237051,success,,505f6157fa905f16d88feabe41e9fb1d61c3dfef7b688a6013ba37bb6eb2cd06,1780391840372,1780391840394,1780391840398,1780391840443,22,4,45,71
200,1413,bottleneck_200_1413_1780391840368_627759,success,,88878e5453a9755ee491bd49b08e17de9df49ecf9798645ee631d3968d381cd2,1780391840368,1780391840380,1780391840382,1780391840443,12,2,61,75
200,1415,bottleneck_200_1415_1780391840378_665452,success,,95ff0f5451997b84aeef795bcfb02fa53afa107200954a8ca5011f1d3116ceb3,1780391840378,1780391840391,1780391840395,1780391840443,13,4,48,65
200,1429,bottleneck_200_1429_1780391840447_439174,success,,6461e386151a6bd5e5c98e76f7e4aa739e5ea6ffef4d621c94f26b6b9e0a83e2,1780391840447,1780391840461,1780391840473,1780391840516,14,12,43,69
200,1426,bottleneck_200_1426_1780391840432_547307,success,,24f9e3d240868f1a6ffd51380ea7dec66386ca1b901f972f087e7133e83c3dfc,1780391840432,1780391840457,1780391840467,1780391840516,25,10,49,84
200,1428,bottleneck_200_1428_1780391840442_725529,success,,6e22f23ae35d5b0b27eaece1453eee1222f8d56d139c7f3747965b6110d62351,1780391840442,1780391840454,1780391840466,1780391840516,12,12,50,74
200,1427,bottleneck_200_1427_1780391840436_183657,success,,45704e671056a5dc9b41396dbcb033dc34fa1cc077e3fe6e8c48f9204ecb6a4a,1780391840436,1780391840458,1780391840468,1780391840516,22,10,48,80
200,1425,bottleneck_200_1425_1780391840427_80171,success,,9fc8f923f47f6416573d0b17491237612fd7c415b4423b5d74ae963798e0d4e6,1780391840427,1780391840460,1780391840469,1780391840516,33,9,47,89
200,1420,bottleneck_200_1420_1780391840402_259839,success,,42008b2ad3fdf9cb6079fbe14e206bdac2a23c861065cd1245524a6abb41fa6b,1780391840402,1780391840410,1780391840415,1780391840517,8,5,102,115
200,1421,bottleneck_200_1421_1780391840407_439247,success,,ee5e30e5ed6b470f90f0f367c63cb5d76313d0ac8b50a42284d490d4b187ef69,1780391840407,1780391840428,1780391840431,1780391840518,21,3,87,111
200,1424,bottleneck_200_1424_1780391840422_864378,success,,2a88dcd992d867b5f1e4e726d90ba736725b0a514dd0cf3c23afe6cf139cf8cb,1780391840422,1780391840456,1780391840466,1780391840518,34,10,52,96
200,1423,bottleneck_200_1423_1780391840417_968639,success,,5dc53ee87d399257782c6ae92698dd5d295cbc0b74fd9c0f20ae679054bcf266,1780391840417,1780391840451,1780391840462,1780391840518,34,11,56,101
200,1422,bottleneck_200_1422_1780391840412_557450,success,,88d26aa53ad7ee8a22ab649f331bfa05e7c29c9dcffe3a03604d2e8714496161,1780391840413,1780391840455,1780391840465,1780391840518,42,10,53,105
200,1438,bottleneck_200_1438_1780391840492_692930,success,,4ad2f99fc0c3dcb89ef583d209750b60f7cfcf5b4f159a8fd5ff7f3c6c1a0615,1780391840492,1780391840515,1780391840520,1780391840568,23,5,48,76
200,1430,bottleneck_200_1430_1780391840452_551453,success,,099c5f20eb618fe3fb78fc8f6f445a41dcfe45bf92208037af5e09dba96ce455,1780391840452,1780391840464,1780391840475,1780391840568,12,11,93,116
200,1431,bottleneck_200_1431_1780391840459_100737,success,,900b5c799d9fd166b4e17d7a1a8e4343581ac36d9ef4f16470c47b906aceafc6,1780391840459,1780391840474,1780391840482,1780391840568,15,8,86,109
200,1432,bottleneck_200_1432_1780391840463_867477,success,,89a43dbdbd4c593dd06618440589d248a447977e44c4e86190d1a4d51f601e93,1780391840463,1780391840476,1780391840481,1780391840568,13,5,87,105
200,1434,bottleneck_200_1434_1780391840472_69782,success,,e60224aca295867f152994b779b591c3c5f4ec77f3888cad2ef4895649f6c9c9,1780391840472,1780391840487,1780391840499,1780391840568,15,12,69,96
200,1433,bottleneck_200_1433_1780391840470_383815,success,,960a7fd974723ca0cce84ba89adaac13d0b1749afa76a0b2871f64b4544f076a,1780391840470,1780391840489,1780391840504,1780391840568,19,15,64,98
200,1437,bottleneck_200_1437_1780391840488_841000,success,,1799645bebcdcdbf886ec872654d42e73688b4e73e5034dd3dfb3660fdb26ec4,1780391840488,1780391840513,1780391840519,1780391840568,25,6,49,80
200,1435,bottleneck_200_1435_1780391840477_395903,success,,34cce597e0e46e3a31756d577734fac9f7567e3e00ab74f86664833b524abc8c,1780391840477,1780391840501,1780391840505,1780391840569,24,4,64,92
200,1439,bottleneck_200_1439_1780391840497_306058,success,,6d4be7e74da5808d7cf6b4868d2bf643a7ae35ad0776ad6854f8d92ed8a60984,1780391840497,1780391840514,1780391840521,1780391840569,17,7,48,72
200,1436,bottleneck_200_1436_1780391840483_316209,success,,eb5801a15446483e092f87f1eca223fbc4cf4410ae5955a1d4232e7060f95c7f,1780391840483,1780391840513,1780391840518,1780391840569,30,5,51,86
200,1445,bottleneck_200_1445_1780391840528_417714,success,,d8d192e5420c68b14c8663480270f680759cc6d20aaf7ab8bd3cb7390a224474,1780391840528,1780391840566,1780391840579,1780391840656,38,13,77,128
200,1440,bottleneck_200_1440_1780391840502_303297,success,,14f4765117b25a1c434037cc854c89d787aa4c28e7e796690cc89b04eb4aa060,1780391840502,1780391840536,1780391840549,1780391840656,34,13,107,154
200,1442,bottleneck_200_1442_1780391840511_369932,success,,b393264f0ac3d252d160192b63c375bb77ffa581968b61d9e31860d0be54a201,1780391840511,1780391840535,1780391840546,1780391840656,24,11,110,145
200,1444,bottleneck_200_1444_1780391840522_957389,success,,84f436ddb42ec69cae7cc6e30931bb180b772046b2e33f9e1172b8cf5b35375d,1780391840522,1780391840539,1780391840550,1780391840657,17,11,107,135
200,1443,bottleneck_200_1443_1780391840517_682220,success,,59343f5894b4983686f1aba6d622fcec7e274f823ef4f3e7ded00eb4cc143e61,1780391840517,1780391840537,1780391840552,1780391840657,20,15,105,140
200,1441,bottleneck_200_1441_1780391840507_217883,success,,09c998db450f4d90af9ccfbb489d52707639cd9a7385cccbcb94e89328440bb1,1780391840507,1780391840540,1780391840554,1780391840657,33,14,103,150
200,1449,bottleneck_200_1449_1780391840547_516895,success,,2aedfaa0952b2e55cf0c419f02dc8fe9d91ec7a9b04591eb5199da323c71bbb8,1780391840547,1780391840564,1780391840572,1780391840657,17,8,85,110
200,1447,bottleneck_200_1447_1780391840538_193050,success,,485e8a4abce97e8e246a0c2675b9964a141c36d996631c9de7d2db703b41550a,1780391840538,1780391840565,1780391840571,1780391840657,27,6,86,119
200,1446,bottleneck_200_1446_1780391840532_684455,success,,86b1fd33484d4a89155d2d8372d4200b1f6f4033e7f128a7d98f9605a32a6cb2,1780391840532,1780391840563,1780391840570,1780391840657,31,7,87,125
200,1448,bottleneck_200_1448_1780391840543_314297,success,,b7c2e5c928db1755e384680bd4d5095e0b5e6c07e1d4ba777b7f95cf476471b3,1780391840543,1780391840566,1780391840582,1780391840657,23,16,75,114
200,1461,bottleneck_200_1461_1780391840608_441666,success,,f5c78839f2df9c9b9288f5500605ce86029000f17f8280faa655db0b90ec40b7,1780391840608,1780391840651,1780391840659,1780391840696,43,8,37,88
200,1453,bottleneck_200_1453_1780391840567_891835,success,,0058f9c51601ae87ff4d8199e9b7cd248ff5f5bd81be057168178ba80130c8f7,1780391840567,1780391840634,1780391840641,1780391840697,67,7,56,130
200,1450,bottleneck_200_1450_1780391840553_26460,success,,73dce806f18599d57fa62aeea019605433f3ca0706600527810bdd968a290599,1780391840553,1780391840581,1780391840591,1780391840697,28,10,106,144
200,1451,bottleneck_200_1451_1780391840557_965684,success,,175a6353af8031ea7e69be810253cf9d841326faf59bbc24efa6fc117e75fb05,1780391840557,1780391840580,1780391840594,1780391840697,23,14,103,140
200,1459,bottleneck_200_1459_1780391840596_558145,success,,13852376e0aeb7f0cbb14d0af3788ef178f6d11b4ef078ab4a4557e7896725a7,1780391840596,1780391840647,1780391840657,1780391840697,51,10,40,101
200,1456,bottleneck_200_1456_1780391840583_754594,success,,c0fe4bca5063a14d0102b99fc3067f3250d7742e8f55c20e2d1a8cf154dd20e7,1780391840583,1780391840652,1780391840659,1780391840697,69,7,38,114
200,1462,bottleneck_200_1462_1780391840611_604605,success,,41bc1414ef1980b73f8f5dbaf391253cca4cb32f45f6772a4a0634d81cb3c785,1780391840611,1780391840650,1780391840660,1780391840697,39,10,37,86
200,1454,bottleneck_200_1454_1780391840573_626090,success,,378aefdcf3fb5614bbeae765c982d3eb4bb1d0185eb1c7c1ebf53324b3a7b1f3,1780391840573,1780391840636,1780391840646,1780391840698,63,10,52,125
200,1455,bottleneck_200_1455_1780391840577_501959,success,,6ad10a1d11bc2807f876bec4dcf6c212d330ae4fea14f94c257566e8919fe55b,1780391840577,1780391840635,1780391840650,1780391840698,58,15,48,121
200,1452,bottleneck_200_1452_1780391840562_1121,success,,c4d264ccffb3a5476d5505301f894b67ddb9bce9108bf9385ecbebbf692cc254,1780391840562,1780391840584,1780391840601,1780391840698,22,17,97,136
200,1471,bottleneck_200_1471_1780391840657_943736,success,,8c5a736f9927dd5aa4c19d02358ab77f67c91cee630bc186c1de2db375b05b13,1780391840657,1780391840684,1780391840694,1780391840726,27,10,32,69
200,1468,bottleneck_200_1468_1780391840642_691344,success,,1a7a6de714fcfabd09bf791604e87f034944f88670b222ef898000011ed5bb4f,1780391840642,1780391840677,1780391840688,1780391840727,35,11,39,85
200,1458,bottleneck_200_1458_1780391840592_436944,success,,e9563f45386e434f080e539293c0089b27724f87324940132a2eb856a9296905,1780391840592,1780391840649,1780391840662,1780391840728,57,13,66,136
200,1465,bottleneck_200_1465_1780391840627_740484,success,,6da3d826f13691db231770106ae32cda2ec1e361386d20430d00ba246f764298,1780391840627,1780391840681,1780391840690,1780391840728,54,9,38,101
200,1466,bottleneck_200_1466_1780391840632_406106,success,,44e6b28431ef056d7436b8fb5a9b8d4eead09def16e0f3b76fe20c063dab4a09,1780391840632,1780391840679,1780391840692,1780391840728,47,13,36,96
200,1470,bottleneck_200_1470_1780391840655_339360,success,,e5c0b931716ffd788d271afead5b3a4453613f37fec1f33670a45203255bcb8c,1780391840655,1780391840681,1780391840691,1780391840728,26,10,37,73
200,1469,bottleneck_200_1469_1780391840648_190701,success,,fca04078c3b37267e0fd2ae18a8457f7aeb34846c9e72db0ddde0c18baf2f3c0,1780391840648,1780391840683,1780391840693,1780391840728,35,10,35,80
200,1467,bottleneck_200_1467_1780391840637_561072,success,,b9309c6394bdc9cd8437c6c11e4cef9bf0c0145e294a443068c616831a838a61,1780391840637,1780391840680,1780391840692,1780391840728,43,12,36,91
200,1460,bottleneck_200_1460_1780391840602_267355,success,,11d7e81e4d083e5160f93d4fa8a8398d6c1c97dcd4fbcf050d767b052d8df1ea,1780391840602,1780391840654,1780391840664,1780391840728,52,10,64,126
200,1457,bottleneck_200_1457_1780391840587_792456,success,,1924a438311ef2bc36fca23bb7e2cf674e44ab2d7fae8b78ed2019cc5b2f189b,1780391840587,1780391840653,1780391840665,1780391840728,66,12,63,141
200,1480,bottleneck_200_1480_1780391840703_648763,success,,0ca6cac43e3714de8475950a5490aa538bb75032893758d109032eb132ec09ca,1780391840703,1780391840728,1780391840731,1780391840769,25,3,38,66
200,1463,bottleneck_200_1463_1780391840617_174984,success,,b1546b2f4f9246bff6589fbba2935917e41435782308cbf68c51de38bffdc581,1780391840617,1780391840687,1780391840696,1780391840769,70,9,73,152
200,1464,bottleneck_200_1464_1780391840622_832865,success,,008970f7ef555d33ebda65b34e63bae5c016228fbeb16426c009aaa4a5c5fe24,1780391840622,1780391840686,1780391840698,1780391840769,64,12,71,147
200,1472,bottleneck_200_1472_1780391840663_57564,success,,9e0b205480d1d7ddb28e2c676065a0d9b886dd7d17e23339ac82857030f8a01e,1780391840663,1780391840698,1780391840713,1780391840769,35,15,56,106
200,1475,bottleneck_200_1475_1780391840678_187749,success,,2d83f934658c3ddb0b4c8665ef5cea1629e456d9261f415423f93b4916ffa35d,1780391840678,1780391840701,1780391840714,1780391840769,23,13,55,91
200,1474,bottleneck_200_1474_1780391840672_737074,success,,1e9c29db5db8acb16e161587fdd76d8f605b9e1ce4b13a41dae265b99e5e8661,1780391840672,1780391840699,1780391840715,1780391840769,27,16,54,97
200,1473,bottleneck_200_1473_1780391840667_340340,success,,96b4505e0068894dc6cfc86bbb00917e948cb184662ba17d14c254566cc3d51c,1780391840667,1780391840700,1780391840712,1780391840769,33,12,57,102
200,1476,bottleneck_200_1476_1780391840682_809469,success,,1108f500c75ed0afbd6dd070003d76bf0fac67f6b86ea413581d4d4be0637ac2,1780391840682,1780391840710,1780391840719,1780391840769,28,9,50,87
200,1477,bottleneck_200_1477_1780391840689_632081,success,,c4301bce3caa5797780a227cde4c1bd1b5ebaa9550be60dd94eb23975d527bb5,1780391840689,1780391840715,1780391840723,1780391840769,26,8,46,80
200,1478,bottleneck_200_1478_1780391840695_446397,success,,8d6125f320409970720a7fa9473617adeb1829d65ba6f405e4f6bf8f7e5057e7,1780391840695,1780391840718,1780391840724,1780391840769,23,6,45,74
200,1489,bottleneck_200_1489_1780391840748_333412,success,,444592903eb5bc589a98c6a9927b22125492f774d08bd6ff164842aecfbffdd0,1780391840748,1780391840764,1780391840769,1780391840796,16,5,27,48
200,1479,bottleneck_200_1479_1780391840702_199125,success,,1ed80cfcdf55665a9e33cbc43e3a8bf6a04985edba97f4b5c6e1848a304afbd7,1780391840702,1780391840729,1780391840732,1780391840796,27,3,64,94
200,1484,bottleneck_200_1484_1780391840722_470705,success,,70ce9ddb4f0eb681e5f2eb1bcc1a7e9f0b4c29c0c159f7c7e1ff9b6fe39095a0,1780391840722,1780391840740,1780391840754,1780391840796,18,14,42,74
200,1485,bottleneck_200_1485_1780391840727_28590,success,,ec6475913568ab6f19bb0c75f55444e1bb0646ff6307eaa3ba165a68467787a6,1780391840727,1780391840745,1780391840758,1780391840796,18,13,38,69
200,1481,bottleneck_200_1481_1780391840708_464942,success,,0498799c817e05d98e9e6518b5a8edc33bead93c722657268c11a1332027588c,1780391840708,1780391840747,1780391840759,1780391840796,39,12,37,88
200,1483,bottleneck_200_1483_1780391840717_270152,success,,b6cc1aea7588c06ce1366e8f57f113f09797d10712dcc10175d74f6e081c806d,1780391840717,1780391840753,1780391840761,1780391840796,36,8,35,79
200,1486,bottleneck_200_1486_1780391840731_201759,success,,2d09119b855bd54450bee5758eec470ab2eaabaa472e14e61f77f5019bc89bc8,1780391840731,1780391840749,1780391840761,1780391840796,18,12,35,65
200,1482,bottleneck_200_1482_1780391840716_528181,success,,2254bb6c4998ad41258f6326f9be3c2f409a6fd9f3d5d3ca1ae33af9e65e09a2,1780391840716,1780391840751,1780391840765,1780391840796,35,14,31,80
200,1487,bottleneck_200_1487_1780391840737_204792,success,,9ca673e40b592f64c07dcf003e56792064d69f753cc15851e30904982f876bcd,1780391840737,1780391840760,1780391840765,1780391840796,23,5,31,59
200,1488,bottleneck_200_1488_1780391840743_432120,success,,f17a713a165eb5cefbd0b361d5624fb8065e7ea58b2b5ca54d2df0824097caae,1780391840743,1780391840763,1780391840767,1780391840796,20,4,29,53
200,1499,bottleneck_200_1499_1780391840798_550898,success,,d81656ff0dfde231052db341ae7baca672c555433b05f1dedf6459b03a54ff1a,1780391840798,1780391840807,1780391840816,1780391840846,9,9,30,48
200,1490,bottleneck_200_1490_1780391840756_542581,success,,b811f3a0c8361345678f6f9da092baee55015d5250a92a90543dffafcc426476,1780391840756,1780391840784,1780391840786,1780391840846,28,2,60,90
200,1491,bottleneck_200_1491_1780391840757_503564,success,,168968499e3e5b24df1668ed67488bbea9d3dbbad37aba9b98552b7015dc927b,1780391840757,1780391840797,1780391840804,1780391840846,40,7,42,89
200,1492,bottleneck_200_1492_1780391840762_25803,success,,bc2fa64a2fe6b781e50c6df488e7a0615edd2db79d0cbc96cd376970c80930d1,1780391840762,1780391840801,1780391840809,1780391840846,39,8,37,84
200,1496,bottleneck_200_1496_1780391840783_567863,success,,5f12adacecd6b011388503f8c478ee2737649a9a5121a6136f8d32fba6f9b5cd,1780391840783,1780391840802,1780391840810,1780391840846,19,8,36,63
200,1495,bottleneck_200_1495_1780391840778_312444,success,,b98aedd413776c159e380aad571a0b67d80ab3c6d387bc609c7b4bba45b6c265,1780391840778,1780391840799,1780391840809,1780391840846,21,10,37,68
200,1494,bottleneck_200_1494_1780391840773_669135,success,,5eb7221cf85208ef8e0d31b79b91c69ca8d6ee56adff124bb1cf8bfb7660a84e,1780391840773,1780391840799,1780391840812,1780391840846,26,13,34,73
200,1493,bottleneck_200_1493_1780391840768_676727,success,,4316c0e8411be4838bfd0671e1dcd28c5b6d3878bd830abea2877951ebd45416,1780391840768,1780391840800,1780391840811,1780391840846,32,11,35,78
200,1497,bottleneck_200_1497_1780391840787_756612,success,,e88f929882ddc400ff3ee4ea49db2f3106e642fefd82f61669d504147f47760f,1780391840787,1780391840805,1780391840812,1780391840846,18,7,34,59
200,1498,bottleneck_200_1498_1780391840792_408232,success,,88950b5c3547cbff358c02d9cfba4afac36b9274ce8c9e0dc3df4e4281e80769,1780391840792,1780391840806,1780391840814,1780391840846,14,8,32,54
200,1504,bottleneck_200_1504_1780391840822_591543,success,,fe3cca98e2571edda41cd22bdae3ca84e4e26d5d8cb420d91d55a41dd95f88bb,1780391840822,1780391840864,1780391840872,1780391840890,42,8,18,68
200,1502,bottleneck_200_1502_1780391840813_789149,success,,5d3d51ec0c275bb935bf4a3ffcf94f81379369f0abaa49d807bad0ca1b5a95bf,1780391840813,1780391840828,1780391840834,1780391840890,15,6,56,77
200,1503,bottleneck_200_1503_1780391840817_110008,success,,09ffba46a26af8d4e32eeb283ac8a26eaf56a2f745e6289ffa4bda0296498675,1780391840817,1780391840852,1780391840856,1780391840890,35,4,34,73
200,1508,bottleneck_200_1508_1780391840843_911974,success,,70b4cf204fdde7670de9131597a1a0369f0952c8a092717a62ec6e275f501f9b,1780391840843,1780391840860,1780391840866,1780391840890,17,6,24,47
200,1505,bottleneck_200_1505_1780391840827_620173,success,,40b6b00f7a5c5b1b988828d2287978ca492729e14aae00d181e8a18b61551508,1780391840827,1780391840859,1780391840865,1780391840890,32,6,25,63
200,1510,bottleneck_200_1510_1780391840853_675346,success,,abe6525bf89b5797dd0d5988a7aae8a45f00b2dfdd8dc99237f498a93f8d2e25,1780391840853,1780391840862,1780391840869,1780391840890,9,7,21,37
200,1507,bottleneck_200_1507_1780391840837_578230,success,,5f2edd300fae89830f0215253d7569e2b1d092055daf8b1c87141dccb818e285,1780391840837,1780391840861,1780391840868,1780391840890,24,7,22,53
200,1509,bottleneck_200_1509_1780391840847_352308,success,,70c8580b48b754b829df61c8f33d468f9c7d7159ee451ccad2f2bc3822fd4792,1780391840847,1780391840862,1780391840870,1780391840890,15,8,20,43
200,1500,bottleneck_200_1500_1780391840803_812850,success,,1e63a96e41c6a53973c17fa0d7231acaed25a050c971c7be229c345ddb3d806d,1780391840803,1780391840815,1780391840821,1780391840890,12,6,69,87
200,1501,bottleneck_200_1501_1780391840808_771801,success,,3c3e68f1c0a5dbdea0f45387cc4bbbccbdd0a013f0c2ec167e5486e1ba48510f,1780391840808,1780391840818,1780391840823,1780391840890,10,5,67,82
200,1519,bottleneck_200_1519_1780391840899_603994,success,,73e44cbea7581932d73de2f6b02b7c4f8d8175917715d8b42e18cb3e86f451d6,1780391840899,1780391840905,1780391840908,1780391840933,6,3,25,34
200,1506,bottleneck_200_1506_1780391840832_797143,success,,a8629f8bb5a158c91d9f4616f5bb1b96862d0d068554f33506975156292e91b0,1780391840832,1780391840863,1780391840873,1780391840933,31,10,60,101
200,1511,bottleneck_200_1511_1780391840857_9629,success,,cea37274288ea54674138d81f2a4d1a262a15ef5c9d1e5db5e20226d41d79c25,1780391840857,1780391840867,1780391840873,1780391840933,10,6,60,76
200,1512,bottleneck_200_1512_1780391840865_499818,success,,bafceb03fd7ab7e5295dbde9d1661e6eac1209939f8f51db577d1fcb13ccc7ab,1780391840865,1780391840875,1780391840878,1780391840933,10,3,55,68
200,1513,bottleneck_200_1513_1780391840870_511234,success,,106058408254e6d5826d26f769d056b4359ae4a8f13d22be08b0f3f158edbbf2,1780391840870,1780391840893,1780391840896,1780391840933,23,3,37,63
200,1514,bottleneck_200_1514_1780391840874_755397,success,,4c37bb9e663e308800a5046869fadb09732ec0bc8c3a09517ed17dc63b45226f,1780391840874,1780391840895,1780391840900,1780391840933,21,5,33,59
200,1515,bottleneck_200_1515_1780391840877_224672,success,,21a5b9fde20e04f47e3e90fd8f2ab7459c6ec2923d6ecfc29609dee354573ac6,1780391840877,1780391840897,1780391840901,1780391840933,20,4,32,56
200,1517,bottleneck_200_1517_1780391840888_344962,success,,9b6272c4c642cb6ae97e91dc4767353b921c8f3d9101f007d0d1245d777c936f,1780391840888,1780391840898,1780391840903,1780391840933,10,5,30,45
200,1516,bottleneck_200_1516_1780391840882_653350,success,,008ff9841ec8aad37961897a4535cf0026652be6e838306c393f7282634f0bad,1780391840882,1780391840898,1780391840904,1780391840933,16,6,29,51
200,1518,bottleneck_200_1518_1780391840894_942158,success,,67b560821bf85284a61d8d6b609bf6816a3c5f4b41031d5167167e7219efd1e9,1780391840894,1780391840902,1780391840906,1780391840933,8,4,27,39
200,1529,bottleneck_200_1529_1780391840948_455248,success,,2c7d275506a0b2b2f31d26459bbe82f0c9079e154314d23288e3a1520ba3fb60,1780391840948,1780391840953,1780391840956,1780391840976,5,3,20,28
200,1521,bottleneck_200_1521_1780391840907_106699,success,,a30bec19a11019a56eb5b3430d61848580712cbb99165b4b56af04f5f7d24645,1780391840907,1780391840918,1780391840922,1780391840977,11,4,55,70
200,1520,bottleneck_200_1520_1780391840902_924235,success,,887ef0667b66d5e96f0f27b1c930e483a17ded6b4ba9f9847111a2f000531dc0,1780391840902,1780391840909,1780391840911,1780391840977,7,2,66,75
200,1522,bottleneck_200_1522_1780391840912_9175,success,,8b44731c948dcfc944eb700e89bbdbe16435121276318cdf2d2e7f7dcc65adf5,1780391840912,1780391840931,1780391840933,1780391840977,19,2,44,65
200,1523,bottleneck_200_1523_1780391840917_414301,success,,74b6a303a0872a70636c11d0c3fa4be283e64fea33da4c0bf1d59666bc7db9a0,1780391840917,1780391840932,1780391840936,1780391840977,15,4,41,60
200,1527,bottleneck_200_1527_1780391840938_951233,success,,ce0eeee92faffd3413cb03c4aba00c5bd986e29025fd1e76c4a0029cafee0863,1780391840938,1780391840945,1780391840949,1780391840977,7,4,28,39
200,1528,bottleneck_200_1528_1780391840942_221366,success,,a8a27166b03bedfda695867e40c4df92b79dc6608dfe6656a43f4f24917ce495,1780391840942,1780391840947,1780391840949,1780391840977,5,2,28,35
200,1525,bottleneck_200_1525_1780391840927_349077,success,,c6c12c9396ee1b4c9e39f1d114f91bac55356ac4825c492be6f47a564e16e57c,1780391840927,1780391840937,1780391840941,1780391840977,10,4,36,50
200,1524,bottleneck_200_1524_1780391840923_277627,success,,86719c7083ae35fb165ecc9a16aefcf05fa4cf279feed94462e0fae80283e559,1780391840923,1780391840935,1780391840940,1780391840977,12,5,37,54
200,1526,bottleneck_200_1526_1780391840932_832679,success,,f76e549a02891b73d867f32cc61aae2ad9f94ddca50e70c45f69ad4aeafd402a,1780391840932,1780391840941,1780391840943,1780391840977,9,2,34,45
200,1539,bottleneck_200_1539_1780391840997_739437,success,,906eef7a399107462cc970c748ee0e37f70234f97575b2beff388db52347db12,1780391840997,1780391841002,1780391841004,1780391841029,5,2,25,32
200,1530,bottleneck_200_1530_1780391840952_104566,success,,ee9294acb3f748e77f2d8930fa73cd3ba392bf721ab6d856f72ec50441c2d2c6,1780391840952,1780391840960,1780391840965,1780391841029,8,5,64,77
200,1531,bottleneck_200_1531_1780391840957_778278,success,,484099e3768a7cca9b20f3e61263b58a2fd1febd2238da0cef2c66e39a78dd10,1780391840957,1780391840972,1780391840975,1780391841029,15,3,54,72
200,1532,bottleneck_200_1532_1780391840963_842670,success,,f10fdf7b4b3fe0754563c2a3ab145366e92b1bf412de731deb97062d843e41b3,1780391840963,1780391840973,1780391840977,1780391841029,10,4,52,66
200,1533,bottleneck_200_1533_1780391840967_485991,success,,d3fc7ca0a5a3204ce9fe28ba93d0ed6f5b43f4525caf62937c139e76c0bd068a,1780391840967,1780391840982,1780391840985,1780391841029,15,3,44,62
200,1534,bottleneck_200_1534_1780391840974_607378,success,,75572729637081ef2e9e61c43add866f6eb82d0bfe6e3034f822cd0e24fe4170,1780391840974,1780391840983,1780391840986,1780391841029,9,3,43,55
200,1535,bottleneck_200_1535_1780391840978_445542,success,,b0f8b96851bf707ed4c15602f2670bede6bb2a733cc1a73750c6b01cefc5467c,1780391840978,1780391840984,1780391840988,1780391841029,6,4,41,51
200,1536,bottleneck_200_1536_1780391840981_905829,success,,b2fddc19d932dbd9e8697fc6374904b8aeff2c94f8e5adcfa440413c365c7fd2,1780391840981,1780391840989,1780391840991,1780391841029,8,2,38,48
200,1537,bottleneck_200_1537_1780391840987_3712,success,,a2ad7ed6dfd051539e9f0ae05ab478cc24cf3803b589a37b21b7dce9ee70ee0e,1780391840987,1780391840994,1780391840996,1780391841029,7,2,33,42
200,1538,bottleneck_200_1538_1780391840992_294949,success,,d99e5d2325ed1c5654208d8239b258cfb77d8e3a4038dcc70c015256a5cf1d65,1780391840992,1780391840998,1780391841000,1780391841029,6,2,29,37
200,1549,bottleneck_200_1549_1780391841049_361925,success,,d158ec3924ec4ced933910d872a63c7c727946881d863db138cf3fb068168013,1780391841049,1780391841060,1780391841064,1780391841090,11,4,26,41
200,1542,bottleneck_200_1542_1780391841012_213860,success,,047200adf4915c69b24576657a0cfb4837162b3eee48c4a59aee12e6017064c9,1780391841012,1780391841021,1780391841024,1780391841090,9,3,66,78
200,1543,bottleneck_200_1543_1780391841017_787470,success,,6f27ecab4a84b4872c02f1dae146f496778d0c755f273bfd97243b4e4df060af,1780391841017,1780391841035,1780391841039,1780391841090,18,4,51,73
200,1545,bottleneck_200_1545_1780391841027_41047,success,,23d47addf62494aed470c738ffc956634b81c58f22f52d689ad66c4b213e9691,1780391841027,1780391841037,1780391841043,1780391841090,10,6,47,63
200,1544,bottleneck_200_1544_1780391841022_594079,success,,5acf64abd773d9bcd2d19c12bde3db44e9898149cfdaf9cba8751e96a71b2ebe,1780391841022,1780391841036,1780391841040,1780391841090,14,4,50,68
200,1547,bottleneck_200_1547_1780391841038_427367,success,,94165ed653cfe946c6ad9789fafd01c85627217da89e9b539f0e8368a12c7341,1780391841038,1780391841047,1780391841050,1780391841090,9,3,40,52
200,1546,bottleneck_200_1546_1780391841032_492000,success,,6c859b406678d4f06b7e7dd08915a1aa771239f35e26c225d333add1cd161f5a,1780391841032,1780391841044,1780391841048,1780391841090,12,4,42,58
200,1548,bottleneck_200_1548_1780391841042_66096,success,,624a7255f587197bb9f8bcdca6280ee1ca63123b704a3fe60e59529e4a2f2d37,1780391841042,1780391841051,1780391841055,1780391841090,9,4,35,48
200,1540,bottleneck_200_1540_1780391841003_351406,success,,6bc114b979505ab8f8956d6fc9a5c067f850bc48a35baa0817e8d04f68c90e9b,1780391841003,1780391841011,1780391841018,1780391841090,8,7,72,87
200,1541,bottleneck_200_1541_1780391841007_435579,success,,6c2059e53c6fb1b946a53d6bb6f85e4df5ff9757dbcebd5b096e6d276b050e1b,1780391841007,1780391841019,1780391841023,1780391841090,12,4,67,83
200,1559,bottleneck_200_1559_1780391841097_483040,success,,0dc0ee6b0b03ce6737a0fe1162e80a1d46f15b5f4030105d4c8e47d137c75d3d,1780391841097,1780391841124,1780391841129,1780391841188,27,5,59,91
200,1550,bottleneck_200_1550_1780391841052_926766,success,,ef04cd975d8a06abcf820986c906a82c6587be04fc998383fe4e1cc53abf4ffe,1780391841052,1780391841060,1780391841065,1780391841189,8,5,124,137
200,1551,bottleneck_200_1551_1780391841057_119949,success,,ea3de7664338b0f9c32956b1677635854115a3a1df2a007bd332eb7d9504fe56,1780391841057,1780391841065,1780391841068,1780391841189,8,3,121,132
200,1552,bottleneck_200_1552_1780391841062_151856,success,,fddc7391b2c5b841876103aa654cf08ffac618954858120f4372a9fa5810be4d,1780391841062,1780391841070,1780391841079,1780391841189,8,9,110,127
200,1553,bottleneck_200_1553_1780391841067_435647,success,,6aa7fe1f3e4e6ed9d70f21bc75ce0945ca9905dc44e54a60e736a21592e7433b,1780391841067,1780391841090,1780391841093,1780391841193,23,3,100,126
200,1554,bottleneck_200_1554_1780391841072_41411,success,,bd50aab06ea2123dde196c259cb6c6ea9a02a08f1fc5fb33190ff6576e01e7e8,1780391841072,1780391841091,1780391841094,1780391841193,19,3,99,121
200,1555,bottleneck_200_1555_1780391841077_617060,success,,1cb61e1d5612f926e201d24b149e5ac413573c22630d831ac1ff89d547a22e0b,1780391841077,1780391841104,1780391841120,1780391841194,27,16,74,117
200,1556,bottleneck_200_1556_1780391841082_59149,success,,eb7de1fa90b7ad1910553c7245801496e6011d9cb04201c006c1395ab9bef801,1780391841082,1780391841107,1780391841128,1780391841194,25,21,66,112
200,1558,bottleneck_200_1558_1780391841092_411063,success,,178d15a0d9278080bd856442d2048b3b953009457334ff647333893543bb1541,1780391841092,1780391841123,1780391841130,1780391841194,31,7,64,102
200,1557,bottleneck_200_1557_1780391841087_360877,success,,11787ae95a0a6972dadcfb663d5c01b7c141131dfb8f3edf95e6f46b35148af3,1780391841087,1780391841122,1780391841131,1780391841194,35,9,63,107
200,1569,bottleneck_200_1569_1780391841147_711703,success,,44b97c5d6d4a8ff25ddd7a08b88ca0f03a0d4d1616e0ea72ed33d2286f046a12,1780391841147,1780391841164,1780391841170,1780391841210,17,6,40,63
200,1566,bottleneck_200_1566_1780391841132_362567,success,,d2d7ff837975d4f03fe9ca358a14247b23e91cb784790ec3f1e175ad206d2612,1780391841132,1780391841145,1780391841149,1780391841210,13,4,61,78
200,1560,bottleneck_200_1560_1780391841102_72651,success,,b7e0bca2c9ec89996c0160777d0ceee55633c0fff0072bccb8ee7165c04026b4,1780391841102,1780391841125,1780391841134,1780391841211,23,9,77,109
200,1561,bottleneck_200_1561_1780391841108_634628,success,,a99d01c185f678324021777db6a9d6190f50474494d4f1029dd8776fe8211f3a,1780391841108,1780391841146,1780391841151,1780391841211,38,5,60,103
200,1563,bottleneck_200_1563_1780391841117_630118,success,,047cec48d139eff2f0cbf341d90c1d4cb0ae194b72aae05717cf4baf8435bd90,1780391841117,1780391841140,1780391841149,1780391841211,23,9,62,94
200,1564,bottleneck_200_1564_1780391841126_405407,success,,329ebaf6e2f13b4dcbc78c491490d424b6c79bd5f04df2069b31475415f7926d,1780391841126,1780391841146,1780391841152,1780391841211,20,6,59,85
200,1562,bottleneck_200_1562_1780391841112_654868,success,,e4baf5a6c1874cd49510f1ee49b4cf14be6dfd433e87ae36a7ac666515c4fd74,1780391841112,1780391841142,1780391841148,1780391841211,30,6,63,99
200,1568,bottleneck_200_1568_1780391841143_631757,success,,30500775c9acb049902e4ec984cb8e02b4fea4c60b89e10840fe51daacf05d0a,1780391841143,1780391841153,1780391841165,1780391841211,10,12,46,68
200,1565,bottleneck_200_1565_1780391841127_866809,success,,e4c45b17ee6d51db99f9654047d8cb25c2b54d80adca8c2f91b3944d12d5a980,1780391841127,1780391841144,1780391841150,1780391841211,17,6,61,84
200,1567,bottleneck_200_1567_1780391841137_644910,success,,2486e212be8a0d558d1e00ec2874983f905b0209ab430566eadcb08cf0095c73,1780391841137,1780391841156,1780391841165,1780391841211,19,9,46,74
200,1580,bottleneck_200_1580_1780391841203_506373,success,,076dca632b055dcc4fd4aa422956e6df186d45931adcbec16a7a5f5b3f708e9f,1780391841203,1780391841228,1780391841236,1780391841263,25,8,27,60
200,1570,bottleneck_200_1570_1780391841155_215657,success,,04e1b494408857f0e8a4201b26950bb489da510d54268c0af31f51b12e574644,1780391841155,1780391841198,1780391841206,1780391841263,43,8,57,108
200,1572,bottleneck_200_1572_1780391841163_87560,success,,63745234c3f8cbcfe238f3a50a84837de63e6a00658cb191c4dbd026e91dbbc6,1780391841163,1780391841200,1780391841207,1780391841263,37,7,56,100
200,1571,bottleneck_200_1571_1780391841157_866115,success,,57e3b6d94c673a85eb84f1ef4b55b9e559af9cbe6be34dad7364f739e0741648,1780391841157,1780391841201,1780391841209,1780391841263,44,8,54,106
200,1573,bottleneck_200_1573_1780391841167_677210,success,,6ade2dcf5cbd3d0ac856f5ed97ea91136cea0d895a5254aef1027185354e8dac,1780391841167,1780391841199,1780391841210,1780391841263,32,11,53,96
200,1576,bottleneck_200_1576_1780391841182_469269,success,,c82586f44780c235e65bb632212c7e6b34d7a55717da7416e173b2b37bf0ad75,1780391841182,1780391841219,1780391841224,1780391841263,37,5,39,81
200,1575,bottleneck_200_1575_1780391841177_576197,success,,1948eff2e7e135cab949d231c42670aaadd6bb723281bcc3749abf68a2f48575,1780391841177,1780391841220,1780391841225,1780391841263,43,5,38,86
200,1577,bottleneck_200_1577_1780391841186_482001,success,,a430dba096e60568b1cfcc1b79e350c85bd717a4fd50599e4a4d9b59b0ccb92b,1780391841186,1780391841222,1780391841229,1780391841263,36,7,34,77
200,1574,bottleneck_200_1574_1780391841172_79084,success,,40ebb5be481df2bf3527a18134bd20a130b832d792e0f3426ffd2b5af83581ce,1780391841172,1780391841223,1780391841232,1780391841263,51,9,31,91
200,1578,bottleneck_200_1578_1780391841191_434685,success,,472e6c02cf8c14bddf00957e7f2849d5213e296f5d6886aa31651bf76fb58ecd,1780391841191,1780391841220,1780391841231,1780391841263,29,11,32,72
200,1593,bottleneck_200_1593_1780391841267_997669,success,,2b263f5bcf59d1a7ca3b7f7727a940ba1f44f6cb78912673b902ef1409f0c8b3,1780391841267,1780391841278,1780391841287,1780391841353,11,9,66,86
200,1579,bottleneck_200_1579_1780391841197_295519,success,,2f38fc0fb2e949e3eb0dbc1655b69b6354809c909b81798c19d84e867ec25174,1780391841197,1780391841229,1780391841237,1780391841353,32,8,116,156
200,1582,bottleneck_200_1582_1780391841212_540369,success,,a777a08be3a2b6cda9610703ae250ef46d9a9f2b7442ab596e112acce023ec7d,1780391841212,1780391841230,1780391841241,1780391841353,18,11,112,141
200,1581,bottleneck_200_1581_1780391841207_153261,success,,79b5da63a3864cfe74f8f056115dac66912638dfaf359a5be10b3b81c3a483b9,1780391841207,1780391841233,1780391841240,1780391841353,26,7,113,146
200,1583,bottleneck_200_1583_1780391841217_440404,success,,547de2d357e714be8c3c12ac33b8b692af84ea3e62abf472d921a35afb6c7041,1780391841217,1780391841235,1780391841242,1780391841353,18,7,111,136
200,1585,bottleneck_200_1585_1780391841227_396778,success,,0b137ef736a98cb9660161792e893564a092bce569377c5f88a11501701e1865,1780391841227,1780391841260,1780391841266,1780391841353,33,6,87,126
200,1584,bottleneck_200_1584_1780391841223_181755,success,,d5b976dadf1e8d652ceb004b0993f35de3040cc92a28d74eee4e574bee2a22ec,1780391841223,1780391841262,1780391841267,1780391841353,39,5,86,130
200,1586,bottleneck_200_1586_1780391841234_943956,success,,44e6117b75591f5c6ebbb70cb07a8f85efcf96ca07b3bbd2e3526bb9c18d1a84,1780391841234,1780391841264,1780391841269,1780391841353,30,5,84,119
200,1587,bottleneck_200_1587_1780391841238_240001,success,,d600bd2765b95347ad0021bc77ed1d8fe40f5bf9a4df9e7c947d0da3f1e3ffa6,1780391841238,1780391841263,1780391841269,1780391841353,25,6,84,115
200,1590,bottleneck_200_1590_1780391841253_183077,success,,bd7b36ca75af2152172064de47b362e28e47b184f4b3255e893f083d3873b14e,1780391841253,1780391841279,1780391841286,1780391841353,26,7,67,100
200,1599,bottleneck_200_1599_1780391841297_280117,success,,859383c8cae21c52ba96115863aa39d9b52b53319adf687a4c6e79568e3237fc,1780391841297,1780391841335,1780391841339,1780391841367,38,4,28,70
200,1588,bottleneck_200_1588_1780391841242_714605,success,,8146653b76a87f473af1d83df679e8dff328d16ead4cf195e3f3a1ebcc5a7bad,1780391841242,1780391841282,1780391841290,1780391841368,40,8,78,126
200,1592,bottleneck_200_1592_1780391841265_665309,success,,345e8be55d939688a4ff9dcd4c44659f1cef57d8823d4e1b730b399eca048426,1780391841265,1780391841280,1780391841291,1780391841368,15,11,77,103
200,1591,bottleneck_200_1591_1780391841257_721734,success,,9253bc96b8989116849eba63944da3acb99967b7fad7d70afdd694a11fb502f4,1780391841257,1780391841283,1780391841296,1780391841368,26,13,72,111
200,1589,bottleneck_200_1589_1780391841247_155152,success,,03f2ab6f32376cacc3148f7b8cd6d38363ad0896bcfcf4c4b21f47095047826f,1780391841247,1780391841284,1780391841295,1780391841368,37,11,73,121
200,1594,bottleneck_200_1594_1780391841272_528074,success,,0405dcc2a867d216b0132878c61cac29db0ba5a4784f0356f969395c3ce05e58,1780391841272,1780391841285,1780391841294,1780391841368,13,9,74,96
200,1595,bottleneck_200_1595_1780391841277_315156,success,,821f76c8d3d1c48bafce960a0706ec9dff2ff202a7b383959b4ee932d367f664,1780391841277,1780391841289,1780391841301,1780391841368,12,12,67,91
200,1596,bottleneck_200_1596_1780391841282_149850,success,,fb18256e836658b416a3d8f71f278258590547c81ac93c046a5b29b93a5e6b1b,1780391841282,1780391841299,1780391841308,1780391841368,17,9,60,86
200,1597,bottleneck_200_1597_1780391841288_539171,success,,48b5588d73972ce4ca859754af12cce09b9b77f90cae8cc87b28b51dd46e2987,1780391841288,1780391841310,1780391841323,1780391841368,22,13,45,80
200,1598,bottleneck_200_1598_1780391841292_755159,success,,9c22fe7c474d3d9d693ea20ee41bd668f000138e754352f3339863382020caad,1780391841292,1780391841317,1780391841328,1780391841368,25,11,40,76
